,id,name,totalYAOI,YAOIperGame,MOperGame,totalMO
79848,79848,Malcolm Jenkins,1137.3700000000001,71.08562500000001,0.6875,11
2495613,2495613,Corey Graham,515.95,39.68846153846154,0.46153846153846156,6
2534832,2534832,Rodney McLeod,170.39,56.79666666666666,0.0,0
2552315,2552315,Jordan Hicks,826.93,68.91083333333333,0.25,3
2552689,2552689,Ronald Darby,597.0899999999999,66.34333333333332,0.7777777777777778,7
2558175,2558175,Nate Gerry,117.61,14.70125,0.0,0
2555383,2555383,Jalen Mills,488.37000000000006,61.04625000000001,0.75,6
2557958,2557958,Sidney Jones,384.48,42.72,0.3333333333333333,3
2539334,2539334,Desmond Trufant,855.63,53.476875,0.75,12
2543850,2543850,Ricardo Allen,174.43,58.14333333333334,0.3333333333333333,1
2552301,2552301,Vic Beasley,550.1099999999999,34.381874999999994,0.0625,1
2555162,2555162,Deion Jones,264.96000000000004,44.160000000000004,0.3333333333333333,2
2555255,2555255,De'Vondre Campbell,850.5999999999999,53.162499999999994,0.25,4
2555543,2555543,Keanu Neal,6.56,6.56,1.0,1
2556445,2556445,Brian Poole,718.72,44.92,0.375,6
2539653,2539653,Robert Alford,580.9899999999999,38.73266666666666,0.8666666666666667,13
2557967,2557967,Duke Riley,403.03,31.00230769230769,0.38461538461538464,5
2558184,2558184,Damontae Kazee,589.9,36.86875,0.1875,3
2556363,2556363,Kamu Grugier-Hill,299.24,18.7025,0.1875,3
2559109,2559109,Deante Burton,75.55,37.775,0.5,1
2506268,2506268,Lorenzo Alexander,393.92,26.261333333333333,0.0,0
2539240,2539240,Micah Hyde,468.17,33.440714285714286,0.5,7
2539290,2539290,Jordan Poyer,585.41,36.588125,0.375,6
2543851,2543851,Phillip Gaines,156.51999999999998,19.564999999999998,0.0,0
2557867,2557867,Tre'Davious White,576.35,36.021875,0.375,6
2557969,2557969,Matt Milano,507.02,39.00153846153846,0.15384615384615385,2
2560713,2560713,Tremaine Edmunds,676.0899999999999,45.07266666666666,0.13333333333333333,2
2560766,2560766,Taron Johnson,275.39,25.035454545454545,0.2727272727272727,3
4365,4365,Brandon Carr,604.1999999999999,37.762499999999996,0.75,12
2495775,2495775,Eric Weddle,506.2099999999999,33.74733333333333,0.3333333333333333,5
2505660,2505660,Terrell Suggs,498.36000000000007,31.147500000000004,0.1875,3
2540164,2540164,Tony Jefferson,606.1800000000001,43.298571428571435,0.7142857142857143,10
2543464,2543464,C.J. Mosley,682.8399999999999,52.52615384615384,0.6153846153846154,8
2552279,2552279,Za'Darius Smith,583.23,36.451875,0.0625,1
2555378,2555378,Tavon Young,387.78000000000003,27.69857142857143,0.6428571428571429,9
2556642,2556642,Patrick Onwuasor,180.54999999999998,12.036666666666665,0.06666666666666667,1
2558067,2558067,Marlon Humphrey,458.15,35.24230769230769,0.46153846153846156,6
2555505,2555505,Matt Judon,404.53,25.283125,0.0625,1
2558990,2558990,Patrick Ricard,14.09,2.818,0.0,0
2507817,2507817,Rafael Bush,368.48,28.344615384615388,0.38461538461538464,5
2557841,2557841,Tim Williams,56.76,8.108571428571429,0.0,0
2558248,2558248,Chuck Clark,57.32000000000001,5.732000000000001,0.0,0
2560947,2560947,Kenny Young,274.43999999999994,17.152499999999996,0.125,2
2558166,2558166,Tyus Bowser,110.36999999999998,9.197499999999998,0.0,0
2508004,2508004,Anthony Levine,286.82,17.92625,0.1875,3
2560963,2560963,Anthony Averett,49.46,12.365,0.0,0
2561301,2561301,Chris Board,6.29,6.29,0.0,0
2555178,2555178,Maurice Canady,3.56,3.56,0.0,0
2543637,2543637,Terrance Mitchell,443.83,55.47875,0.5,4
2543720,2543720,Christian Kirksey,489.46999999999997,69.92428571428572,0.5714285714285714,4
2552389,2552389,Damarious Randall,701.6199999999998,46.774666666666654,0.4,6
2555166,2555166,Joe Schobert,782.6999999999998,60.20769230769229,0.23076923076923078,3
2556475,2556475,Briean Boddy-Calhoun,522.63,40.20230769230769,0.5384615384615384,7
2557980,2557980,Jabrill Peppers,499.3500000000001,31.209375000000005,0.125,2
2560916,2560916,Denzel Ward,637.0400000000001,49.00307692307693,0.6153846153846154,8
496733,496733,Joe Haden,691.68,46.111999999999995,0.6666666666666666,10
2540221,2540221,Vince Williams,509.6,36.4,0.21428571428571427,3
2552289,2552289,Bud Dupree,508.60999999999996,31.788124999999997,0.1875,3
2555344,2555344,Artie Burns,217.45,27.18125,0.375,3
2555386,2555386,Sean Davis,518.22,34.548,0.4,6
2558064,2558064,T.J. Watt,642.01,40.125625,0.1875,3
2560712,2560712,Terrell Edmunds,544.87,34.054375,0.375,6
2539311,2539311,Jamie Collins,930.2,58.1375,0.75,12
2555540,2555540,Derrick Kindred,466.6399999999999,29.164999999999992,0.0625,1
2560964,2560964,Genard Avery,624.58,39.03625,0.0,0
496727,496727,Morgan Burnett,338.5400000000001,30.776363636363644,0.18181818181818182,2
2539978,2539978,Jon Bostic,427.74999999999994,28.516666666666662,0.4666666666666667,7
2556559,2556559,Mike Hilton,416.93,27.795333333333335,0.5333333333333333,8
2558849,2558849,Cameron Sutton,187.92000000000002,18.792,0.5,5
2552266,2552266,Anthony Chickillo,142.02,8.87625,0.0,0
2552386,2552386,Clayton Geathers,549.65,45.80416666666667,0.3333333333333333,4
2557961,2557961,Quincy Wilson,401.63,30.894615384615385,0.07692307692307693,1
2558060,2558060,Malik Hooker,557.6999999999999,39.83571428571428,0.21428571428571427,3
2558108,2558108,Nate Hairston,267.22,29.691111111111113,0.4444444444444444,4
2558976,2558976,Kenny Moore,750.0100000000001,50.000666666666675,0.6,9
2560789,2560789,Darius Leonard,758.52,50.568,0.13333333333333333,2
2560816,2560816,Skai Moore,104.47,20.894,0.0,0
2561155,2561155,Zaire Franklin,164.1,16.41,0.0,0
2539233,2539233,Shawn Williams,931.5399999999997,58.22124999999998,0.75,12
2543474,2543474,Darqueze Dennard,708.28,54.48307692307692,1.0769230769230769,14
2543814,2543814,Preston Brown,387.5,55.357142857142854,0.14285714285714285,1
2555528,2555528,Nick Vigil,699.0500000000001,63.550000000000004,0.2727272727272727,3
2556367,2556367,William Jackson,866.8,54.175,0.75,12
2560970,2560970,Jessie Bates,945.0899999999999,59.068124999999995,0.0625,1
2533060,2533060,Dre Kirkpatrick,864.3799999999999,66.49076923076922,1.3076923076923077,17
2555355,2555355,Clayton Fejedelem,200.04,20.003999999999998,0.3,3
2558801,2558801,Jordan Evans,393.84,28.131428571428568,0.2857142857142857,4
2533016,2533016,Najee Goode,85.2,14.200000000000001,0.3333333333333333,2
2556429,2556429,Matthias Farley,66.53999999999999,13.307999999999998,0.0,0
2558851,2558851,Anthony Walker,551.91,36.794,0.2,3
2558982,2558982,Hardy Nickerson,505.82,36.13,0.07142857142857142,1
496739,496739,Reshad Jones,616.4399999999999,47.418461538461536,0.6153846153846154,8
2539309,2539309,T.J. McDonald,981.6199999999998,70.11571428571428,0.5714285714285714,8
2539935,2539935,Kiko Alonso,1187.59,79.17266666666666,0.4666666666666667,7
2552434,2552434,Bobby McCain,807.28,57.66285714285714,0.6428571428571429,9
2555539,2555539,Xavien Howard,846.9100000000001,70.57583333333334,0.9166666666666666,11
2558070,2558070,Raekwon McMillan,831.81,51.988125,0.375,6
2560966,2560966,Jerome Baker,688.7800000000002,43.04875000000001,0.25,4
2560725,2560725,Minkah Fitzpatrick,845.69,52.855625,0.5,8
2354,2354,Wesley Woodyard,643.06,45.93285714285714,0.6428571428571429,9
71423,71423,Brian Orakpo,334.7700000000001,25.75153846153847,0.0,0
2539320,2539320,Kenny Vaccaro,441.33000000000004,33.948461538461544,0.46153846153846156,6
2540013,2540013,Will Compton,57.339999999999996,11.468,0.0,0
2540162,2540162,Logan Ryan,576.69,41.19214285714286,0.5714285714285714,8
2550613,2550613,Malcolm Butler,410.79,25.674375,0.4375,7
2555158,2555158,Kevin Byard,611.83,38.239375,0.4375,7
496828,496828,Derrick Morgan,327.64,25.20307692307692,0.0,0
2555339,2555339,Kamalei Correa,299.53999999999996,23.041538461538458,0.0,0
2558005,2558005,Jayon Brown,433.99999999999994,27.124999999999996,0.125,2
2558065,2558065,Adoree' Jackson,504.81000000000006,31.550625000000004,0.4375,7
2561328,2561328,Sharif Finch,75.31,5.3792857142857144,0.0,0
2555320,2555320,Aaron Wallace,3.29,3.29,0.0,0
2541539,2541539,Daren Bates,34.13,8.5325,0.0,0
2555551,2555551,LeShaun Sims,164.71,16.471,0.1,1
2559043,2559043,Chase Allen,0.49,0.245,0.0,0
2559053,2559053,Torry McTyer,348.68999999999994,29.057499999999994,0.25,3
496735,496735,Kareem Jackson,791.34,49.45875,0.75,12
2495872,2495872,Johnathan Joseph,521.97,37.28357142857143,0.5,7
2533049,2533049,Whitney Mercilus,752.9699999999999,47.060624999999995,0.125,2
2540180,2540180,Tyrann Mathieu,865.4100000000002,54.08812500000001,0.5,8
2543501,2543501,Aaron Colvin,409.35,51.16875,0.125,1
2552261,2552261,Kevin Johnson,42.27,42.27,0.0,0
2560851,2560851,Justin Reid,614.58,38.41125,0.3125,5
71251,71251,Patrick Chung,740.64,49.376,0.7333333333333333,11
494287,494287,Devin McCourty,732.6300000000001,45.78937500000001,0.8125,13
2533057,2533057,Dont'a Hightower,664.9,44.32666666666667,0.2,3
2533062,2533062,Stephon Gilmore,726.2700000000001,45.391875000000006,0.5,8
2541243,2541243,Duron Harmon,380.49999999999994,23.781249999999996,0.4375,7
2543699,2543699,Kyle Van Noy,740.35,46.271875,0.125,2
2561143,2561143,Ja'Whaun Bentley,48.58,16.19333333333333,0.0,0
2552490,2552490,Benardrick McKinney,742.8999999999999,46.43124999999999,0.4375,7
2558094,2558094,Zach Cunningham,729.3299999999999,52.09499999999999,0.7142857142857143,10
2559152,2559152,Dylan Cole,148.11,21.15857142857143,0.0,0
2552255,2552255,Eric Rowe,63.39,15.8475,0.25,1
2556119,2556119,Elandon Roberts,311.81000000000006,19.488125000000004,0.125,2
2556571,2556571,Jonathan Jones,583.8700000000001,38.924666666666674,0.4,6
89756,89756,Jason McCourty,802.61,50.163125,0.8125,13
2495272,2495272,Chris Conte,113.08,37.693333333333335,0.3333333333333333,1
2532828,2532828,Lavonte David,829.8600000000001,59.275714285714294,0.42857142857142855,6
2552592,2552592,Kwon Alexander,448.59999999999997,74.76666666666667,0.3333333333333333,2
2555299,2555299,Vernon Hargreaves,76.97,76.97,1.0,1
2555552,2555552,Ryan Smith,289.73,26.33909090909091,0.6363636363636364,7
2557945,2557945,Justin Evans,494.7099999999999,49.47099999999999,0.4,4
2550565,2550565,Adarius Taylor,506.56,33.77066666666666,0.06666666666666667,1
2561039,2561039,Carlton Davis,580.5699999999999,44.65923076923077,1.0,13
2508084,2508084,Patrick Robinson,145.75,48.583333333333336,0.6666666666666666,2
2533008,2533008,Demario Davis,919.2500000000001,57.45312500000001,0.75,12
2555530,2555530,Vonn Bell,773.0699999999998,48.31687499999999,0.6875,11
2558061,2558061,Marshon Lattimore,794.79,49.674375,0.8125,13
2558163,2558163,Alex Anzalone,670.76,41.9225,0.125,2
2558847,2558847,Marcus Williams,622.9100000000001,38.931875000000005,0.0625,1
2556735,2556735,Ken Crawley,337.33000000000004,37.48111111111112,0.6666666666666666,6
494261,494261,Kurt Coleman,353.99,23.599333333333334,0.3333333333333333,5
2560884,2560884,M.J. Stewart,332.49,47.49857142857143,0.42857142857142855,3
2539277,2539277,Manti Te'o,103.78,20.756,0.2,1
2539982,2539982,A.J. Klein,613.22,38.32625,0.1875,3
71197,71197,Connor Barwin,254.97,18.212142857142858,0.0,0
2539338,2539338,B.W. Webb,794.9799999999999,49.686249999999994,0.6875,11
2540143,2540143,Alec Ogletree,782.07,60.159230769230774,0.6923076923076923,9
2541792,2541792,Ray-Ray Armstrong,234.65,33.52142857142857,0.42857142857142855,3
2543738,2543738,Kareem Martin,414.47,25.904375,0.0625,1
2552454,2552454,Landon Collins,561.9499999999999,46.82916666666666,0.4166666666666667,5
2553822,2553822,Curtis Riley,627.66,39.22875,0.375,6
2555277,2555277,Eli Apple,735.1499999999999,49.00999999999999,0.8666666666666667,13
2532875,2532875,Janoris Jenkins,727.78,45.48625,1.0,16
2561015,2561015,Lorenzo Carter,293.52,19.567999999999998,0.0,0
494259,494259,Barry Church,547.42,49.76545454545454,0.45454545454545453,5
2532848,2532848,Tashaun Gipson,754.2399999999999,47.13999999999999,0.3125,5
2541162,2541162,A.J. Bouye,543.7299999999999,41.82538461538461,0.5384615384615384,7
2543711,2543711,Telvin Smith,671.6700000000001,41.979375000000005,0.3125,5
2555280,2555280,Jalen Ramsey,716.41,44.775625,0.6875,11
2555329,2555329,Myles Jack,726.6599999999999,45.41624999999999,0.1875,3
2535687,2535687,Michael Thomas,334.83000000000004,20.926875000000003,0.3125,5
2561008,2561008,Ronnie Harrison,135.73000000000002,12.339090909090912,0.09090909090909091,1
2539237,2539237,D.J. Hayden,370.78000000000003,37.078,0.4,4
2555522,2555522,B.J. Goodson,271.83,18.122,0.13333333333333333,2
2539662,2539662,Lerentee McCray,54.629999999999995,7.804285714285713,0.0,0
2495504,2495504,Patrick Peterson,734.25,45.890625,0.5625,9
2495807,2495807,Antoine Bethea,840.0500000000001,52.503125000000004,0.5,8
2530491,2530491,Josh Bynes,632.2400000000001,57.47636363636365,0.2727272727272727,3
2539932,2539932,Jamar Taylor,244.92000000000004,24.492000000000004,0.5,5
2543769,2543769,Deone Bucannon,221.79,22.179,0.0,0
2543830,2543830,Tre Boston,604.55,43.18214285714286,0.14285714285714285,2
2557887,2557887,Haason Reddick,593.24,37.0775,0.3125,5
2558009,2558009,Budda Baker,736.18,52.58428571428571,0.7142857142857143,10
2495201,2495201,Pernell McPhee,201.93,15.533076923076923,0.0,0
2495281,2495281,Mason Foster,1359.35,84.959375,0.25,4
2532920,2532920,Josh Norman,931.16,58.1975,0.6875,11
2539943,2539943,D.J. Swearinger,912.0600000000002,60.80400000000001,0.5333333333333333,8
2553796,2553796,Quinton Dunbar,347.14,49.59142857142857,0.7142857142857143,5
2557853,2557853,Ryan Anderson,150.81,12.5675,0.0,0
2558133,2558133,Montae Nicholson,380.99,38.099000000000004,0.3,3
2558136,2558136,Fabian Moreau,897.0,56.0625,0.5,8
2495190,2495190,Ryan Kerrigan,876.5799999999999,54.786249999999995,0.1875,3
2552276,2552276,Preston Smith,793.12,49.57,0.0,0
2557880,2557880,Josh Harvey-Clemons,213.72999999999996,16.440769230769227,0.15384615384615385,2
2532804,2532804,Zach Brown,833.5099999999999,52.09437499999999,0.1875,3
2553687,2553687,Zach Vigil,13.17,6.585,0.0,0
2560886,2560886,Greg Stroman,406.2300000000001,36.93000000000001,0.09090909090909091,1
496937,496937,Sean Lee,177.47,25.352857142857143,0.2857142857142857,2
2541832,2541832,Jeff Heath,791.6599999999999,49.47874999999999,0.5,8
2552568,2552568,Byron Jones,696.58,43.53625,0.75,12
2552686,2552686,Damien Wilson,116.28,7.2675,0.0,0
2555310,2555310,Jaylon Smith,840.69,52.543125,0.3125,5
2555536,2555536,Kavon Frazier,176.26999999999998,29.37833333333333,0.16666666666666666,1
2557840,2557840,Chidobe Awuzie,803.01,53.534,0.4666666666666667,7
80668,80668,Captain Munnerlyn,657.19,41.074375,0.625,10
2505708,2505708,Mike Adams,766.4099999999999,47.90062499999999,0.375,6
2533056,2533056,Luke Kuechly,896.15,56.009375,0.4375,7
2552447,2552447,Shaq Thompson,420.49,30.035,0.21428571428571427,3
2555175,2555175,James Bradberry,720.75,48.05,0.4666666666666667,7
2560753,2560753,Donte Jackson,466.53999999999996,31.102666666666664,0.4,6
2495339,2495339,Da'Norris Searcy,36.28,18.14,0.0,0
2555531,2555531,Anthony Brown,666.22,44.41466666666667,0.5333333333333333,8
2560908,2560908,Leighton Vander Esch,655.4,40.9625,0.1875,3
2553441,2553441,David Mayo,31.66,7.915,0.0,0
2553815,2553815,Justin March-Lillard,0.0,0.0,0.0,0
2499257,2499257,Colin Jones,63.3,10.549999999999999,0.3333333333333333,2
80431,80431,Clay Matthews,607.51,37.969375,0.125,2
2506789,2506789,Tramon Williams,886.52,55.4075,0.625,10
2533048,2533048,Nick Perry,301.88,33.54222222222222,0.1111111111111111,1
2543470,2543470,Ha Ha Clinton-Dix,1008.7399999999998,63.046249999999986,0.3125,5
2555161,2555161,Blake Martinez,943.9300000000001,58.995625000000004,0.4375,7
2556480,2556480,Kentrell Brice,517.93,36.995,0.42857142857142855,6
2557996,2557996,Kevin King,222.66,37.11,0.5,3
2560755,2560755,Josh Jackson,594.94,37.18375,0.4375,7
2560952,2560952,Jaire Alexander,535.96,41.22769230769231,0.5384615384615384,7
2555160,2555160,Antonio Morrison,210.06999999999996,13.129374999999998,0.1875,3
2556537,2556537,Reggie Gilbert,312.15,19.509375,0.0625,1
2495108,2495108,Prince Amukamara,518.0600000000001,34.537333333333336,0.7333333333333333,11
2532961,2532961,Danny Trevathan,984.8199999999999,61.551249999999996,0.375,6
2543681,2543681,Kyle Fuller,850.81,53.175625,0.8125,13
2552385,2552385,Adrian Amos,835.3200000000002,52.20750000000001,0.3125,5
2555285,2555285,Leonard Floyd,670.2800000000001,41.892500000000005,0.0625,1
2555288,2555288,Nick Kwiatkoski,73.00999999999999,10.429999999999998,0.0,0
2558176,2558176,Eddie Jackson,699.3,49.949999999999996,0.35714285714285715,5
2552697,2552697,Jermaine Whitehead,207.76,25.97,0.25,2
2541202,2541202,Marcus Cooper,80.51,20.1275,0.5,2
2553500,2553500,Bryce Callahan,624.34,48.026153846153846,0.23076923076923078,3
2555340,2555340,Kyler Fackrell,389.82,24.36375,0.0625,1
2495101,2495101,Sam Acho,7.56,3.78,0.0,0
2560877,2560877,Roquan Smith,709.2600000000001,44.32875000000001,0.1875,3
71441,71441,Glover Quin,656.39,41.024375,0.5,8
2534830,2534830,Tavon Wilson,308.33000000000004,25.69416666666667,0.3333333333333333,4
2540288,2540288,Darius Slay,667.6299999999999,44.508666666666656,0.8,12
2543869,2543869,Devon Kennard,696.89,46.45933333333333,0.13333333333333333,2
2552262,2552262,Quandre Diggs,629.0999999999999,39.318749999999994,0.4375,7
2557855,2557855,Jarrad Davis,788.99,49.311875,0.3125,5
2557924,2557924,Jalen Reeves-Maybin,49.24,7.034285714285715,0.0,0
2558821,2558821,Jamal Agnew,67.50999999999999,13.501999999999999,0.6,3
2543872,2543872,Nevin Lawson,718.7299999999998,47.91533333333332,0.4666666666666667,7
2550572,2550572,Christian Jones,472.7699999999999,29.548124999999995,0.1875,3
2557955,2557955,Teez Tabor,104.52,10.452,0.3,3
2495343,2495343,Buster Skrine,644.45,46.03214285714286,0.6428571428571429,9
2532877,2532877,Trumaine Johnson,541.65,54.165,0.8,8
2533059,2533059,Morris Claiborne,718.35,47.89,1.0,15
2543597,2543597,Avery Williamson,1015.7,63.48125,0.25,4
2555256,2555256,Jordan Jenkins,573.66,35.85375,0.0,0
2555322,2555322,Darron Lee,660.3100000000001,55.02583333333334,0.25,3
2557979,2557979,Jamal Adams,861.5,53.84375,0.375,6
2556617,2556617,Doug Middleton,120.17000000000002,30.042500000000004,0.0,0
2553353,2553353,Darryl Roberts,556.3399999999999,39.738571428571426,0.7142857142857143,10
2561366,2561366,Frankie Luvu,257.27,19.79,0.0,0
2540219,2540219,J.J. Wilcox,42.37,7.0616666666666665,0.0,0
2552486,2552486,Leonard Williams,1.47,1.47,0.0,0
2552494,2552494,Eli Harold,33.65,3.059090909090909,0.0,0
2560822,2560822,Parry Nickerson,153.99,21.99857142857143,0.14285714285714285,1
2553657,2553657,Neville Hewitt,257.76,32.22,0.25,2
2549896,2549896,Marquis Flowers,1.69,1.69,1.0,1
1302,1302,Aqib Talib,272.01,34.00125,0.75,6
2543487,2543487,Dominique Easley,62.97,20.99,0.0,0
2543492,2543492,Lamarcus Joyner,607.49,40.49933333333333,0.4,6
2552320,2552320,Ramik Wilson,168.8,18.755555555555556,0.2222222222222222,2
2552488,2552488,Marcus Peters,547.99,34.249375,0.4375,7
2556593,2556593,Cory Littleton,812.78,50.79875,0.5625,9
2558183,2558183,John Johnson,620.6199999999999,38.78874999999999,0.3125,5
2540197,2540197,Nickell Robey-Coleman,525.1199999999999,32.81999999999999,0.875,14
2556277,2556277,Marqui Christian,345.54,21.59625,0.125,2
2558830,2558830,Samson Ebukam,406.52,25.4075,0.125,2
2495153,2495153,Marcus Gilchrist,919.5800000000002,57.47375000000001,0.5,8
2495617,2495617,Leon Hall,418.25,46.47222222222222,0.2222222222222222,2
2507167,2507167,Reggie Nelson,402.69,36.60818181818182,0.18181818181818182,2
2532986,2532986,Tahir Whitehead,1019.29,63.705625,0.3125,5
2541200,2541200,Rashaan Melvin,574.4,44.184615384615384,0.38461538461538464,5
2558062,2558062,Gareon Conley,514.3299999999999,36.73785714285714,0.35714285714285715,5
2506353,2506353,Derrick Johnson,89.14999999999999,14.858333333333333,0.16666666666666666,1
2553722,2553722,Matt Longacre,230.62,17.740000000000002,0.07692307692307693,1
306,306,Dominique Rodgers-Cromartie,137.26000000000002,27.452000000000005,0.2,1
2557972,2557972,Marquel Lee,394.4200000000001,24.651250000000005,0.0625,1
2555294,2555294,Shilique Calhoun,65.58,9.368571428571428,0.0,0
2555342,2555342,Karl Joseph,316.07,26.339166666666667,0.16666666666666666,2
2556817,2556817,Tony McRae,201.93,40.386,0.6,3
2560745,2560745,Sam Hubbard,3.6399999999999997,1.2133333333333332,0.0,0
2552392,2552392,Jordan Richards,430.00999999999993,28.66733333333333,0.2,3
2561132,2561132,Foye Oluokun,428.66,28.577333333333335,0.0,0
2561009,2561009,Marquis Haynes,54.93,13.7325,0.0,0
2560775,2560775,Rashaan Gaulden,149.62,14.962,0.0,0
2558171,2558171,Corn Elder,53.95,13.4875,0.0,0
2534741,2534741,Keith Tandy,0.0,0.0,0.0,0
2539219,2539219,Blidi Wreh-Wilson,42.620000000000005,14.206666666666669,0.0,0
79901,79901,Vontae Davis,40.61,40.61,0.0,0
2532861,2532861,Casey Hayward,761.38,50.75866666666666,0.4666666666666667,7
2541958,2541958,Jahleel Addae,756.0099999999999,50.40066666666666,0.4666666666666667,7
2552296,2552296,Kyle Emanuel,170.25999999999996,14.18833333333333,0.0,0
2552310,2552310,Denzel Perryman,383.79,47.97375,0.0,0
2556828,2556828,Trevor Williams,378.96000000000004,54.13714285714286,0.42857142857142855,3
2560760,2560760,Derwin James,790.3099999999998,52.68733333333332,0.2,3
2560928,2560928,Kyzir White,112.05,56.025,0.0,0
2507644,2507644,Ramon Humber,52.0,17.333333333333332,0.3333333333333333,1
2550842,2550842,Adrian Phillips,681.89,45.45933333333333,0.3333333333333333,5
2556148,2556148,Jatavis Brown,588.4999999999999,42.03571428571428,0.5714285714285714,8
2557927,2557927,Desmond King,725.44,48.36266666666667,0.4666666666666667,7
2558182,2558182,Rayshawn Jenkins,57.59,7.19875,0.0,0
2560826,2560826,Uchenna Nwosu,174.48000000000005,11.632000000000003,0.0,0
2556652,2556652,Lafayette Pitts,79.69999999999999,19.924999999999997,0.75,3
2560818,2560818,Siran Neal,0.16999999999999998,0.056666666666666664,0.0,0
2525323,2525323,Andrew Sendejo,260.45,65.1125,0.5,2
2532948,2532948,Harrison Smith,550.9800000000001,36.732000000000006,0.5333333333333333,8
2540155,2540155,Xavier Rhodes,531.52,40.886153846153846,0.7692307692307693,10
2543459,2543459,Anthony Barr,584.9,48.74166666666667,0.16666666666666666,2
2552312,2552312,Eric Kendricks,623.67,47.97461538461538,0.38461538461538464,5
2552448,2552448,Trae Waynes,432.66,33.28153846153846,0.5384615384615384,7
2555177,2555177,Mackensie Alexander,577.2199999999999,38.481333333333325,0.2,3
2534567,2534567,Korey Toomer,2.91,0.9700000000000001,0.0,0
2495170,2495170,Davon House,35.76,17.88,0.0,0
2560746,2560746,Mike Hughes,199.04,39.808,0.2,1
2555156,2555156,Jayron Kearse,131.92,11.992727272727272,0.2727272727272727,3
2550164,2550164,T.J. Carrie,662.8999999999999,44.19333333333332,0.4666666666666667,7
2556489,2556489,James Burgess,43.65,21.825,0.0,0
2552484,2552484,P.J. Williams,699.97,46.66466666666667,1.1333333333333333,17
2495493,2495493,Justin Houston,407.27000000000004,37.02454545454546,0.18181818181818182,2
2530794,2530794,Ron Parker,740.6700000000001,52.90500000000001,0.5714285714285714,8
2543592,2543592,Anthony Hitchens,812.9100000000001,58.065000000000005,0.9285714285714286,13
2555169,2555169,Reggie Ragland,331.49000000000007,22.099333333333337,0.13333333333333333,2
2555173,2555173,Eric Murray,486.68999999999994,34.763571428571424,0.21428571428571427,3
2556775,2556775,Terrance Smith,168.42999999999995,28.07166666666666,0.16666666666666666,1
2560881,2560881,Breeland Speaks,337.56,22.504,0.0,0
2307,2307,Orlando Scandrick,613.6,47.2,0.6923076923076923,9
2552265,2552265,Steven Nelson,661.5600000000001,44.104000000000006,1.1333333333333333,17
2555349,2555349,Kendall Fuller,795.2799999999999,56.805714285714274,0.9285714285714286,13
2560921,2560921,Armani Watts,55.29,13.8225,0.25,1
2532946,2532946,Coty Sensabaugh,434.33,28.955333333333332,0.4,6
2561103,2561103,Tremon Smith,27.12,9.040000000000001,0.0,0
2558185,2558185,Tanoh Kpassagnon,3.2,3.2,0.0,0
2532800,2532800,Nigel Bradham,1106.1000000000001,73.74000000000001,0.5333333333333333,8
2560930,2560930,Jordan Whitehead,404.31,28.879285714285714,0.14285714285714285,2
2550605,2550605,Marcus Williams,36.129999999999995,12.043333333333331,0.3333333333333333,1
2543468,2543468,Mike Evans,2.35,2.35,0.0,0
1037347,1037347,Joe Webb,45.83,45.83,0.0,0
2495251,2495251,Shareece Wright,482.68,40.223333333333336,0.5,6
2535693,2535693,Johnson Bademosi,83.19,20.7975,0.0,0
2543600,2543600,Alfred Blue,45.83,45.83,0.0,0
2552730,2552730,Brian Peters,96.59,19.318,0.0,0
2555234,2555234,Tyler Ervin,34.59,34.59,0.0,0
2560759,2560759,Natrell Jamerson,115.86000000000001,28.965000000000003,0.25,1
2560774,2560774,Peter Kalambayi,76.4,25.46666666666667,0.0,0
2561344,2561344,Buddy Howell,41.03,41.03,0.0,0
2561538,2561538,A.J. Moore,23.89,23.89,0.0,0
2556673,2556673,Brennan Scarlett,66.77,11.128333333333332,0.16666666666666666,1
2560784,2560784,Harold Landry,255.10000000000002,17.006666666666668,0.06666666666666667,1
2560714,2560714,Duke Ejiofor,109.53999999999999,9.958181818181817,0.0,0
2561033,2561033,Dane Cruikshank,2.7199999999999998,0.6799999999999999,0.0,0
2543811,2543811,Pierre Desir,733.74,48.916000000000004,0.3333333333333333,5
2543855,2543855,Bene' Benwikere,452.1500000000001,41.104545454545466,0.2727272727272727,3
2539293,2539293,Gerald Hodges,293.90999999999997,36.738749999999996,0.5,4
1037374,1037374,Sam Shields,283.28000000000003,23.60666666666667,0.6666666666666666,8
2552307,2552307,Bryce Hager,74.28,18.57,0.0,0
2553536,2553536,Troy Hill,235.64999999999998,19.6375,0.4166666666666667,5
2556374,2556374,Blake Countess,26.04,6.51,0.0,0
2553545,2553545,Isaiah Johnson,14.43,14.43,0.0,0
2495507,2495507,Richard Sherman,686.2800000000001,52.790769230769236,0.6923076923076923,9
2552391,2552391,Jaquiski Tartt,392.09,56.012857142857136,0.5714285714285714,4
2552684,2552684,Mark Nzeocha,97.63000000000001,13.94714285714286,0.0,0
2558121,2558121,Elijah Lee,418.10999999999996,52.263749999999995,1.0,8
2558157,2558157,Ahkello Witherspoon,405.34999999999997,33.77916666666666,0.5833333333333334,7
2558857,2558857,Adrian Colbert,254.81,50.962,0.2,1
2560917,2560917,Fred Warner,903.86,60.257333333333335,0.4,6
2550654,2550654,K'Waun Williams,481.71999999999997,37.05538461538461,0.46153846153846156,6
2556641,2556641,Romeo Okwara,441.7399999999999,29.449333333333325,0.0,0
2543741,2543741,Jimmie Ward,305.6,38.2,0.75,6
2560913,2560913,Trey Walker,190.75000000000003,13.625000000000002,0.07142857142857142,1
2543680,2543680,Antone Exum,330.89,27.574166666666667,0.25,3
494307,494307,Darian Stewart,755.43,58.11,0.23076923076923078,3
2495202,2495202,Von Miller,759.1499999999999,50.60999999999999,0.13333333333333333,2
2506345,2506345,Adam Jones,94.72,18.944,0.0,0
2530510,2530510,Chris Harris,657.3000000000001,59.75454545454546,1.0,11
2532898,2532898,Brandon Marshall,284.77,28.476999999999997,0.2,2
2543505,2543505,Bradley Roby,535.97,38.28357142857143,0.6428571428571429,9
2550930,2550930,Todd Davis,757.2,50.480000000000004,0.2,3
2550541,2550541,Shaquil Barrett,252.64,21.05333333333333,0.0,0
2555550,2555550,Justin Simmons,745.6799999999998,49.71199999999999,0.4,6
2532871,2532871,Bruce Irvin,18.51,4.6275,0.0,0
2555568,2555568,Erik Harris,432.26,30.875714285714285,0.2857142857142857,4
2536032,2536032,Emmanuel Lamur,117.08000000000001,19.513333333333335,0.16666666666666666,1
2560763,2560763,Josey Jewell,421.09,28.072666666666667,0.0,0
2507917,2507917,Tramaine Brock,327.61,29.782727272727275,0.5454545454545454,6
2556278,2556278,Will Parks,388.28999999999996,25.886,0.2,3
2552271,2552271,Geneo Grissom,21.01,21.01,0.0,0
2556711,2556711,Jarrod Wilson,119.12,13.235555555555557,0.0,0
2555421,2555421,Yannick Ngakoue,1.17,0.38999999999999996,0.3333333333333333,1
2550262,2550262,Joe Thomas,93.57,18.714,0.0,0
2556512,2556512,Donte' Deayon,123.2,30.8,0.5,2
2552605,2552605,Ibraheim Campbell,41.660000000000004,10.415000000000001,0.25,1
2508080,2508080,Earl Thomas,103.43,34.47666666666667,0.0,0
2539243,2539243,Bradley McDougald,812.9099999999999,54.19399999999999,0.26666666666666666,4
2553456,2553456,Akeem King,68.12,9.731428571428571,0.0,0
2553637,2553637,Justin Coleman,602.62,40.17466666666667,0.4,6
2557881,2557881,Tedric Thompson,636.8599999999999,48.98923076923076,0.38461538461538464,5
2558259,2558259,Shaquill Griffin,784.42,52.294666666666664,0.26666666666666666,4
2532890,2532890,Mychal Kendricks,94.47,23.6175,0.25,1
2540140,2540140,Barkevious Mingo,501.91999999999996,33.46133333333333,0.26666666666666666,4
2558925,2558925,Austin Calitro,264.29999999999995,37.75714285714285,0.14285714285714285,1
2552629,2552629,Frank Clark,0.0,0.0,0.0,0
494289,494289,Sherrick McManis,156.17,13.014166666666666,0.08333333333333333,1
2560830,2560830,Isaiah Oliver,300.07,30.006999999999998,0.5,5
2560946,2560946,Isaac Yiadom,307.39,38.42375,0.5,4
2539937,2539937,Shamarko Thomas,8.42,4.21,0.5,1
496814,496814,Albert McClellan,12.030000000000001,2.406,0.4,2
2561093,2561093,Jermaine Carter,62.69,15.6725,0.0,0
2495488,2495488,J.J. Watt,3.2,3.2,0.0,0
2543456,2543456,Jadeveon Clowney,27.83,3.47875,0.0,0
2560718,2560718,Rashaan Evans,416.23999999999995,29.73142857142857,0.21428571428571427,3
2550659,2550659,Tyler Patmon,206.42000000000002,34.403333333333336,0.5,3
2561340,2561340,Tre Herndon,78.78,26.26,0.0,0
2560758,2560758,Leon Jacobs,72.41,7.241,0.1,1
2556798,2556798,Kenneth Durden,10.24,10.24,0.0,0
2557837,2557837,Reuben Foster,303.83,50.63833333333333,1.1666666666666667,7
2560850,2560850,D.J. Reed,192.72,17.52,0.18181818181818182,2
2499278,2499278,Malcolm Smith,265.65999999999997,22.138333333333332,0.25,3
2561117,2561117,Tarvarius Moore,148.82,18.6025,0.25,2
2558033,2558033,Ben Gedeon,164.19,13.6825,0.16666666666666666,2
2559208,2559208,Ryan Lewis,70.63000000000001,14.126000000000001,0.0,0
2559012,2559012,Eric Wilson,154.49,15.449000000000002,0.0,0
2560984,2560984,Oren Burks,103.93,11.547777777777778,0.1111111111111111,1
2553710,2553710,Deshazor Everett,157.10000000000002,19.637500000000003,0.0,0
2559164,2559164,Michael Davis,371.15,28.549999999999997,0.0,0
2560901,2560901,Kevin Toliver,187.0,18.7,0.1,1
2532966,2532966,Bobby Wagner,1006.83,71.91642857142857,0.5714285714285714,8
2558159,2558159,Xavier Woods,596.0899999999999,42.577857142857134,0.14285714285714285,2
2560728,2560728,Tre Flowers,623.6,44.542857142857144,0.5,7
2555380,2555380,Cyrus Jones,3.93,1.31,0.0,0
2560754,2560754,J.C. Jackson,214.30999999999997,16.485384615384614,0.15384615384615385,2
2535609,2535609,DeShawn Shead,327.42,27.285,0.6666666666666666,8
2506861,2506861,Brent Grimes,700.32,53.870769230769234,0.9230769230769231,12
2543643,2543643,Nat Berhe,28.849999999999998,14.424999999999999,1.0,2
2560741,2560741,Holton Hill,189.36,17.214545454545455,0.09090909090909091,1
2556567,2556567,Isaiah Johnson,261.42999999999995,23.766363636363632,0.45454545454545453,5
2555155,2555155,Deon Bush,57.28,11.456,0.2,1
2555381,2555381,DeAndre Houston-Carson,28.28,4.04,0.0,0
2560750,2560750,Joel Iyiegbuniwe,9.48,2.37,0.0,0
2557920,2557920,Jourdan Lewis,174.98000000000002,21.872500000000002,0.25,2
2556588,2556588,Eric Lee,0.63,0.63,0.0,0
2560982,2560982,Tony Brown,177.29000000000002,22.161250000000003,0.25,2
2556394,2556394,Chris Milton,64.27000000000001,32.135000000000005,0.5,1
2557995,2557995,Marcus Maye,311.25,51.875,0.3333333333333333,2
2541864,2541864,Josh Martin,31.05,31.05,0.0,0
2543563,2543563,Kevin Pierre-Louis,17.599999999999998,3.5199999999999996,0.0,0
2559058,2559058,Maurice Smith,96.29,48.145,1.0,2
2543724,2543724,Walt Aikens,54.35,7.764285714285714,0.2857142857142857,2
2556542,2556542,Nicholas Grigsby,38.21,12.736666666666666,0.3333333333333333,1
2560795,2560795,Avonte Maddox,421.17999999999995,42.117999999999995,0.1,1
494277,494277,Kendrick Lewis,214.1,35.68333333333333,0.5,3
2558077,2558077,Delano Hill,282.11,28.211000000000002,0.1,1
2543823,2543823,E.J. Gaines,161.32,40.33,0.25,1
2558971,2558971,Greg Mabin,69.89999999999999,9.985714285714284,0.0,0
2533459,2533459,Nate Stupar,40.66,6.776666666666666,0.0,0
2541944,2541944,Russell Shepard,0.0,0.0,0.0,0
2557952,2557952,Wayne Gallman,0.0,0.0,0.0,0
2560815,2560815,Kam Moore,68.98,34.49,0.0,0
2561017,2561017,Sean Chandler,187.45,18.744999999999997,0.4,4
2561317,2561317,Jawill Davis,0.0,0.0,0.0,0
2561318,2561318,Tae Davis,336.42,30.583636363636366,0.0,0
2532431,2532431,Craig Robertson,111.05,18.508333333333333,0.3333333333333333,2
2557862,2557862,Chris Wormley,0.0,0.0,0.0,0
2535613,2535613,L.J. Fort,229.81000000000003,20.891818181818184,0.18181818181818182,2
2560827,2560827,Dorian O'Daniel,230.95,19.245833333333334,0.3333333333333333,4
2558988,2558988,Lenzy Pipkins,74.6,74.6,1.0,1
2559087,2559087,Arthur Maulet,113.65,37.88333333333333,0.6666666666666666,2
2539280,2539280,John Simon,13.739999999999998,4.579999999999999,0.0,0
2561131,2561131,George Odum,108.83999999999999,13.604999999999999,0.0,0
2561157,2561157,Keion Crossen,50.69,10.138,0.2,1
2553562,2553562,Dean Marlowe,25.95,25.95,1.0,1
2540152,2540152,Eric Reid,470.74,39.22833333333333,0.25,3
2533058,2533058,Vontaze Burfict,357.09,51.012857142857136,0.42857142857142855,3
2552321,2552321,Stephone Anthony,7.99,1.9975,0.0,0
2508107,2508107,Jimmy Smith,185.4,16.854545454545455,0.36363636363636365,4
2556587,2556587,Cre'von LeBlanc,277.63,34.70375,1.0,8
2560808,2560808,Quenton Meeks,92.28,46.14,1.0,2
2555542,2555542,Jordan Lucas,140.12,20.017142857142858,0.14285714285714285,1
2561020,2561020,Bradley Chubb,7.960000000000001,1.592,0.0,0
2555171,2555171,Tyler Matakevich,48.8,24.4,0.5,1
2495136,2495136,Bruce Carter,80.02000000000001,11.431428571428572,0.0,0
2556443,2556443,Sharrod Neasman,352.64,32.058181818181815,0.2727272727272727,3
2560897,2560897,Matthew Thomas,5.19,5.19,0.0,0
2555394,2555394,Daryl Worley,533.98,53.398,0.2,2
2559054,2559054,Nicholas Morrow,455.15,37.92916666666667,0.0,0
2532869,2532869,George Iloka,112.09,22.418,0.4,2
2558168,2558168,Rasul Douglas,308.78000000000003,30.878000000000004,0.4,4
2541741,2541741,LaRoy Reynolds,26.97,13.485,0.0,0
2532789,2532789,Mark Barron,442.02000000000004,36.835,0.08333333333333333,1
2559181,2559181,Justin Hardee,41.760000000000005,10.440000000000001,0.0,0
2533534,2533534,Olivier Vernon,434.84999999999997,39.53181818181818,0.0,0
2555366,2555366,Deiondre' Hall,8.53,4.265,0.0,0
2559260,2559260,Tre Sullivan,149.18,14.918000000000001,0.2,2
2541431,2541431,Kemal Ishmael,43.4,6.2,0.0,0
2556456,2556456,Andrew Adams,280.08,23.34,0.08333333333333333,1
2556934,2556934,Javien Elliott,355.05,35.505,0.4,4
2541696,2541696,Jordan Dangerfield,2.58,1.29,0.0,0
2507843,2507843,Vincent Rey,269.10999999999996,33.638749999999995,0.25,2
2560839,2560839,Darius Phillips,200.60999999999999,22.29,0.1111111111111111,1
2557931,2557931,Cordrea Tankersley,61.96,61.96,0.0,0
2558174,2558174,Rudy Ford,30.869999999999997,15.434999999999999,0.0,0
2553655,2553655,Anthony Harris,223.95000000000002,20.35909090909091,0.0,0
2543712,2543712,Terrence Brooks,21.62,7.206666666666667,0.0,0
238227,238227,Mike Mitchell,250.34999999999997,31.293749999999996,0.25,2
2561149,2561149,Matthew Adams,121.53,12.153,0.0,0
2553817,2553817,Corey Moore,38.89000000000001,7.778000000000001,0.0,0
2534846,2534846,Neiko Thorpe,0.75,0.375,0.0,0
2560999,2560999,Shaquem Griffin,0.0,0.0,0.0,0
2506352,2506352,Thomas Davis,583.58,53.052727272727275,0.8181818181818182,9
2556550,2556550,Josh Hawkins,0.2,0.1,0.0,0
2559934,2559934,Justin Lawler,61.31,20.436666666666667,0.0,0
2552259,2552259,Josh Shaw,57.91,8.272857142857143,0.14285714285714285,1
2507948,2507948,Frank Zombo,2.55,1.275,0.0,0
2532870,2532870,Melvin Ingram,10.39,5.195,0.0,0
2537931,2537931,Josh Gordon,11.96,11.96,1.0,1
2543739,2543739,Dontae Johnson,20.53,20.53,0.0,0
2543874,2543874,Andre Hal,174.48,21.81,0.125,1
2558853,2558853,Mike Tyson,109.38,21.875999999999998,0.2,1
2543494,2543494,Dee Ford,1.5,0.5,0.0,0
2555547,2555547,KeiVarae Russell,135.14,22.52333333333333,0.0,0
2561383,2561383,Ben Niemann,40.07,8.014,0.0,0
2561417,2561417,Charvarius Ward,27.73,6.9325,0.5,2
2558165,2558165,Tarell Basham,62.150000000000006,10.358333333333334,0.0,0
2508007,2508007,Marcus Sherels,53.66,26.83,0.5,1
2555168,2555168,Kentrell Brothers,14.91,14.91,0.0,0
2543608,2543608,Dexter McDougle,172.53,86.265,0.5,1
2555307,2555307,Devante Bond,123.08000000000001,12.308000000000002,0.1,1
2560764,2560764,Danny Johnson,43.239999999999995,8.648,0.2,1
2560948,2560948,Trevon Young,0.08,0.08,0.0,0
2553719,2553719,Josh Keyes,20.99,20.99,2.0,2
2558241,2558241,Blair Brown,3.97,3.97,0.0,0
2560724,2560724,Kylie Fitts,40.85,10.2125,0.0,0
2559287,2559287,Isaiah Irving,95.03,10.55888888888889,0.0,0
2555546,2555546,Rashard Robinson,45.64,11.41,0.25,1
2556833,2556833,De'Vante Harris,70.03,17.5075,0.5,2
2495252,2495252,K.J. Wright,210.37,42.074,0.4,2
2559293,2559293,Dymonte Thomas,0.15,0.075,0.0,0
2561001,2561001,Grant Haley,353.82,39.31333333333333,0.3333333333333333,3
2532974,2532974,Kyle Wilber,75.81,25.27,0.0,0
2560819,2560819,Nick Nelson,318.19,31.819,0.2,2
2560986,2560986,Jason Cabinda,73.88,7.388,0.0,0
2556655,2556655,Tyvis Powell,98.24,24.56,0.25,1
2558119,2558119,Josh Jones,387.07,38.707,0.1,1
2559270,2559270,Robert Tonyan,1.79,1.79,0.0,0
2560883,2560883,Equanimeous St. Brown,0.0,0.0,0.0,0
2561207,2561207,Raven Greene,32.12,10.706666666666665,0.0,0
2541192,2541192,Chris Banjo,47.09,9.418000000000001,0.2,1
2535867,2535867,Julian Stanford,25.970000000000002,8.656666666666668,0.6666666666666666,2
496961,496961,Dekoda Watson,29.689999999999998,7.422499999999999,0.0,0
2555270,2555270,Carl Nassib,4.65,4.65,0.0,0
2553736,2553736,Denzel Rice,46.82,46.82,0.0,0
2558289,2558289,Tanner Vallejo,85.82,14.303333333333333,0.16666666666666666,1
2561278,2561278,Tavierre Thomas,6.85,6.85,0.0,0
2561147,2561147,Cornell Armstrong,39.68,9.92,0.0,0
2495454,2495454,Julio Jones,3.17,3.17,0.0,0
2560976,2560976,Keishawn Bierria,12.82,6.41,0.0,0
2555345,2555345,Su'a Cravens,128.97,25.794,0.2,1
2543571,2543571,Bashaud Breeland,351.34000000000003,50.191428571428574,0.5714285714285714,4
2533542,2533542,Josh Robinson,23.049999999999997,7.683333333333333,0.3333333333333333,1
2550257,2550257,Daniel Sorensen,125.46000000000001,17.922857142857143,0.7142857142857143,5
2560914,2560914,Levi Wallace,180.46999999999997,25.781428571428567,0.2857142857142857,2
497320,497320,Andre Roberts,0.0,0.0,0.0,0
2540287,2540287,Rontez Miles,44.66,14.886666666666665,0.0,0
2560738,2560738,Chris Herndon,1.11,1.11,0.0,0
2541848,2541848,Deon Lacey,16.36,16.36,0.0,0
2556614,2556614,Cassanova McKinzy,31.18,10.393333333333333,0.0,0
2553774,2553774,Cameron Lynch,7.37,7.37,0.0,0
2552313,2552313,Hayes Pullard,67.42,16.855,0.0,0
2560887,2560887,Chandon Sullivan,82.58,27.526666666666667,1.0,3
2558274,2558274,Shalom Luani,12.850000000000001,6.425000000000001,0.0,0
2561527,2561527,Mike Ford,112.18,16.025714285714287,0.8571428571428571,6
2530474,2530474,Mario Addison,0.0,0.0,0.0,0
2558923,2558923,Riley Bullough,36.690000000000005,12.230000000000002,0.0,0
2540176,2540176,William Gholston,19.08,19.08,0.0,0
2540159,2540159,Kevin Minter,12.37,4.123333333333333,0.0,0
2532878,2532878,Leonard Johnson,87.92,29.30666666666667,0.3333333333333333,1
2532790,2532790,Travis Benjamin,0.0,0.0,0.0,0
2552654,2552654,Geremy Davis,7.68,7.68,0.0,0
2553877,2553877,Nick Dzubnar,2.29,2.29,0.0,0
2555220,2555220,Derek Watt,4.51,4.51,0.0,0
2558303,2558303,Jeff Richards,4.51,4.51,0.0,0
2559169,2559169,Austin Ekeler,3.78,3.78,0.0,0
2559197,2559197,Tre'Von Johnson,5.22,5.22,0.0,0
2560719,2560719,Brandon Facyson,6.02,3.01,0.0,0
2560756,2560756,Justin Jackson,5.89,5.89,0.0,0
2553790,2553790,DeVante Bausby,74.97,24.99,1.3333333333333333,4
2561003,2561003,Shaun Dion Hamilton,101.98,20.396,0.0,0
2558786,2558786,Brandon Wilson,50.16,8.36,0.0,0
2558189,2558189,Obi Melifonwu,21.770000000000003,10.885000000000002,0.0,0
2561006,2561006,Marcell Harris,189.13,31.521666666666665,0.0,0
2540170,2540170,David Amerson,143.26,23.876666666666665,0.16666666666666666,1
2552418,2552418,Justin Hardy,0.0,0.0,0.0,0
2559200,2559200,Joe Jones,10.31,10.31,0.0,0
2532928,2532928,Eddie Pleasant,168.51999999999998,33.70399999999999,0.0,0
2552273,2552273,Markus Golden,1.97,1.97,0.0,0
2543650,2543650,Aaron Lynch,13.06,6.53,0.0,0
2558097,2558097,Ukeme Eligwe,8.8,2.9333333333333336,0.0,0
2552427,2552427,Tony Lippett,30.29,15.145,0.0,0
2560956,2560956,Marcus Allen,14.85,14.85,0.0,0
2560950,2560950,Ola Adeniyi,1.23,1.23,0.0,0
2561644,2561644,Adonis Alexander,3.62,3.62,0.0,0
2561042,2561042,Nick DeLuca,35.5,8.875,0.25,1
2543717,2543717,Jeremiah Attaochu,0.15,0.15,0.0,0
2535964,2535964,Josh Bellamy,0.0,0.0,0.0,0
2541544,2541544,Benny Cunningham,1.08,1.08,0.0,0
2553900,2553900,Daniel Brown,0.0,0.0,0.0,0
2556478,2556478,Ben Braunecker,0.0,0.0,0.0,0
2558250,2558250,Tarik Cohen,0.0,0.0,0.0,0
2561316,2561316,Jalen Davis,74.02000000000001,24.673333333333336,0.3333333333333333,1
497240,497240,Rob Gronkowski,33.49,33.49,0.0,0
2495184,2495184,Cameron Jordan,0.0,0.0,0.0,0
2560762,2560762,Malik Jefferson,0.18,0.09,0.0,0
2558284,2558284,Pita Taumoepenu,0.0,0.0,0.0,0
2495229,2495229,Kelvin Sheppard,0.0,0.0,0.0,0
496723,496723,Eric Berry,27.3,13.65,1.5,3
2560743,2560743,Jeff Holland,7.84,2.6133333333333333,0.0,0
2556371,2556371,Brandon Williams,49.19,24.595,0.0,0
2543503,2543503,Trent Murphy,1.61,1.61,0.0,0
2561107,2561107,Corey Thompson,66.21,22.069999999999997,0.0,0
2558858,2558858,Joshua Holsey,13.1,13.1,0.0,0
2541135,2541135,Cody Davis,7.22,7.22,0.0,0
2495485,2495485,Robert Quinn,0.0,0.0,0.0,0
2550365,2550365,Kenny Ladler,28.23,14.115,0.0,0
2559037,2559037,Ahmad Thomas,3.09,3.09,0.0,0
2552317,2552317,Mike Hull,46.760000000000005,23.380000000000003,0.5,1
2558052,2558052,Kenny Golladay,0.35,0.35,1.0,1
2540291,2540291,Kayvon Webster,2.46,2.46,0.0,0
2560779,2560779,Arden Key,0.0,0.0,0.0,0
2561585,2561585,Dallin Leavitt,44.97,44.97,0.0,0
2558819,2558819,Derrick Jones,6.68,6.68,0.0,0
2560875,2560875,Andre Smith,2.2,2.2,0.0,0
2550647,2550647,Kasim Edebali,3.78,3.78,0.0,0
2561394,2561394,Jeremy Reaves,0.0,0.0,0.0,0
2506467,2506467,Darren Sproles,0.0,0.0,0.0,0
2559141,2559141,B.J. Bello,0.34,0.34,0.0,0
2561469,2561469,Darious Williams,26.63,26.63,0.0,0
