nflId,name,med_hrr,average_hrr,med_hrt,ave_hrt,position
79848.0,Malcolm Jenkins,0.4724999999999999,0.4541058213239249,0.0,0.198876404494382,SS
2495613.0,Corey Graham,0.4658564814814814,0.4696382019186641,0.0,0.2078947368421053,FS
2534832.0,Rodney McLeod,0.5227743271221532,0.4837754035101763,0.0,0.1692307692307692,FS
2552315.0,Jordan Hicks,0.4668888888888889,0.4480760554552549,0.0,0.21290322580645166,MLB
2552689.0,Ronald Darby,0.4907407407407407,0.4635585649493626,0.0,0.2710526315789473,CB
2558175.0,Nate Gerry,0.5656256627783669,0.5387726528177549,0.0,0.0,LB
2555383.0,Jalen Mills,0.4259722222222222,0.43771963384605994,0.1,0.2447368421052632,CB
2557958.0,Sidney Jones,0.4801,0.4787645730708507,0.0,0.17352941176470593,CB
2539334.0,Desmond Trufant,0.4702941176470588,0.44829228719061104,0.1,0.25742574257425743,CB
2543850.0,Ricardo Allen,0.4880487804878048,0.4754592238140614,0.1,0.1707317073170732,SS
2552301.0,Vic Beasley,0.5114701897018971,0.4784332027482157,0.1,0.2322580645161291,DE
2555162.0,Deion Jones,0.44209851551956814,0.3683921244832202,0.1,0.3083333333333333,MLB
2555255.0,De'Vondre Campbell,0.4638501742160279,0.4243608180045705,0.1,0.24666666666666665,OLB
2555543.0,Keanu Neal,0.4231166150670794,0.3889178045971501,0.0,0.07,FS
2556445.0,Brian Poole,0.481111111111111,0.435898810434511,0.0,0.2291139240506329,CB
2539653.0,Robert Alford,0.4594594594594595,0.4509173239580889,0.0,0.2423529411764706,CB
2557967.0,Duke Riley,0.5145173453996983,0.4705088269164157,0.2,0.3383333333333333,OLB
2558184.0,Damontae Kazee,0.4333333333333333,0.40237875800325706,0.0,0.18172043010752686,SS
2556363.0,Kamu Grugier-Hill,0.5177614571092832,0.4666406748650877,0.1,0.3333333333333333,OLB
2559109.0,Deante Burton,0.6669444444444445,0.6669444444444445,1.5,1.5,CB
2506268.0,Lorenzo Alexander,0.4376215917464996,0.41523944140256003,0.1,0.3775000000000001,OLB
2539240.0,Micah Hyde,0.3727118644067797,0.3868305573129523,0.0,0.20759493670886076,SS
2539290.0,Jordan Poyer,0.4331919642857143,0.42041714092017607,0.0,0.2347826086956521,FS
2543851.0,Phillip Gaines,0.3673,0.3527282109679383,0.0,0.11944444444444445,CB
2557867.0,Tre'Davious White,0.4142156862745098,0.38900834374000026,0.05,0.2616279069767442,CB
2557969.0,Matt Milano,0.4716981132075472,0.4568334360911955,0.2,0.3949367088607596,OLB
2560713.0,Tremaine Edmunds,0.4830989010989012,0.4593250997137716,0.2,0.41,LB
2560766.0,Taron Johnson,0.3735238095238096,0.4205527496200973,0.1,0.33913043478260874,CB
4365.0,Brandon Carr,0.4734210526315786,0.4502555504385192,0.1,0.2703703703703704,CB
2495775.0,Eric Weddle,0.40931818181818175,0.4168842084558773,0.0,0.17422680412371136,FS
2540164.0,Tony Jefferson,0.5148484848484847,0.4787123861199594,0.1,0.2781609195402299,SS
2543464.0,C.J. Mosley,0.5229230769230768,0.508479543415837,0.1,0.3917808219178083,ILB
2552279.0,Za'Darius Smith,0.4247356544165054,0.4469561592027259,0.1,0.2984375,OLB
2555378.0,Tavon Young,0.41801075268817206,0.4143723225389414,0.0,0.1903225806451613,CB
2556642.0,Patrick Onwuasor,0.4361076280041797,0.44890876795612655,0.1,0.275,ILB
2558067.0,Marlon Humphrey,0.4419901960784314,0.45331251573892994,0.1,0.3075757575757576,CB
2505660.0,Terrell Suggs,0.4318181818181818,0.4449281540615877,0.0,0.21940298507462688,OLB
2558990.0,Patrick Ricard,0.4730792682926828,0.4559209159742697,0.1,0.30000000000000004,FB
2507817.0,Rafael Bush,0.43999999999999984,0.4664893918161163,0.1,0.3483870967741935,SS
2555505.0,Matt Judon,0.4657002314814814,0.4864884492057176,0.1,0.30000000000000004,OLB
2557841.0,Tim Williams,0.3936247877758913,0.3662094907501055,0.1,0.28125,OLB
2558248.0,Chuck Clark,0.40048821548821545,0.3419936969525055,0.1,0.37142857142857133,FS
2560947.0,Kenny Young,0.4636585365853658,0.4676206147603669,0.4,0.4171428571428573,LB
2508004.0,Anthony Levine,0.5225,0.5332159590437815,0.1,0.3885714285714286,DB
2560963.0,Anthony Averett,0.4282142857142857,0.4661301587301587,0.0,0.43333333333333335,CB
2558166.0,Tyus Bowser,0.4891489361702126,0.5115350245152611,0.2,0.4818181818181818,OLB
2561301.0,Chris Board,0.608337912087912,0.608337912087912,0.45,0.45,LB
2555178.0,Maurice Canady,0.7000000000000008,0.7000000000000008,1.6,1.6,CB
2543637.0,Terrance Mitchell,0.578,0.545184923722964,0.0,0.2767441860465117,CB
2552389.0,Damarious Randall,0.4940967607973421,0.44868388359998657,0.0,0.17279411764705882,CB
2555166.0,Joe Schobert,0.5559550561797753,0.5334018484713635,0.1,0.3029411764705883,MLB
2556475.0,Briean Boddy-Calhoun,0.4243690349946977,0.433483664283448,0.0,0.18529411764705886,CB
2557980.0,Jabrill Peppers,0.5129568106312292,0.4726385740129189,0.0,0.2093023255813954,FS
2560916.0,Denzel Ward,0.5161290322580645,0.4794601978514218,0.1,0.2815126050420169,CB
496733.0,Joe Haden,0.3235294117647058,0.3460764904585604,0.1,0.20250000000000004,CB
2540221.0,Vince Williams,0.3668518518518519,0.3883535308127167,0.1,0.2153846153846154,ILB
2552289.0,Bud Dupree,0.3079815986198965,0.3164020167699972,0.0,0.18974358974358976,OLB
2555344.0,Artie Burns,0.4114204545454545,0.4149215959549529,0.0,0.27352941176470585,CB
2555386.0,Sean Davis,0.35714285714285715,0.3764718465179859,0.0,0.1736842105263158,SS
2558064.0,T.J. Watt,0.3703703703703703,0.36808636295105374,0.1,0.27341772151898736,OLB
2560712.0,Terrell Edmunds,0.3448275862068965,0.3616355803481967,0.1,0.20674157303370788,S
2539311.0,Jamie Collins,0.5555555555555557,0.506122524992671,0.1,0.24521739130434786,OLB
2543720.0,Christian Kirksey,0.4772321428571428,0.4826127367408306,0.1,0.3735294117647059,OLB
2555540.0,Derrick Kindred,0.4778019856591286,0.4218771441193421,0.0,0.19615384615384615,SS
2560964.0,Genard Avery,0.4747500000000001,0.44855375071390496,0.0,0.25185185185185194,LB
496727.0,Morgan Burnett,0.3703703703703704,0.3518220547297053,0.1,0.3142857142857143,SS
2539978.0,Jon Bostic,0.4997368421052632,0.4707912651995345,0.1,0.30508474576271194,ILB
2556559.0,Mike Hilton,0.3918454391891891,0.3900612377064906,0.1,0.3096153846153846,CB
2552386.0,Clayton Geathers,0.4230769230769231,0.4110591932957264,0.1,0.18169014084507049,FS
2557961.0,Quincy Wilson,0.4437386569872958,0.4438645897044713,0.0,0.2384615384615385,CB
2558060.0,Malik Hooker,0.40783090783090775,0.41801848897641497,0.1,0.221,FS
2558108.0,Nate Hairston,0.4763104838709678,0.4527876389225637,0.1,0.2267857142857143,CB
2560789.0,Darius Leonard,0.4841935483870967,0.4550546962964779,0.1,0.250632911392405,LB
2560816.0,Skai Moore,0.6140350877192982,0.6181542857054351,0.7000000000000001,0.5857142857142857,ILB
2558976.0,Kenny Moore,0.4330830039525692,0.43152316167369503,0.1,0.3121212121212121,CB
2561155.0,Zaire Franklin,0.40028571428571424,0.4447724437334215,0.30000000000000004,0.4160000000000001,ILB
2543474.0,Darqueze Dennard,0.5119047619047619,0.4762898487386358,0.1,0.25,CB
2543814.0,Preston Brown,0.5219565217391304,0.4691451725357626,0.2,0.3226415094339624,MLB
2555528.0,Nick Vigil,0.4782608695652173,0.4812466180401266,0.1,0.15510204081632653,OLB
2556367.0,William Jackson,0.4563833746898262,0.4284119001618175,0.0,0.20612244897959187,CB
2560970.0,Jessie Bates,0.4631887985546521,0.4424613473783623,0.1,0.17627118644067796,S
2533060.0,Dre Kirkpatrick,0.4952403846153845,0.4772459000880678,0.1,0.2677083333333334,CB
2558801.0,Jordan Evans,0.3849206349206349,0.4417149038618535,0.1,0.2833333333333334,OLB
2555355.0,Clayton Fejedelem,0.5219565217391304,0.4599844469613322,0.0,0.15714285714285714,FS
2556429.0,Matthias Farley,0.36956521739130427,0.36259812351963466,0.1,0.22800000000000006,SS
2558851.0,Anthony Walker,0.459016393442623,0.4537112621187386,0.1,0.32539682539682546,ILB
2558982.0,Hardy Nickerson,0.4705882352941176,0.44489315730044215,0.1,0.2256410256410257,MLB
496739.0,Reshad Jones,0.4140916736753573,0.41520688876215006,0.1,0.21346153846153845,SS
2539309.0,T.J. McDonald,0.3874193548387096,0.4034914473249049,0.0,0.14400000000000002,SS
2539935.0,Kiko Alonso,0.5075757575757576,0.4753780169990025,0.1,0.2735294117647059,OLB
2552434.0,Bobby McCain,0.3407185990338164,0.3391986243822985,0.0,0.15000000000000002,CB
2555539.0,Xavien Howard,0.4515350877192982,0.4448639338232088,0.05,0.2657142857142858,CB
2558070.0,Raekwon McMillan,0.5151515151515149,0.5019566014391676,0.30000000000000004,0.4294117647058823,LB
2354.0,Wesley Woodyard,0.5,0.4684131422732126,0.1,0.279245283018868,ILB
71423.0,Brian Orakpo,0.3522813990461049,0.40046218801181344,0.05,0.2607142857142857,OLB
2539320.0,Kenny Vaccaro,0.3697826086956522,0.3802776162510083,0.0,0.17636363636363636,SS
2540013.0,Will Compton,0.4040384615384615,0.4082325046115312,0.2,0.5222222222222221,ILB
2540162.0,Logan Ryan,0.3995689655172413,0.4134876791078212,0.0,0.20540540540540544,CB
2550613.0,Malcolm Butler,0.4129513184584178,0.41563772893872064,0.0,0.22027027027027027,CB
2555158.0,Kevin Byard,0.37354651162790703,0.4033835495345887,0.0,0.18333333333333335,FS
496828.0,Derrick Morgan,0.375,0.3819642942053303,0.1,0.2833333333333333,OLB
2555339.0,Kamalei Correa,0.3201823708206685,0.3803694360277059,0.1,0.3250000000000001,ILB
2558005.0,Jayon Brown,0.5,0.47386774211777893,0.1,0.27662337662337666,ILB
2558065.0,Adoree' Jackson,0.378,0.4104856475922135,0.0,0.20746268656716416,CB
2560725.0,Minkah Fitzpatrick,0.4613461538461538,0.4530751207097846,0.1,0.2508474576271187,S
2560966.0,Jerome Baker,0.4444444444444444,0.445630982335624,0.1,0.32222222222222224,LB
2561328.0,Sharif Finch,0.390824175824176,0.3686093740396039,0.2,0.31428571428571433,OLB
2555320.0,Aaron Wallace,0.2169565217391305,0.2169565217391305,0.30000000000000004,0.30000000000000004,OLB
2555551.0,LeShaun Sims,0.22185185185185188,0.29210989974937346,0.1,0.42,CB
2559043.0,Chase Allen,0.9393939393939394,0.9393939393939394,0.5,0.5,OLB
2559053.0,Torry McTyer,0.4857142857142857,0.4777928624910489,0.1,0.22962962962962966,CB
496735.0,Kareem Jackson,0.5154545454545454,0.5061889898309728,0.1,0.2201680672268908,CB
2495872.0,Johnathan Joseph,0.4952830188679245,0.4582305591163178,0.1,0.17790697674418607,CB
2533049.0,Whitney Mercilus,0.4875609756097562,0.4715338564976506,0.0,0.15600000000000006,OLB
2540180.0,Tyrann Mathieu,0.5275418604651163,0.5087991413334828,0.0,0.17500000000000002,FS
2543501.0,Aaron Colvin,0.5626562499999999,0.4824460266019094,0.0,0.2258064516129032,CB
2552261.0,Kevin Johnson,0.44017094017094016,0.5125366344722078,0.2,0.325,CB
2560851.0,Justin Reid,0.5353521126760562,0.5014863903714472,0.1,0.271264367816092,SS
71251.0,Patrick Chung,0.5514293085655315,0.4870698272802202,0.1,0.24459459459459465,SS
494287.0,Devin McCourty,0.5201547619047621,0.4638735284594115,0.1,0.2086538461538462,FS
2533057.0,Dont'a Hightower,0.4669331195602382,0.43948585881651625,0.1,0.1717948717948718,MLB
2533062.0,Stephon Gilmore,0.474406779661017,0.4494873494624689,0.0,0.2638297872340426,CB
2541243.0,Duron Harmon,0.4404520917678811,0.4132568470893522,0.0,0.16212121212121214,FS
2543699.0,Kyle Van Noy,0.5111111111111111,0.4741688382083442,0.1,0.3012658227848102,OLB
2561143.0,Ja'Whaun Bentley,0.5092452830188678,0.5200899338376432,0.1,0.2647058823529412,LB
2552490.0,Benardrick McKinney,0.5348837209302325,0.5281604762214046,0.1,0.26138613861386145,ILB
2558094.0,Zach Cunningham,0.5228571428571429,0.5183030648441165,0.1,0.3012987012987013,ILB
2559152.0,Dylan Cole,0.3660975609756097,0.3309723126785824,0.1,0.16363636363636366,ILB
2552255.0,Eric Rowe,0.5270909090909092,0.4585217980561994,0.1,0.20526315789473687,CB
2556119.0,Elandon Roberts,0.43441818181818187,0.4417774492925176,0.25,0.4181818181818182,MLB
2556571.0,Jonathan Jones,0.5821891534391542,0.5329597904207813,0.1,0.32678571428571435,CB
2495272.0,Chris Conte,0.4575551782682512,0.474798243529793,0.1,0.19583333333333333,SS
2532828.0,Lavonte David,0.4615384615384616,0.4560225653075687,0.1,0.1891089108910892,OLB
2552592.0,Kwon Alexander,0.4732703081232493,0.43991632207795067,0.1,0.2558823529411765,MLB
2555299.0,Vernon Hargreaves,0.5012899896800824,0.5639518245136956,0.05,0.22000000000000006,CB
2555552.0,Ryan Smith,0.4289285714285714,0.4399779511585654,0.1,0.31379310344827593,CB
2557945.0,Justin Evans,0.4289285714285714,0.4115596631618745,0.0,0.1408695652173913,SS
2550565.0,Adarius Taylor,0.5416666666666666,0.549406638646687,0.1,0.3270270270270271,MLB
2561039.0,Carlton Davis,0.4999999999999999,0.4687130523789148,0.1,0.2932584269662922,CB
2533008.0,Demario Davis,0.5360714285714285,0.5241125706338401,0.1,0.3282352941176471,ILB
2555530.0,Vonn Bell,0.5384615384615383,0.5133170824964463,0.1,0.23703703703703705,FS
2556735.0,Ken Crawley,0.5586065573770491,0.5111610548148993,0.1,0.2907894736842105,CB
2558061.0,Marshon Lattimore,0.5063522727272729,0.4700693817894001,0.0,0.25222222222222224,CB
2558163.0,Alex Anzalone,0.5,0.4741954518269621,0.1,0.3596153846153847,OLB
2558847.0,Marcus Williams,0.4891252955082742,0.4613151334536312,0.0,0.2465517241379311,FS
2508084.0,Patrick Robinson,0.5892857142857142,0.5390112892552182,0.15000000000000002,0.43125,CB
494261.0,Kurt Coleman,0.4631707317073171,0.45009617198450497,0.1,0.29148936170212764,SS
2560884.0,M.J. Stewart,0.4615384615384617,0.4550855226989083,0.1,0.23137254901960785,CB
2539277.0,Manti Te'o,0.5853658536585366,0.5169479223549541,0.1,0.2882352941176471,MLB
2539982.0,A.J. Klein,0.5382051282051282,0.5099493246032419,0.1,0.2469135802469136,OLB
71197.0,Connor Barwin,0.4800729646697389,0.5082257042496111,0.1,0.3529411764705883,OLB
2539338.0,B.W. Webb,0.4395454545454545,0.4693295976473802,0.1,0.29354838709677417,CB
2540143.0,Alec Ogletree,0.4793555008210179,0.4883537280596154,0.1,0.35957446808510635,LB
2541792.0,Ray-Ray Armstrong,0.4471052631578948,0.4930930043149708,0.1,0.3060606060606061,OLB
2543738.0,Kareem Martin,0.4261111111111109,0.4075917399267183,0.1,0.2326530612244898,OLB
2552454.0,Landon Collins,0.4750814536340853,0.4697050331973382,0.1,0.31578947368421056,SS
2553822.0,Curtis Riley,0.4242424242424242,0.431120198560612,0.1,0.20841121495327106,FS
2555277.0,Eli Apple,0.4454411764705882,0.4528531999514966,0.1,0.34210526315789475,CB
2532875.0,Janoris Jenkins,0.4099999999999999,0.3993182691441648,0.0,0.1724137931034483,CB
2561015.0,Lorenzo Carter,0.4649959349593496,0.4616583231758868,0.15000000000000002,0.3574074074074073,OLB
494259.0,Barry Church,0.375,0.38564200388733455,0.1,0.20740740740740746,SS
2532848.0,Tashaun Gipson,0.4083673469387755,0.40948013842512093,0.1,0.20259740259740255,FS
2541162.0,A.J. Bouye,0.36931818181818177,0.3822272999389125,0.0,0.23653846153846156,CB
2543711.0,Telvin Smith,0.4451686507936506,0.43245469017461546,0.1,0.2833333333333333,OLB
2555280.0,Jalen Ramsey,0.4513946869070208,0.4457256856803245,0.1,0.29000000000000004,CB
2555329.0,Myles Jack,0.4393939393939394,0.4219324360942179,0.2,0.29879518072289163,OLB
2535687.0,Michael Thomas,0.4594594594594595,0.4484768964901786,0.1,0.3757575757575759,SS
2555522.0,B.J. Goodson,0.4710238095238095,0.4721629697206126,0.1,0.3304347826086957,ILB
2561008.0,Ronnie Harrison,0.6137179487179485,0.550407648751431,0.35000000000000003,0.5055555555555555,DB
2539237.0,D.J. Hayden,0.3103448275862069,0.3530463574658673,0.0,0.13846153846153847,CB
2539662.0,Lerentee McCray,0.22039473684210506,0.2794338082878377,0.15000000000000002,0.3375,DE
2560758.0,Leon Jacobs,0.4137931034482759,0.4206879098926513,0.2,0.30000000000000004,LB
2495504.0,Patrick Peterson,0.5056976744186046,0.4999621970375434,0.0,0.2274509803921569,CB
2495807.0,Antoine Bethea,0.5056666666666666,0.4939825046936492,0.0,0.22400000000000006,FS
2530491.0,Josh Bynes,0.5124544311753614,0.4957956060563685,0.1,0.30094339622641514,ILB
2539932.0,Jamar Taylor,0.5142857142857142,0.4736784510751013,0.1,0.2804878048780488,CB
2543769.0,Deone Bucannon,0.3940262321144674,0.3871397913388568,0.1,0.2708333333333333,ILB
2543830.0,Tre Boston,0.5113333333333332,0.48138619160389506,0.0,0.22473118279569892,FS
2557887.0,Haason Reddick,0.4680851063829787,0.4668068283335661,0.1,0.3631578947368422,ILB
2495201.0,Pernell McPhee,0.3533113207547169,0.3657016449218282,0.1,0.17500000000000002,OLB
2495281.0,Mason Foster,0.4996875,0.4805454743344143,0.1,0.23760683760683765,ILB
2532920.0,Josh Norman,0.467679539295393,0.4462252035503612,0.0,0.20833333333333331,CB
2539943.0,D.J. Swearinger,0.4383841463414634,0.4422546649109447,0.1,0.2412698412698413,FS
2553796.0,Quinton Dunbar,0.4348310810810811,0.4229134046129591,0.05,0.22500000000000006,CB
2557853.0,Ryan Anderson,0.35156418918918914,0.3484707139684813,0.1,0.225,OLB
2558133.0,Montae Nicholson,0.4715359828141783,0.44437739315441455,0.1,0.20306122448979594,FS
2558136.0,Fabian Moreau,0.4760714285714285,0.4620751775251814,0.1,0.2519607843137256,CB
2495190.0,Ryan Kerrigan,0.4201245210727969,0.449901442963192,0.1,0.21428571428571427,OLB
2552276.0,Preston Smith,0.4634146341463415,0.4362836904260505,0.1,0.17931034482758626,OLB
2557880.0,Josh Harvey-Clemons,0.5001923076923077,0.4869270140251243,0.1,0.2432432432432433,ILB
2558009.0,Budda Baker,0.4994781622234827,0.4892798473355777,0.1,0.2868421052631579,FS
2532804.0,Zach Brown,0.5013170163170163,0.4738755301777828,0.1,0.30113636363636365,ILB
2553687.0,Zach Vigil,0.5,0.5962440610152537,0.0,0.3666666666666667,MLB
2560886.0,Greg Stroman,0.5077272727272727,0.537505540938318,0.1,0.3583333333333334,DB
496937.0,Sean Lee,0.5355357142857143,0.4968898424401785,0.1,0.23200000000000004,ILB
2541832.0,Jeff Heath,0.478822463768116,0.4745109241640866,0.0,0.1674418604651163,SS
2552568.0,Byron Jones,0.4954072681704261,0.4701751750755833,0.0,0.2055555555555556,CB
2555310.0,Jaylon Smith,0.5,0.4806207233393863,0.1,0.2540229885057472,MLB
2555536.0,Kavon Frazier,0.5454545454545454,0.5055696935646239,0.1,0.29310344827586204,SS
2557840.0,Chidobe Awuzie,0.5197999999999999,0.5231755966282312,0.2,0.34029850746268664,CB
2495339.0,Da'Norris Searcy,0.3401388888888889,0.3847060675502704,0.15000000000000002,0.26666666666666666,SS
2505708.0,Mike Adams,0.4072222222222223,0.3833054302170581,0.1,0.17272727272727273,FS
2533056.0,Luke Kuechly,0.4798000000000001,0.4611465869437755,0.1,0.31188118811881194,MLB
2552447.0,Shaq Thompson,0.4239393939393939,0.4177634535149233,0.1,0.21967213114754103,OLB
2555175.0,James Bradberry,0.4072222222222223,0.4155290120079896,0.1,0.26067415730337085,CB
2560753.0,Donte Jackson,0.4617509276437847,0.4356567621980519,0.1,0.2500000000000001,CB
80668.0,Captain Munnerlyn,0.4445571499257793,0.4339420171073925,0.1,0.29000000000000004,CB
2552686.0,Damien Wilson,0.3478260869565217,0.4047316874818438,0.0,0.14545454545454548,OLB
2555531.0,Anthony Brown,0.5113953488372094,0.495928803849397,0.1,0.2573333333333334,CB
2560908.0,Leighton Vander Esch,0.5165216216216215,0.4901903827780057,0.1,0.35714285714285715,LB
2499257.0,Colin Jones,0.41935483870967744,0.4120260884785939,0.1,0.2529411764705882,FS
80431.0,Clay Matthews,0.4736842105263158,0.4417403610268216,0.1,0.29534883720930233,OLB
2506789.0,Tramon Williams,0.4330357142857143,0.40603977414881975,0.1,0.18870967741935485,CB
2543470.0,Ha Ha Clinton-Dix,0.4759722222222222,0.4526461643020318,0.1,0.275,FS
2555161.0,Blake Martinez,0.4409722222222222,0.4401684226056647,0.1,0.30999999999999994,ILB
2556480.0,Kentrell Brice,0.4216373411534704,0.4297564474129469,0.1,0.3500000000000001,SS
2557996.0,Kevin King,0.4519354838709677,0.44870330531604014,0.1,0.2871794871794872,CB
2560755.0,Josh Jackson,0.4343478260869566,0.4313772079967269,0.1,0.3848484848484849,CB
2560952.0,Jaire Alexander,0.42857142857142855,0.3882930300272088,0.1,0.2390243902439025,CB
2533048.0,Nick Perry,0.4053497023809524,0.410665211520498,0.1,0.3361111111111111,OLB
2555160.0,Antonio Morrison,0.3939393939393945,0.4036115766108466,0.4,0.3272727272727272,ILB
2556537.0,Reggie Gilbert,0.3303167420814479,0.3346221397929069,0.0,0.21923076923076926,LB
2495108.0,Prince Amukamara,0.4555361813426329,0.4623117931771018,0.0,0.2,CB
2532961.0,Danny Trevathan,0.4867567567567567,0.4722497317614728,0.0,0.2,ILB
2543681.0,Kyle Fuller,0.41379310344827575,0.4271192007815101,0.1,0.23548387096774195,CB
2552385.0,Adrian Amos,0.4764285714285714,0.4534880228970359,0.0,0.18504672897196264,FS
2553500.0,Bryce Callahan,0.5,0.466510611879242,0.0,0.23764705882352946,CB
2555285.0,Leonard Floyd,0.4289285714285714,0.4405020615300478,0.0,0.1873015873015873,OLB
2558176.0,Eddie Jackson,0.42857142857142855,0.4131532454977549,0.0,0.1717171717171718,FS
2552697.0,Jermaine Whitehead,0.4676746323529412,0.4263154652904077,0.05,0.2636363636363636,FS
2555288.0,Nick Kwiatkoski,0.4782608695652173,0.4963055864696217,0.1,0.2384615384615385,ILB
2495101.0,Sam Acho,0.349015444015444,0.349015444015444,0.25,0.25,OLB
2560877.0,Roquan Smith,0.4719444444444444,0.4351290049731699,0.1,0.2769230769230769,LB
71441.0,Glover Quin,0.4583333333333333,0.4417383371334385,0.0,0.1811594202898551,FS
2540288.0,Darius Slay,0.4736842105263158,0.4168271038833327,0.1,0.2679245283018868,CB
2543869.0,Devon Kennard,0.3807142857142858,0.3350212871107281,0.0,0.18307692307692308,OLB
2543872.0,Nevin Lawson,0.5122121212121211,0.4685547121268069,0.1,0.30000000000000004,CB
2552262.0,Quandre Diggs,0.4583333333333333,0.402740704291754,0.1,0.32173913043478264,SS
2557855.0,Jarrad Davis,0.474937343358396,0.4216819976903012,0.1,0.275,MLB
2557924.0,Jalen Reeves-Maybin,0.4282142857142857,0.4548386816006558,0.1,0.2846153846153846,OLB
2558821.0,Jamal Agnew,0.6904761904761905,0.593667181074742,0.4,0.6545454545454547,CB
2534830.0,Tavon Wilson,0.4575,0.4520145524774176,0.2,0.472,SS
2550572.0,Christian Jones,0.5001923076923076,0.48713542910716995,0.1,0.3622222222222222,ILB
2557955.0,Teez Tabor,0.43281746031746027,0.414956922748262,0.1,0.3363636363636364,CB
2495343.0,Buster Skrine,0.4594594594594595,0.4288729868586029,0.1,0.2765957446808511,CB
2533059.0,Morris Claiborne,0.4845454545454545,0.4597155407988897,0.0,0.20973451327433631,CB
2543597.0,Avery Williamson,0.5624086956521739,0.5115875174709473,0.1,0.303125,ILB
2555256.0,Jordan Jenkins,0.525,0.4898688030591988,0.1,0.3262295081967214,OLB
2555322.0,Darron Lee,0.5394736842105263,0.5260627251639961,0.1,0.3333333333333333,ILB
2556617.0,Doug Middleton,0.493919376693767,0.4655507274671719,0.0,0.2065217391304348,S
2557979.0,Jamal Adams,0.5063291139240506,0.4934782869514433,0.1,0.2480314960629921,SS
2532877.0,Trumaine Johnson,0.4883720930232558,0.4610856682147917,0.1,0.3127659574468085,CB
2553353.0,Darryl Roberts,0.6307692307692307,0.5824182839605276,0.1,0.2616438356164384,CB
2561366.0,Frankie Luvu,0.487201540436457,0.4970753822795117,0.05,0.2970588235294118,LB
2540219.0,J.J. Wilcox,0.4736915204678362,0.4193313593122592,0.1,0.125,FS
2552486.0,Leonard Williams,0.4003999999999999,0.4003999999999999,0.7000000000000001,0.7000000000000001,DE
2549896.0,Marquis Flowers,-0.9352173913043584,-0.9352173913043584,0.8,0.8,OLB
1302.0,Aqib Talib,0.588451532430506,0.5392077133031719,0.1,0.21923076923076926,CB
2543487.0,Dominique Easley,0.4722222222222223,0.4399660768081821,0.0,0.15,OLB
2543492.0,Lamarcus Joyner,0.378,0.3890886000195721,0.1,0.19611650485436904,FS
2552320.0,Ramik Wilson,0.4420222222222223,0.420447331326068,0.0,0.34375,ILB
2552488.0,Marcus Peters,0.43654545454545457,0.418949008604997,0.1,0.2472527472527473,CB
2558183.0,John Johnson,0.4088636363636364,0.4051653071359116,0.1,0.22336448598130845,SS
2558830.0,Samson Ebukam,0.40954545454545416,0.4132406993072209,0.1,0.2420289855072464,OLB
2540197.0,Nickell Robey-Coleman,0.4878048780487803,0.458537335096775,0.0,0.2169491525423729,CB
2556277.0,Marqui Christian,0.5161136968085106,0.4924592647610786,0.1,0.27368421052631586,SS
2556593.0,Cory Littleton,0.3933539870689655,0.3881939429732069,0.1,0.337,ILB
2495153.0,Marcus Gilchrist,0.5438916256157635,0.4672906592811917,0.1,0.23965517241379314,FS
2495617.0,Leon Hall,0.5438846153846153,0.4761517381188382,0.1,0.2777777777777778,CB
2507167.0,Reggie Nelson,0.5,0.4380184108818164,0.1,0.3648648648648648,FS
2532986.0,Tahir Whitehead,0.4042553191489361,0.4139486412436473,0.1,0.2704918032786886,OLB
2541200.0,Rashaan Melvin,0.5098039215686274,0.496936845081403,0.1,0.2714285714285714,CB
2558062.0,Gareon Conley,0.4742171052631578,0.4511809558109417,0.05,0.28043478260869564,CB
2506353.0,Derrick Johnson,0.4186046511627907,0.4229457254486908,0.2,0.23913043478260876,ILB
2553722.0,Matt Longacre,0.41528301886792457,0.3808708351719118,0.2,0.3857142857142857,OLB
306.0,Dominique Rodgers-Cromartie,0.4995161290322582,0.5022578850577893,0.0,0.7555555555555556,CB
2557972.0,Marquel Lee,0.4891489361702127,0.4411783194876688,0.0,0.2517241379310345,MLB
2555294.0,Shilique Calhoun,0.5997142857142856,0.5131978000403052,0.30000000000000004,0.42857142857142855,LB
2539233.0,Shawn Williams,0.36666666666666653,0.3892594864629718,0.0,0.12625000000000006,SS
2556817.0,Tony McRae,0.4611538461538461,0.4444981607148013,0.0,0.2384615384615385,CB
2560745.0,Sam Hubbard,0.3176527777777778,0.3176527777777778,0.2,0.2,DE
2552392.0,Jordan Richards,0.4486206896551723,0.3971420379864474,0.1,0.23333333333333334,SS
2561132.0,Foye Oluokun,0.4594594594594595,0.4027081197500222,0.2,0.29696969696969705,LB
2553441.0,David Mayo,0.4239393939393939,0.3981488686626186,0.0,0.3111111111111111,MLB
2561009.0,Marquis Haynes,0.7826086956521737,0.7826086956521737,1.1,1.1,DE
2560775.0,Rashaan Gaulden,0.4746085858585859,0.4427571110651227,0.15000000000000002,0.395,DB
2558171.0,Corn Elder,0.05000000000000016,0.05000000000000016,0.2,0.2,CB
79901.0,Vontae Davis,0.3856770833333333,0.4676822916666666,0.30000000000000004,0.3500000000000001,CB
2532861.0,Casey Hayward,0.4547727272727272,0.44993213497959256,0.0,0.1696629213483146,CB
2541958.0,Jahleel Addae,0.4668888888888886,0.4381685425510049,0.0,0.1912087912087912,SS
2552296.0,Kyle Emanuel,0.493210872162485,0.479391741930297,0.15000000000000002,0.4785714285714285,OLB
2552310.0,Denzel Perryman,0.5092592592592593,0.4644059986841063,0.15000000000000002,0.3460000000000001,ILB
2556828.0,Trevor Williams,0.5555555555555556,0.5072112890192174,0.1,0.2679245283018868,CB
2560760.0,Derwin James,0.4897959183673469,0.4789104109828541,0.1,0.3349397590361446,SS
2507644.0,Ramon Humber,0.45875,0.4090471493399769,0.30000000000000004,0.4222222222222223,OLB
2560928.0,Kyzir White,0.4230769230769231,0.4513891110910185,0.30000000000000004,0.5,LB
2550842.0,Adrian Phillips,0.5166629464285715,0.493816302967882,0.1,0.2896551724137931,SS
2556148.0,Jatavis Brown,0.5526315789473684,0.5209379452684375,0.2,0.33333333333333337,OLB
2557927.0,Desmond King,0.4751473922902494,0.4539646925575802,0.1,0.2517857142857143,CB
2560826.0,Uchenna Nwosu,0.4547727272727272,0.42559317951393866,0.0,0.13333333333333336,LB
2525323.0,Andrew Sendejo,0.5,0.4561694781983367,0.1,0.17812500000000006,SS
2540155.0,Xavier Rhodes,0.5,0.5078546196952158,0.1,0.2475,CB
2543459.0,Anthony Barr,0.5280032258064515,0.4838061911818525,0.05,0.25555555555555554,OLB
2552312.0,Eric Kendricks,0.4997368421052631,0.4718758942140048,0.1,0.26885245901639354,MLB
2552448.0,Trae Waynes,0.4651162790697673,0.46592440073577,0.0,0.1976744186046512,CB
2555177.0,Mackensie Alexander,0.5094811320754715,0.4860323483292842,0.1,0.4833333333333333,CB
2532948.0,Harrison Smith,0.4545454545454546,0.4298984093086991,0.0,0.18524590163934426,FS
2495170.0,Davon House,0.36318181818181816,0.3459443269908386,0.6000000000000001,0.9,CB
2534567.0,Korey Toomer,0.13590909090909098,0.19405471721261186,0.2,0.23333333333333334,MLB
2560746.0,Mike Hughes,0.4444444444444444,0.4103844421407256,0.0,0.21739130434782608,CB
2550164.0,T.J. Carrie,0.5335135135135134,0.4992277914984632,0.1,0.26666666666666666,CB
2556489.0,James Burgess,0.6183636363636363,0.5408315787331818,0.0,0.08461538461538462,OLB
2552484.0,P.J. Williams,0.4807692307692308,0.4654708850727376,0.1,0.2579710144927537,CB
2495493.0,Justin Houston,0.4513737468671679,0.4549502856377105,0.0,0.28500000000000003,DE
2530794.0,Ron Parker,0.3779999999999999,0.3761785575858394,0.0,0.19126213592233016,FS
2543592.0,Anthony Hitchens,0.4550201612903226,0.4334361950708836,0.1,0.3220588235294118,MLB
2555169.0,Reggie Ragland,0.4992534722222227,0.4528457908731442,0.1,0.3175,ILB
2555173.0,Eric Murray,0.4935897435897436,0.4553888202806607,0.0,0.3121212121212121,FS
2556775.0,Terrance Smith,0.5000000000000003,0.4638102214497489,0.2,0.4391304347826088,ILB
2560881.0,Breeland Speaks,0.4193548387096775,0.4085455952029806,0.0,0.2977777777777778,LB
2558849.0,Cameron Sutton,0.39208173690932296,0.4329830501652676,0.1,0.3461538461538462,CB
2307.0,Orlando Scandrick,0.4642857142857144,0.4639802895271217,0.1,0.25820895522388065,CB
2552265.0,Steven Nelson,0.4666666666666667,0.4385596494173313,0.0,0.2459770114942529,CB
2555349.0,Kendall Fuller,0.4587500000000001,0.42597066960095264,0.0,0.24810126582278486,CB
2560921.0,Armani Watts,0.26602335928809784,0.341507789933214,0.0,0.375,DB
2532946.0,Coty Sensabaugh,0.31605263157894736,0.3598150561966156,0.1,0.1836734693877551,CB
2561103.0,Tremon Smith,0.5428571428571428,0.4667301587301587,0.30000000000000004,0.30000000000000004,WR
2558185.0,Tanoh Kpassagnon,0.8,0.8,0.2,0.2,DE
2532800.0,Nigel Bradham,0.4722222222222222,0.4530394109062713,0.1,0.3098360655737705,OLB
2560930.0,Jordan Whitehead,0.4141379310344827,0.4051165342451973,0.1,0.18028169014084508,DB
2550605.0,Marcus Williams,0.09090909090909097,0.2782872645372645,0.1,0.3666666666666667,CB
2543468.0,Mike Evans,0.6520098039215686,0.6520098039215686,1.9,1.9,WR
4263.0,Brett Kern,0.5808064516129035,0.5808064516129035,2.3000000000000003,2.3000000000000003,P
2495234.0,Luke Stocker,0.669435483870968,0.669435483870968,2.4000000000000004,2.4000000000000004,TE
2535701.0,Beau Brinkley,0.717661290322581,0.717661290322581,2.4000000000000004,2.4000000000000004,LS
2541539.0,Daren Bates,0.5454545454545454,0.4563709501025289,0.1,0.5142857142857143,ILB
2541756.0,Brynden Trawick,0.7460317460317463,0.7460317460317463,2.5,2.5,FS
2558942.0,Anthony Firkser,0.6774193548387099,0.6774193548387099,2.3000000000000003,2.3000000000000003,TE
2561033.0,Dane Cruikshank,0.6322058823529411,0.4868620643746221,0.1,0.2571428571428572,DB
2560784.0,Harold Landry,0.4172853535353536,0.3975913248713429,0.0,0.17727272727272728,OLB
2556673.0,Brennan Scarlett,0.6555737704918032,0.6409778890637688,0.1,0.2,OLB
2543811.0,Pierre Desir,0.4001428571428571,0.40448632498097936,0.0,0.2170731707317073,CB
2533016.0,Najee Goode,0.3424329501915709,0.3328934057132787,0.0,0.04,OLB
2539293.0,Gerald Hodges,0.574074074074074,0.5410963764484438,0.1,0.29999999999999993,ILB
2543855.0,Bene' Benwikere,0.5341141304347825,0.5187684195671495,0.0,0.2775862068965517,CB
2553536.0,Troy Hill,0.35938905180840663,0.3899977162173149,0.1,0.235,CB
2556374.0,Blake Countess,0.0885294117647058,0.0885294117647058,0.2,0.2,SS
2553545.0,Isaiah Johnson,0.4668333333333333,0.4668333333333333,0.0,0.0,DB
2552391.0,Jaquiski Tartt,0.4939024390243902,0.364313667993984,0.2,0.45,FS
2552684.0,Mark Nzeocha,0.4170880069025023,0.3859525594691559,0.05,0.18333333333333332,MLB
2558121.0,Elijah Lee,0.5135135135135135,0.4842915143292731,0.1,0.2705882352941177,LB
2558157.0,Ahkello Witherspoon,0.3675324675324675,0.4078420244651766,0.1,0.2833333333333333,CB
2558857.0,Adrian Colbert,0.4244339622641509,0.31454880434797383,0.1,0.26666666666666666,FS
2560917.0,Fred Warner,0.4994444444444445,0.42621828169150666,0.2,0.3617977528089888,LB
2495507.0,Richard Sherman,0.463768115942029,0.3748310958382885,0.0,0.2018181818181818,CB
2556641.0,Romeo Okwara,0.4583333333333333,0.4094205684930262,0.1,0.2909090909090909,DE
2550654.0,K'Waun Williams,0.4740674603174603,0.4474638826492575,0.05,0.38333333333333336,CB
2552494.0,Eli Harold,0.4798000000000001,0.4649514816366429,0.2,0.2,DE
2543741.0,Jimmie Ward,0.3565052552552552,0.3464189890284601,0.0,0.1,FS
2543680.0,Antone Exum,0.3580514705882353,0.3620735454230487,0.0,0.14,FS
494307.0,Darian Stewart,0.4537449971412234,0.4450422268110822,0.05,0.1730769230769231,FS
2495202.0,Von Miller,0.5,0.4753031528237957,0.1,0.2421052631578948,OLB
2506345.0,Adam Jones,0.4088636363636364,0.4503767539257209,0.1,0.3882352941176471,CB
2532898.0,Brandon Marshall,0.4702813852813853,0.43425525020335215,0.1,0.25961538461538464,ILB
2543505.0,Bradley Roby,0.5113333333333333,0.4612122038205522,0.1,0.21698113207547173,CB
2550930.0,Todd Davis,0.4772727272727272,0.4803993675552271,0.1,0.3067796610169491,ILB
2555550.0,Justin Simmons,0.5111111111111111,0.4975343413316914,0.1,0.3012658227848102,SS
2530510.0,Chris Harris,0.5280555555555555,0.4806620152147125,0.1,0.2869565217391305,CB
2550541.0,Shaquil Barrett,0.4908496732026144,0.4448265330077969,0.0,0.28750000000000003,OLB
2556278.0,Will Parks,0.4744444444444445,0.4757812888369238,0.0,0.19090909090909086,FS
2555568.0,Erik Harris,0.4425,0.3854242195054939,0.0,0.20800000000000005,SS
2536032.0,Emmanuel Lamur,0.4804578754578754,0.4452126286012376,0.15000000000000002,0.575,OLB
2560763.0,Josey Jewell,0.5056666666666666,0.518277364589134,0.1,0.26666666666666666,LB
2507917.0,Tramaine Brock,0.5588235294117647,0.5231533287496102,0.0,0.3225806451612903,CB
2552271.0,Geneo Grissom,0.2543796296296296,0.2543796296296296,0.0,0.0,DE
89756.0,Jason McCourty,0.4937211267605634,0.4697936506765792,0.05,0.28846153846153844,CB
2550262.0,Joe Thomas,0.5943452380952381,0.5976129552901303,0.1,0.2833333333333334,ILB
2556512.0,Donte' Deayon,0.4996875,0.513317567205925,0.1,0.30666666666666664,CB
2508080.0,Earl Thomas,0.3835327234342013,0.40402830081897373,0.1,0.1769230769230769,FS
2539243.0,Bradley McDougald,0.4848484848484849,0.4612728491033262,0.1,0.255223880597015,SS
2553456.0,Akeem King,0.4984787018255577,0.4483664676844987,0.2,0.35000000000000003,CB
2553637.0,Justin Coleman,0.4558942307692307,0.44201932729990995,0.0,0.21600000000000005,CB
2557881.0,Tedric Thompson,0.4305398110661269,0.4222163981170508,0.0,0.2,FS
2558259.0,Shaquill Griffin,0.4900000000000001,0.4720290905377601,0.1,0.3220779220779221,CB
2532890.0,Mychal Kendricks,0.4703921568627452,0.4572994292506104,0.1,0.30000000000000004,OLB
2540140.0,Barkevious Mingo,0.38709677419354827,0.3621877337642394,0.2,0.30606060606060603,OLB
2558925.0,Austin Calitro,0.29441176470588226,0.3555782031989794,0.1,0.2923076923076924,LB
2552629.0,Frank Clark,0.07538461538461598,0.07538461538461598,0.2,0.2,DE
494289.0,Sherrick McManis,0.3026276881720432,0.3078336454451178,0.1,0.175,CB
2560822.0,Parry Nickerson,0.5853658536585364,0.5777892356064415,0.1,0.30000000000000004,CB
2560830.0,Isaiah Oliver,0.4690625,0.5444593094067072,0.2,0.4052631578947369,CB
2560946.0,Isaac Yiadom,0.4680555555555555,0.4948926656278522,0.0,0.38,DB
496814.0,Albert McClellan,0.27153716216216217,0.2829114382239383,0.2,0.225,OLB
2495251.0,Shareece Wright,0.560064935064935,0.5390660760584782,0.0,0.2466666666666667,CB
2495488.0,J.J. Watt,0.4666666666666667,0.4666666666666667,1.2000000000000002,1.2000000000000002,DE
2560714.0,Duke Ejiofor,0.5356125921724333,0.5146704025224588,0.1,0.3529411764705883,LB
2561017.0,Sean Chandler,0.6816666666666666,0.6219969756632392,0.30000000000000004,0.6846153846153846,DB
2543456.0,Jadeveon Clowney,0.6250042517006804,0.6250042517006804,1.9,1.9,DE
2560718.0,Rashaan Evans,0.4725,0.419832496845626,0.1,0.4135135135135135,LB
2550659.0,Tyler Patmon,0.4242424242424242,0.4155185814251387,0.0,0.1482758620689655,CB
2561340.0,Tre Herndon,0.5705699233716475,0.44951883265356574,0.1,0.1,CB
2556798.0,Kenneth Durden,0.9210526315789472,0.9210526315789472,1.2000000000000002,1.2000000000000002,CB
2557837.0,Reuben Foster,0.454090909090909,0.3511125307895169,0.0,0.3439024390243902,OLB
2499278.0,Malcolm Smith,0.4217986314760508,0.4058382348970915,0.1,0.28125,OLB
2560850.0,D.J. Reed,0.41822849807445417,0.2924490580748265,0.05,0.25312500000000004,DB
2559208.0,Ryan Lewis,0.3961994002998501,0.39202904664432897,0.0,0.2272727272727273,CB
2559012.0,Eric Wilson,0.4387804878048779,0.37088793355820376,0.0,0.14705882352941174,OLB
2556652.0,Lafayette Pitts,0.41344827586206895,0.4350681368868451,0.5,0.44285714285714295,CB
2555340.0,Kyler Fackrell,0.3534482758620687,0.34690233406226795,0.1,0.2,OLB
1037374.0,Sam Shields,0.3335897435897436,0.3440131043327581,0.0,0.1787878787878788,CB
2560901.0,Kevin Toliver,0.5002941176470588,0.443104359229578,0.0,0.16666666666666666,DB
2532966.0,Bobby Wagner,0.5221739130434782,0.5000689968656025,0.1,0.27260273972602744,MLB
2558159.0,Xavier Woods,0.4416279069767441,0.4411805373877251,0.1,0.15064935064935067,FS
2560728.0,Tre Flowers,0.4516875,0.4445605157459222,0.1,0.293939393939394,CB
2560754.0,J.C. Jackson,0.39202702702702696,0.4048992218646005,0.1,0.2,DB
2506861.0,Brent Grimes,0.457002457002457,0.4529769037330346,0.05,0.16219512195121952,CB
2543643.0,Nat Berhe,0.2104924242424242,0.2381305512016719,0.1,0.3,SS
2552266.0,Anthony Chickillo,0.2857142857142857,0.2936784658572832,0.0,0.2,OLB
2560741.0,Holton Hill,0.39680959874114863,0.35253914887515164,0.05,0.25833333333333336,CB
2555156.0,Jayron Kearse,0.2702702702702703,0.3146832916742894,0.0,0.3764705882352941,SS
2556567.0,Isaiah Johnson,0.5408108108108107,0.508740256895695,0.0,0.1517241379310345,S
2555155.0,Deon Bush,0.5454545454545454,0.526040404040404,0.0,0.0,SS
2560750.0,Joel Iyiegbuniwe,0.10888888888888874,0.10888888888888874,0.1,0.1,LB
2556588.0,Eric Lee,0.3917391304347825,0.3917391304347825,0.0,0.0,DE
2560913.0,Tracy Walker,0.4099767080745341,0.4159672037656973,0.05,0.18571428571428567,DB
2560818.0,Siran Neal,0.13205555555555548,0.13205555555555548,0.15000000000000002,0.15000000000000002,DB
2560984.0,Oren Burks,0.5,0.4416986500678807,0.4,0.5076923076923077,LB
2560982.0,Tony Brown,0.4231168265039232,0.48317679942192204,0.0,0.35000000000000003,CB
2556394.0,Chris Milton,0.5158035714285715,0.5293987973169008,0.1,0.34,CB
2557995.0,Marcus Maye,0.5846153846153846,0.5297611189864235,0.1,0.2178082191780822,FS
2541864.0,Josh Martin,0.4329891304347826,0.4329891304347826,0.0,0.0,OLB
2543563.0,Kevin Pierre-Louis,0.06533333333333324,0.06533333333333324,0.9,0.9,ILB
2559058.0,Maurice Smith,0.5610333333333332,0.5610333333333332,0.6000000000000001,0.6000000000000001,S
2556542.0,Nicholas Grigsby,0.3783783783783782,0.41869997602140463,0.30000000000000004,0.5000000000000001,LB
2555380.0,Cyrus Jones,0.4166666666666665,0.4166666666666665,2.0,2.0,CB
2560795.0,Avonte Maddox,0.3331818181818182,0.33729049935237954,0.1,0.21250000000000005,CB
494277.0,Kendrick Lewis,0.451290322580645,0.4476562875904767,0.1,0.2967741935483871,FS
2558077.0,Delano Hill,0.3633333333333334,0.42054572259282175,0.0,0.19090909090909086,SS
2532871.0,Bruce Irvin,0.8568571428571428,0.8568571428571428,1.9,1.9,LB
2543823.0,E.J. Gaines,0.4883720930232562,0.4958779869557481,0.1,0.4032258064516129,CB
2558971.0,Greg Mabin,0.5638181818181818,0.5142672989663966,0.1,0.2538461538461539,CB
2532431.0,Craig Robertson,0.3437148337595907,0.40578762282642095,0.0,0.36000000000000004,OLB
2558988.0,Lenzy Pipkins,0.4378125,0.454555310803947,0.30000000000000004,0.41764705882352937,CB
2559087.0,Arthur Maulet,0.27242424242424235,0.3181355677122037,0.1,0.2130434782608696,CB
2539280.0,John Simon,0.2380952380952379,0.2380952380952379,0.0,0.0,DE
2561131.0,George Odum,0.3567857142857142,0.3567857142857142,0.0,0.0,FS
2561157.0,Keion Crossen,0.19241312741312733,0.1946879233556865,0.1,0.1,DB
2553562.0,Dean Marlowe,0.10588709677419368,0.10588709677419368,0.2,0.2,DB
2540152.0,Eric Reid,0.4678998316498316,0.4466699214370433,0.1,0.20322580645161287,SS
2561093.0,Jermaine Carter,0.2857142857142857,0.2823058489444474,0.0,0.18,LB
2533058.0,Vontaze Burfict,0.4308367071524966,0.4216548741882133,0.05,0.195,OLB
2552321.0,Stephone Anthony,0.4077777777777778,0.4077777777777778,0.5,0.5,MLB
2508107.0,Jimmy Smith,0.4186730769230769,0.4191363571326188,0.0,0.2375,CB
2535609.0,DeShawn Shead,0.4175365497076024,0.4150013010492349,0.0,0.1714285714285714,CB
2558119.0,Josh Jones,0.3602620967741934,0.3716066104452125,0.1,0.2,SS
2556587.0,Cre'von LeBlanc,0.6534666666666666,0.6541559250894033,0.5,0.42,CB
2560808.0,Quenton Meeks,0.52,0.5285895532730089,0.5,0.6375000000000001,CB
2555542.0,Jordan Lucas,0.3042929292929292,0.3621604186468805,0.0,0.1735294117647059,FS
2556711.0,Jarrod Wilson,0.3851744186046511,0.4098389823519708,0.4500000000000001,0.6000000000000001,SS
2560827.0,Dorian O'Daniel,0.5535714285714286,0.5011100024855802,0.30000000000000004,0.2888888888888889,LB
2561020.0,Bradley Chubb,0.6947190656565655,0.6947190656565655,0.05,0.05,DE
2555171.0,Tyler Matakevich,0.2211675824175825,0.2321374349334876,0.4500000000000001,0.55,ILB
2535613.0,L.J. Fort,0.2959259259259259,0.3821615308600389,0.2,0.2846153846153846,ILB
2495136.0,Bruce Carter,0.5233162393162393,0.5782959866220736,0.25,0.4,ILB
2556443.0,Sharrod Neasman,0.4471052631578948,0.4372032364717252,0.1,0.262962962962963,SS
2560897.0,Matthew Thomas,0.7496363636363637,0.7496363636363637,0.9,0.9,LB
2555394.0,Daryl Worley,0.4807692307692308,0.4495194984808631,0.1,0.4172413793103449,CB
2559164.0,Michael Davis,0.5381274131274131,0.5251773711230028,0.0,0.3281250000000001,CB
2558168.0,Rasul Douglas,0.4589883592017737,0.4261989906468863,0.0,0.14285714285714285,CB
2541741.0,LaRoy Reynolds,0.6379310344827587,0.6379310344827587,1.0,1.0,MLB
2532789.0,Mark Barron,0.42078947368421055,0.4241369232417576,0.2,0.3953488372093023,ILB
2557920.0,Jourdan Lewis,0.5283018867924528,0.5395393225387977,0.1,0.3210526315789474,CB
2553710.0,Deshazor Everett,0.5433720930232561,0.5433720930232561,1.85,1.85,SS
2559181.0,Justin Hardee,0.56,0.5627934570394444,0.0,0.3076923076923077,DB
2533534.0,Olivier Vernon,0.43467391304347824,0.4002400729504236,0.05,0.22083333333333333,DE
2533459.0,Nate Stupar,0.4444444444444442,0.3669611788843406,0.1,0.30000000000000004,ILB
2541431.0,Kemal Ishmael,0.4615384615384616,0.4975755596111506,0.1,0.24285714285714285,FS
2556456.0,Andrew Adams,0.6813043478260871,0.6384050614391322,0.1,0.3533333333333333,FS
2556934.0,Javien Elliott,0.7405555555555554,0.6509270311520761,0.0,0.2533333333333333,CB
2507843.0,Vincent Rey,0.1976102941176472,0.21205088569518712,0.1,0.2,OLB
2560839.0,Darius Phillips,0.3736428571428571,0.4352650128628919,0.1,0.255,CB
2558182.0,Rayshawn Jenkins,0.4036538461538461,0.4173242188489906,0.1,0.3454545454545455,SS
2557931.0,Cordrea Tankersley,0.5057384403036577,0.5057384403036577,0.1,0.1,CB
2532869.0,George Iloka,0.5086979969183358,0.49713495425758203,0.05,0.15,FS
2558033.0,Ben Gedeon,0.3902474340175953,0.3890904402345688,0.45,0.5666666666666668,OLB
2553655.0,Anthony Harris,0.3581137992831541,0.347099681056568,0.0,0.15000000000000002,FS
2543712.0,Terrence Brooks,0.3681578947368421,0.3973177791314265,0.0,0.03333333333333334,SS
238227.0,Mike Mitchell,0.4,0.40895033413964943,0.0,0.1272727272727273,FS
2561149.0,Matthew Adams,0.24172413793103445,0.3173598039684059,0.0,0.6,ILB
2553817.0,Corey Moore,0.5948383838383837,0.4998598456142693,0.2,0.5166666666666667,SS
2506352.0,Thomas Davis,0.4764529015979815,0.4676775646455754,0.1,0.2727272727272728,OLB
2556550.0,Josh Hawkins,0.12499999999999993,0.12499999999999993,0.2,0.2,CB
2559934.0,Justin Lawler,0.30230769230769217,0.30230769230769217,0.05,0.05,DE
2552259.0,Josh Shaw,0.2492572463768115,0.28055060510516605,0.30000000000000004,0.25,CB
2507948.0,Frank Zombo,0.3711428571428571,0.3719230769230769,0.2,0.3,OLB
2558174.0,Rudy Ford,0.254375,0.2403794642857142,0.05,0.05,S
2539937.0,Shamarko Thomas,0.40028571428571424,0.40028571428571424,0.0,0.0,SS
2532870.0,Melvin Ingram,0.8514814814814815,0.8514814814814815,2.3000000000000003,2.3000000000000003,DE
2537931.0,Josh Gordon,0.5261848651479446,0.5261848651479446,0.2,0.2,WR
2543739.0,Dontae Johnson,0.5894871794871798,0.5440351813020393,0.1,1.1666666666666667,CB
2543874.0,Andre Hal,0.676344696969697,0.5204265501655209,0.30000000000000004,0.35000000000000003,FS
2558853.0,Mike Tyson,0.6039583333333333,0.5549012439241,0.0,0.1702702702702703,CB
2555547.0,KeiVarae Russell,0.3891269841269841,0.3894096828043696,0.4,0.5666666666666668,CB
2561383.0,Ben Niemann,0.6507949412827462,0.5967546134985159,0.45,0.6000000000000001,LB
2561417.0,Charvarius Ward,0.6673333333333338,0.6673333333333338,0.4,0.4,CB
2558165.0,Tarell Basham,0.6076923076923078,0.5581182338851971,0.55,0.5666666666666667,LB
2508007.0,Marcus Sherels,0.6732653061224488,0.6732653061224488,1.3,1.3,CB
2555168.0,Kentrell Brothers,0.5856490929705215,0.5856490929705215,1.1,1.1,MLB
2543608.0,Dexter McDougle,0.4634090909090908,0.4370344621040783,0.15000000000000002,0.42,CB
2560764.0,Danny Johnson,0.4476315789473684,0.4181696844535467,0.5,0.4888888888888889,DB
2552307.0,Bryce Hager,0.5232521974306967,0.5232521974306967,0.65,0.65,ILB
2561117.0,Tarvarius Moore,0.4727554278416347,0.4727554278416347,0.7000000000000001,0.7000000000000001,DB
2560948.0,Trevon Young,0.19047619047619044,0.19047619047619044,0.30000000000000004,0.30000000000000004,OLB
2561318.0,Tae Davis,0.541811440677966,0.5024765261778191,0.45,0.5166666666666666,ILB
2560759.0,Natrell Jamerson,0.6428571428571429,0.5825939170837189,0.1,0.3631578947368421,DB
2553719.0,Josh Keyes,0.5154545454545454,0.5003896103896103,0.0,0.03333333333333333,OLB
2535693.0,Johnson Bademosi,0.6039583333333333,0.6039583333333333,0.0,0.0,CB
2558241.0,Blair Brown,0.43718749999999984,0.43718749999999984,0.0,0.0,OLB
2559260.0,Tre Sullivan,0.5814285714285714,0.5273576680672267,0.5,0.725,DB
2555307.0,Devante Bond,0.3338888888888891,0.31016355621472425,0.30000000000000004,0.9,OLB
2495252.0,K.J. Wright,0.5386538461538461,0.5108532464545381,0.1,0.26521739130434785,OLB
2561001.0,Grant Haley,0.5013942307692308,0.4783095134520648,0.4,0.4785714285714287,CB
2532974.0,Kyle Wilber,0.6502859545836837,0.6502859545836837,0.05,0.05,OLB
2555342.0,Karl Joseph,0.3929078014184396,0.4107878765000867,0.0,0.11666666666666665,SS
2560819.0,Nick Nelson,0.4199999999999999,0.397295099578448,0.2,0.2363636363636364,CB
2559054.0,Nicholas Morrow,0.4995263157894737,0.4897709075701779,0.1,0.525,ILB
2560986.0,Jason Cabinda,0.4768226950354609,0.43078932370820666,0.0,0.1,LB
2556655.0,Tyvis Powell,0.5564930300807044,0.5254597875177197,0.30000000000000004,0.3071428571428572,DB
2559270.0,Robert Tonyan,0.2857142857142857,0.2857142857142857,0.30000000000000004,0.30000000000000004,TE
2561207.0,Raven Greene,0.3490697674418604,0.4214495165402544,0.0,0.2666666666666667,FS
2535867.0,Julian Stanford,0.5212906073446327,0.4398686463346989,0.35000000000000003,0.5,ILB
496961.0,Dekoda Watson,0.35238095238095235,0.32241096372500544,0.0,0.08333333333333333,OLB
2561006.0,Marcell Harris,0.6764705882352939,0.6764705882352939,1.2000000000000002,1.2000000000000002,FS
2560724.0,Kylie Fitts,0.3999583333333333,0.3390863095238094,0.0,0.0,LB
2559287.0,Isaiah Irving,0.3939393939393939,0.33795844155844146,0.0,0.06000000000000001,LB
2555381.0,DeAndre Houston-Carson,0.4669999999999999,0.4669999999999999,0.0,0.0,FS
2553736.0,Denzel Rice,0.2436585365853659,0.2436585365853659,0.30000000000000004,0.30000000000000004,DB
2558289.0,Tanner Vallejo,0.4519354838709677,0.4926285090645692,0.1,0.30526315789473685,LB
2561278.0,Tavierre Thomas,0.06795454545454584,0.06795454545454584,0.2,0.2,CB
2553657.0,Neville Hewitt,0.4040425531914891,0.4040425531914891,0.0,0.0,OLB
2561147.0,Cornell Armstrong,0.0680059523809523,0.0680059523809523,0.05,0.05,CB
2543724.0,Walt Aikens,0.12907407407407387,0.12907407407407387,0.2,0.2,CB
2495454.0,Julio Jones,0.3238235294117646,0.3238235294117646,0.0,0.0,WR
2539219.0,Blidi Wreh-Wilson,0.4402752639517344,0.4402752639517344,0.0,0.0,CB
2560976.0,Keishawn Bierria,0.42052631578947375,0.42052631578947375,0.0,0.0,LB
2555345.0,Su'a Cravens,0.3545833333333332,0.42104161070821017,0.2,0.2333333333333333,DB
2552730.0,Brian Peters,0.6615384615384615,0.6693273745034308,1.3,1.1,ILB
2543571.0,Bashaud Breeland,0.4489795918367347,0.4246270414284372,0.1,0.2866666666666667,CB
2533542.0,Josh Robinson,0.3795642857142857,0.3795642857142857,0.8,0.8,CB
2541192.0,Chris Banjo,0.33965517241379306,0.33965517241379306,0.8500000000000001,0.8500000000000001,SS
2555421.0,Yannick Ngakoue,0.2169565217391305,0.2169565217391305,0.30000000000000004,0.30000000000000004,DE
744.0,Calais Campbell,0.5757575757575758,0.5757575757575758,0.5,0.5,DE
2522602.0,Matt Overton,0.7272727272727273,0.7272727272727273,1.6,1.6,LS
2539230.0,Abry Jones,0.5625,0.5625,1.0,1.0,NT
2553318.0,James O'Shaughnessy,0.4819642857142859,0.4819642857142859,0.30000000000000004,0.30000000000000004,TE
2553833.0,Josh Lambo,0.35890625,0.35890625,0.5,0.5,K
2561161.0,Logan Cooke,0.7241379310344828,0.7241379310344828,0.6000000000000001,0.6000000000000001,P
2550257.0,Daniel Sorensen,0.6142105263157894,0.6213902618328531,0.7000000000000001,0.781818181818182,SS
2560914.0,Levi Wallace,0.37777777777777777,0.40306355970620494,0.0,0.13846153846153847,CB
2530763.0,Patrick DiMarco,0.29629629629629595,0.29629629629629595,0.4,0.4,FB
2541848.0,Deon Lacey,0.5804444444444444,0.5473267419962333,0.35000000000000003,0.4500000000000001,OLB
2543767.0,Logan Thomas,0.22222222222222185,0.22222222222222185,0.4,0.4,TE
2556526.0,Reid Ferguson,0.3333333333333329,0.3333333333333329,0.5,0.5,LS
2556714.0,Eddie Yarbrough,0.2596296296296292,0.2596296296296292,0.4,0.4,DE
2560729.0,Robert Foster,0.44827586206896536,0.44827586206896536,1.4,1.4,WR
2556614.0,Cassanova McKinzy,0.5571701090074583,0.4720846095355912,0.1,0.2,LB
2553774.0,Cameron Lynch,0.6969696969696971,0.6969696969696971,0.6000000000000001,0.6000000000000001,OLB
2552313.0,Hayes Pullard,0.7964814814814815,0.7964814814814815,1.4,1.4,MLB
2560887.0,Chandon Sullivan,0.3171925403225806,0.2809366956932052,0.25,0.3250000000000001,CB
