nflId,name,med_hrr,average_hrr,med_hrt,ave_hrt,position,reactionpos+/-,reactionleague+/-
79848.0,Malcolm Jenkins,0.4724999999999999,0.4541058213239249,0.0,0.198876404494382,SS,-0.14118409680207428,0.05193243903344957
2552315.0,Jordan Hicks,0.4668888888888889,0.4480760554552549,0.0,0.21290322580645168,MLB,-0.11290322580645169,0.037905617721379875
2552689.0,Ronald Darby,0.4907407407407407,0.4635585649493626,0.0,0.2710526315789473,CB,-0.21105263157894733,-0.020243788051115763
2555383.0,Jalen Mills,0.4259722222222222,0.43771963384606,0.1,0.2447368421052632,CB,-0.1847368421052632,0.006072001422568363
2539334.0,Desmond Trufant,0.4702941176470588,0.44829228719061104,0.1,0.25742574257425743,CB,-0.19742574257425743,-0.0066168990464258726
2552301.0,Vic Beasley,0.5114701897018971,0.4784332027482157,0.1,0.2322580645161291,DE,-0.1322580645161291,0.018550779011702462
2555255.0,De'Vondre Campbell,0.4638501742160279,0.4243608180045705,0.1,0.24666666666666665,OLB,-0.15333333333333327,0.004142176861164915
2556445.0,Brian Poole,0.48111111111111104,0.435898810434511,0.0,0.2291139240506329,CB,-0.1691139240506329,0.02169491947719865
2539653.0,Robert Alford,0.4594594594594595,0.4509173239580889,0.0,0.2423529411764706,CB,-0.1823529411764706,0.008455902351360955
2557967.0,Duke Riley,0.5145173453996983,0.4705088269164157,0.2,0.3383333333333333,OLB,-0.24499999999999994,-0.08752448980550176
2558184.0,Damontae Kazee,0.4333333333333333,0.40237875800325706,0.0,0.18172043010752686,SS,-0.12402812241521916,0.0690884134203047
2539240.0,Micah Hyde,0.3727118644067797,0.3868305573129523,0.0,0.2075949367088608,SS,-0.1499026290165531,0.04321390681897075
2539290.0,Jordan Poyer,0.4331919642857143,0.4204171409201761,0.0,0.2347826086956521,FS,-0.1878129117259551,0.016026234832179465
2557867.0,Tre'Davious White,0.4142156862745098,0.38900834374000026,0.05,0.2616279069767442,CB,-0.2016279069767442,-0.010819063448912647
2557969.0,Matt Milano,0.4716981132075472,0.4568334360911955,0.2,0.3949367088607596,OLB,-0.3016033755274262,-0.14412786533292804
2560713.0,Tremaine Edmunds,0.4830989010989012,0.4593250997137716,0.2,0.41,LB,-0.27249999999999996,-0.15919115647216842
4365.0,Brandon Carr,0.4734210526315786,0.4502555504385192,0.1,0.2703703703703704,CB,-0.21037037037037043,-0.019561526842538868
2495775.0,Eric Weddle,0.40931818181818175,0.4168842084558773,0.0,0.17422680412371136,FS,-0.1272571071540144,0.0765820394041202
2540164.0,Tony Jefferson,0.5148484848484847,0.4787123861199594,0.1,0.2781609195402299,SS,-0.2204686118479222,-0.027352076012398363
2543464.0,C.J. Mosley,0.5229230769230768,0.508479543415837,0.1,0.3917808219178083,ILB,-0.29678082191780825,-0.14097197838997672
2552279.0,Za'Darius Smith,0.4247356544165054,0.4469561592027259,0.1,0.2984375,OLB,-0.20510416666666664,-0.04762865647216846
2555378.0,Tavon Young,0.4180107526881721,0.4143723225389414,0.0,0.1903225806451613,CB,-0.1303225806451613,0.060486262882670255
2558067.0,Marlon Humphrey,0.4419901960784314,0.4533125157389299,0.1,0.3075757575757576,CB,-0.24757575757575762,-0.056766914047926054
2505660.0,Terrell Suggs,0.4318181818181818,0.4449281540615877,0.0,0.21940298507462688,OLB,-0.12606965174129353,0.03140585845320468
2555505.0,Matt Judon,0.4657002314814814,0.4864884492057176,0.1,0.30000000000000004,OLB,-0.20666666666666667,-0.049191156472168485
2552389.0,Damarious Randall,0.4940967607973421,0.44868388359998657,0.0,0.17279411764705882,CB,-0.11279411764705882,0.07801472588077274
2555166.0,Joe Schobert,0.5559550561797753,0.5334018484713635,0.1,0.3029411764705883,MLB,-0.20294117647058835,-0.052132332942756765
2556475.0,Briean Boddy-Calhoun,0.4243690349946977,0.43348366428344803,0.0,0.1852941176470589,CB,-0.1252941176470589,0.06551472588077267
2557980.0,Jabrill Peppers,0.5129568106312292,0.4726385740129189,0.0,0.2093023255813954,FS,-0.1623326286116984,0.04150651794643617
2560916.0,Denzel Ward,0.5161290322580645,0.4794601978514218,0.1,0.2815126050420169,CB,-0.22151260504201692,-0.030703761514185357
496733.0,Joe Haden,0.3235294117647058,0.3460764904585604,0.1,0.20250000000000004,CB,-0.14250000000000004,0.04830884352783152
2540221.0,Vince Williams,0.3668518518518519,0.3883535308127167,0.1,0.2153846153846154,ILB,-0.12038461538461537,0.03542422814321616
2552289.0,Bud Dupree,0.3079815986198965,0.3164020167699972,0.0,0.18974358974358976,OLB,-0.0964102564102564,0.061065253784241796
2555386.0,Sean Davis,0.35714285714285715,0.3764718465179859,0.0,0.1736842105263158,SS,-0.11599190283400809,0.07712463300151576
2558064.0,T.J. Watt,0.3703703703703703,0.36808636295105374,0.1,0.27341772151898736,OLB,-0.18008438818565398,-0.022608877991155796
2560712.0,Terrell Edmunds,0.3448275862068965,0.3616355803481967,0.1,0.20674157303370788,S,-0.10674157303370786,0.04406727049412368
2539311.0,Jamie Collins,0.5555555555555557,0.506122524992671,0.1,0.24521739130434786,OLB,-0.1518840579710145,0.0055914522234837005
2543720.0,Christian Kirksey,0.4772321428571428,0.4826127367408306,0.1,0.3735294117647059,OLB,-0.2801960784313725,-0.12272056823687433
2555540.0,Derrick Kindred,0.4778019856591286,0.4218771441193421,0.0,0.19615384615384612,SS,-0.1384615384615384,0.05465499737398544
2560964.0,Genard Avery,0.4747500000000001,0.44855375071390496,0.0,0.25185185185185194,LB,-0.11435185185185193,-0.001043008324020378
2539978.0,Jon Bostic,0.4997368421052632,0.4707912651995345,0.1,0.30508474576271194,ILB,-0.2100847457627119,-0.05427590223488038
2556559.0,Mike Hilton,0.3918454391891891,0.3900612377064906,0.1,0.3096153846153846,CB,-0.24961538461538463,-0.058806541087553066
2552386.0,Clayton Geathers,0.4230769230769231,0.4110591932957264,0.1,0.18169014084507049,FS,-0.13472044387537352,0.06911870268276107
2558060.0,Malik Hooker,0.40783090783090775,0.41801848897641497,0.1,0.221,FS,-0.17403030303030304,0.029808843527831558
2558108.0,Nate Hairston,0.4763104838709678,0.4527876389225637,0.1,0.2267857142857143,CB,-0.16678571428571431,0.024023129242117247
2560789.0,Darius Leonard,0.4841935483870967,0.4550546962964779,0.1,0.250632911392405,LB,-0.113132911392405,0.00017593213542654862
2558976.0,Kenny Moore,0.4330830039525692,0.43152316167369503,0.1,0.3121212121212121,CB,-0.2521212121212121,-0.06131236859338052
2543814.0,Preston Brown,0.5219565217391304,0.4691451725357626,0.2,0.3226415094339624,MLB,-0.22264150943396244,-0.07183266590613085
2556367.0,William Jackson,0.4563833746898262,0.4284119001618175,0.0,0.20612244897959187,CB,-0.14612244897959187,0.044686394548239694
2560970.0,Jessie Bates,0.4631887985546521,0.4424613473783623,0.1,0.17627118644067796,S,-0.07627118644067794,0.0745376570871536
2533060.0,Dre Kirkpatrick,0.4952403846153845,0.4772459000880678,0.1,0.2677083333333334,CB,-0.20770833333333338,-0.01689948980550182
2558851.0,Anthony Walker,0.459016393442623,0.4537112621187386,0.1,0.32539682539682546,ILB,-0.23039682539682543,-0.0745879818689939
496739.0,Reshad Jones,0.4140916736753573,0.4152068887621501,0.1,0.21346153846153845,SS,-0.15576923076923074,0.03734730506629311
2539309.0,T.J. McDonald,0.3874193548387096,0.4034914473249049,0.0,0.14400000000000002,SS,-0.08630769230769231,0.10680884352783154
2539935.0,Kiko Alonso,0.5075757575757576,0.4753780169990025,0.1,0.2735294117647059,OLB,-0.18019607843137253,-0.02272056823687435
2555539.0,Xavien Howard,0.4515350877192982,0.4448639338232088,0.05,0.2657142857142858,CB,-0.2057142857142858,-0.014905442186454232
2558070.0,Raekwon McMillan,0.5151515151515149,0.5019566014391676,0.30000000000000004,0.4294117647058823,LB,-0.2919117647058823,-0.17860292117805077
2354.0,Wesley Woodyard,0.5,0.4684131422732126,0.1,0.279245283018868,ILB,-0.18424528301886794,-0.028436439491036414
71423.0,Brian Orakpo,0.3522813990461049,0.40046218801181344,0.05,0.2607142857142857,OLB,-0.1673809523809523,-0.009905442186454116
2539320.0,Kenny Vaccaro,0.3697826086956522,0.3802776162510083,0.0,0.17636363636363636,SS,-0.11867132867132865,0.0744452071641952
2540162.0,Logan Ryan,0.3995689655172413,0.4134876791078212,0.0,0.20540540540540544,CB,-0.14540540540540545,0.045403438122426115
2550613.0,Malcolm Butler,0.4129513184584178,0.41563772893872064,0.0,0.22027027027027027,CB,-0.16027027027027027,0.03053857325756129
2555158.0,Kevin Byard,0.37354651162790703,0.4033835495345887,0.0,0.18333333333333332,FS,-0.13636363636363635,0.06747551019449824
2558005.0,Jayon Brown,0.5,0.4738677421177789,0.1,0.27662337662337666,ILB,-0.18162337662337663,-0.0258145330955451
2558065.0,Adoree' Jackson,0.37799999999999995,0.4104856475922135,0.0,0.20746268656716416,CB,-0.14746268656716416,0.043346156960667404
2560725.0,Minkah Fitzpatrick,0.4613461538461538,0.4530751207097846,0.1,0.2508474576271187,S,-0.15084745762711865,-3.8614099287126447e-05
496735.0,Kareem Jackson,0.5154545454545454,0.5061889898309728,0.1,0.2201680672268908,CB,-0.1601680672268908,0.030640776300940753
2495872.0,Johnathan Joseph,0.4952830188679245,0.4582305591163178,0.1,0.17790697674418607,CB,-0.11790697674418607,0.07290186678364549
2533049.0,Whitney Mercilus,0.4875609756097562,0.4715338564976506,0.0,0.15600000000000006,OLB,-0.06266666666666669,0.0948088435278315
2540180.0,Tyrann Mathieu,0.5275418604651163,0.5087991413334828,0.0,0.17500000000000002,FS,-0.12803030303030305,0.07580884352783154
2560851.0,Justin Reid,0.5353521126760562,0.5014863903714472,0.1,0.271264367816092,SS,-0.21357206012378427,-0.020455524288260418
71251.0,Patrick Chung,0.5514293085655315,0.4870698272802202,0.1,0.24459459459459465,SS,-0.18690228690228694,0.00621424893323691
494287.0,Devin McCourty,0.5201547619047621,0.4638735284594115,0.1,0.2086538461538462,FS,-0.1616841491841492,0.04215499737398537
2533057.0,Dont'a Hightower,0.4669331195602382,0.43948585881651625,0.1,0.1717948717948718,MLB,-0.0717948717948718,0.07901397173295976
2533062.0,Stephon Gilmore,0.4744067796610171,0.4494873494624689,0.0,0.2638297872340426,CB,-0.2038297872340426,-0.013020943706211041
2541243.0,Duron Harmon,0.4404520917678811,0.4132568470893522,0.0,0.16212121212121214,FS,-0.11515151515151516,0.08868763140661942
2543699.0,Kyle Van Noy,0.5111111111111111,0.4741688382083442,0.1,0.3012658227848102,OLB,-0.2079324894514768,-0.05045697925697862
2552490.0,Benardrick McKinney,0.5348837209302325,0.5281604762214046,0.1,0.26138613861386145,ILB,-0.16638613861386142,-0.010577295086029892
2558094.0,Zach Cunningham,0.5228571428571429,0.5183030648441165,0.1,0.3012987012987013,ILB,-0.20629870129870126,-0.05048985777086973
2556571.0,Jonathan Jones,0.5821891534391542,0.5329597904207813,0.1,0.32678571428571435,CB,-0.26678571428571435,-0.07597687075788279
2532828.0,Lavonte David,0.4615384615384616,0.4560225653075687,0.1,0.1891089108910892,OLB,-0.09577557755775583,0.061699932636742366
2552592.0,Kwon Alexander,0.4732703081232493,0.43991632207795067,0.1,0.2558823529411765,MLB,-0.15588235294117653,-0.005073509413344945
2557945.0,Justin Evans,0.4289285714285714,0.4115596631618745,0.0,0.1408695652173913,SS,-0.08317725752508359,0.10993927831044026
2561039.0,Carlton Davis,0.4999999999999999,0.4687130523789148,0.1,0.2932584269662922,CB,-0.23325842696629218,-0.042449583438460614
2533008.0,Demario Davis,0.5360714285714285,0.5241125706338401,0.1,0.3282352941176471,ILB,-0.2332352941176471,-0.07742645058981557
2555530.0,Vonn Bell,0.5384615384615383,0.5133170824964463,0.1,0.23703703703703705,FS,-0.19006734006734005,0.013771806490794514
2556735.0,Ken Crawley,0.5586065573770491,0.5111610548148993,0.1,0.2907894736842105,CB,-0.2307894736842105,-0.03998063015637893
2558061.0,Marshon Lattimore,0.5063522727272729,0.4700693817894001,0.0,0.25222222222222224,CB,-0.19222222222222224,-0.0014133786943906768
2558163.0,Alex Anzalone,0.5,0.4741954518269621,0.1,0.3596153846153847,OLB,-0.26628205128205135,-0.10880654108755317
2558847.0,Marcus Williams,0.4891252955082742,0.4613151334536312,0.0,0.2465517241379311,FS,-0.19958202716823414,0.004257119389900449
2560884.0,M.J. Stewart,0.4615384615384617,0.4550855226989083,0.1,0.23137254901960785,CB,-0.17137254901960786,0.019436294508223706
2539982.0,A.J. Klein,0.5382051282051282,0.5099493246032419,0.1,0.2469135802469136,OLB,-0.15358024691358024,0.0038952632809179655
2539338.0,B.W. Webb,0.4395454545454545,0.4693295976473802,0.1,0.29354838709677417,CB,-0.23354838709677417,-0.042739543568942606
2540143.0,Alec Ogletree,0.4793555008210179,0.4883537280596154,0.1,0.35957446808510635,LB,-0.22207446808510634,-0.10876562455727479
2552454.0,Landon Collins,0.4750814536340853,0.4697050331973382,0.1,0.31578947368421056,SS,-0.25809716599190285,-0.064980630156379
2553822.0,Curtis Riley,0.4242424242424242,0.43112019856061207,0.1,0.20841121495327106,FS,-0.1614415179835741,0.0423976285745605
2555277.0,Eli Apple,0.4454411764705882,0.4528531999514966,0.1,0.34210526315789475,CB,-0.28210526315789475,-0.09129641963006319
2532875.0,Janoris Jenkins,0.4099999999999999,0.3993182691441648,0.0,0.1724137931034483,CB,-0.11241379310344829,0.07839505042438327
2561015.0,Lorenzo Carter,0.4649959349593496,0.4616583231758868,0.15000000000000002,0.3574074074074073,OLB,-0.2640740740740739,-0.10659856387957573
494259.0,Barry Church,0.375,0.38564200388733455,0.1,0.20740740740740746,SS,-0.14971509971509975,0.0434014361204241
2532848.0,Tashaun Gipson,0.4083673469387755,0.4094801384251209,0.1,0.20259740259740253,FS,-0.15562770562770556,0.048211440930429034
2541162.0,A.J. Bouye,0.36931818181818177,0.3822272999389125,0.0,0.2365384615384616,CB,-0.1765384615384616,0.014270381989369973
2543711.0,Telvin Smith,0.4451686507936506,0.43245469017461546,0.1,0.2833333333333333,OLB,-0.18999999999999995,-0.032524489805501766
2555280.0,Jalen Ramsey,0.4513946869070208,0.4457256856803245,0.1,0.29000000000000004,CB,-0.23000000000000004,-0.039191156472168476
2555329.0,Myles Jack,0.4393939393939394,0.4219324360942179,0.2,0.29879518072289163,OLB,-0.20546184738955825,-0.04798633719506007
2495504.0,Patrick Peterson,0.5056976744186046,0.4999621970375434,0.0,0.2274509803921569,CB,-0.1674509803921569,0.023357863135674672
2495807.0,Antoine Bethea,0.5056666666666666,0.4939825046936492,0.0,0.2240000000000001,FS,-0.1770303030303031,0.026808843527831472
2530491.0,Josh Bynes,0.5124544311753614,0.4957956060563685,0.1,0.30094339622641514,ILB,-0.2059433962264151,-0.05013455269858358
2543830.0,Tre Boston,0.5113333333333332,0.4813861916038951,0.0,0.22473118279569887,FS,-0.17776148582600187,0.02607766073213269
2557887.0,Haason Reddick,0.4680851063829787,0.4668068283335661,0.1,0.3631578947368422,ILB,-0.26815789473684215,-0.11234905120901062
2495281.0,Mason Foster,0.4996875,0.4805454743344143,0.1,0.23760683760683765,ILB,-0.14260683760683762,0.013202005920993909
2532920.0,Josh Norman,0.4676795392953929,0.4462252035503612,0.0,0.2083333333333333,CB,-0.1483333333333333,0.04247551019449827
2539943.0,D.J. Swearinger,0.4383841463414634,0.4422546649109447,0.1,0.2412698412698413,FS,-0.1943001443001443,0.009539002257990259
2553796.0,Quinton Dunbar,0.4348310810810811,0.4229134046129591,0.05,0.2250000000000001,CB,-0.1650000000000001,0.02580884352783147
2558133.0,Montae Nicholson,0.4715359828141783,0.44437739315441455,0.1,0.20306122448979594,FS,-0.15609152752009897,0.04774761903803562
2558136.0,Fabian Moreau,0.4760714285714285,0.4620751775251814,0.1,0.2519607843137256,CB,-0.1919607843137256,-0.0011519407858940345
2495190.0,Ryan Kerrigan,0.4201245210727969,0.449901442963192,0.1,0.21428571428571427,OLB,-0.12095238095238091,0.036523129242117286
2552276.0,Preston Smith,0.4634146341463415,0.4362836904260505,0.1,0.17931034482758626,OLB,-0.0859770114942529,0.0714984987002453
2558009.0,Budda Baker,0.4994781622234827,0.4892798473355777,0.1,0.2868421052631579,FS,-0.2398724082934609,-0.03603326173532634
2532804.0,Zach Brown,0.5013170163170163,0.4738755301777828,0.1,0.30113636363636365,ILB,-0.20613636363636362,-0.05032752010853209
2541832.0,Jeff Heath,0.478822463768116,0.4745109241640866,0.0,0.1674418604651163,SS,-0.1097495527728086,0.08336698306271526
2552568.0,Byron Jones,0.4954072681704261,0.4701751750755833,0.0,0.2055555555555556,CB,-0.1455555555555556,0.04525328797227596
2555310.0,Jaylon Smith,0.5,0.4806207233393863,0.1,0.2540229885057472,MLB,-0.15402298850574725,-0.0032141449779156672
2557840.0,Chidobe Awuzie,0.5197999999999999,0.5231755966282312,0.2,0.34029850746268664,CB,-0.28029850746268664,-0.08948966393485508
2505708.0,Mike Adams,0.4072222222222223,0.3833054302170581,0.1,0.17272727272727273,FS,-0.12575757575757573,0.07808157080055883
2533056.0,Luke Kuechly,0.4798000000000001,0.4611465869437755,0.1,0.31188118811881194,MLB,-0.21188118811881196,-0.061072344590980376
2552447.0,Shaq Thompson,0.4239393939393939,0.4177634535149233,0.1,0.21967213114754106,OLB,-0.1263387978142077,0.031136712380290504
2555175.0,James Bradberry,0.4072222222222223,0.4155290120079896,0.1,0.26067415730337085,CB,-0.20067415730337085,-0.009865313775539286
2560753.0,Donte Jackson,0.4617509276437847,0.4356567621980519,0.1,0.2500000000000001,CB,-0.1900000000000001,0.0008088435278314487
80668.0,Captain Munnerlyn,0.4445571499257793,0.4339420171073925,0.1,0.29000000000000004,CB,-0.23000000000000004,-0.039191156472168476
2555531.0,Anthony Brown,0.5113953488372094,0.495928803849397,0.1,0.2573333333333334,CB,-0.19733333333333342,-0.006524489805501854
2560908.0,Leighton Vander Esch,0.5165216216216215,0.4901903827780057,0.1,0.35714285714285715,LB,-0.21964285714285714,-0.10633401361502559
2506789.0,Tramon Williams,0.4330357142857143,0.40603977414881975,0.1,0.18870967741935485,CB,-0.12870967741935485,0.06209916610847671
2543470.0,Ha Ha Clinton-Dix,0.4759722222222222,0.4526461643020318,0.1,0.275,FS,-0.22803030303030303,-0.024191156472168462
2555161.0,Blake Martinez,0.4409722222222222,0.4401684226056647,0.1,0.30999999999999994,ILB,-0.2149999999999999,-0.05919115647216838
2556480.0,Kentrell Brice,0.4216373411534704,0.4297564474129469,0.1,0.3500000000000001,SS,-0.2923076923076924,-0.09919115647216853
2495108.0,Prince Amukamara,0.4555361813426329,0.4623117931771018,0.0,0.2,CB,-0.14,0.05080884352783155
2532961.0,Danny Trevathan,0.4867567567567567,0.4722497317614728,0.0,0.2,ILB,-0.10499999999999998,0.05080884352783155
2543681.0,Kyle Fuller,0.41379310344827575,0.4271192007815101,0.1,0.23548387096774195,CB,-0.17548387096774196,0.015324972560089606
2552385.0,Adrian Amos,0.4764285714285714,0.4534880228970359,0.0,0.18504672897196264,FS,-0.13807703200226568,0.06576211455586892
2553500.0,Bryce Callahan,0.5,0.466510611879242,0.0,0.23764705882352946,CB,-0.17764705882352946,0.013161784704302099
2555285.0,Leonard Floyd,0.4289285714285714,0.4405020615300478,0.0,0.1873015873015873,OLB,-0.09396825396825394,0.06350725622624426
2558176.0,Eddie Jackson,0.42857142857142855,0.4131532454977549,0.0,0.1717171717171718,FS,-0.12474747474747482,0.07909167181065976
2560877.0,Roquan Smith,0.4719444444444444,0.4351290049731699,0.1,0.2769230769230769,LB,-0.13942307692307687,-0.026114233395245323
71441.0,Glover Quin,0.4583333333333333,0.4417383371334385,0.0,0.1811594202898551,FS,-0.1341897233201581,0.06964942323797646
2540288.0,Darius Slay,0.4736842105263158,0.4168271038833327,0.1,0.2679245283018868,CB,-0.2079245283018868,-0.01711568477405523
2543869.0,Devon Kennard,0.3807142857142858,0.3350212871107281,0.0,0.18307692307692308,OLB,-0.08974358974358972,0.06773192045090848
2543872.0,Nevin Lawson,0.5122121212121211,0.4685547121268069,0.1,0.30000000000000004,CB,-0.24000000000000005,-0.049191156472168485
2552262.0,Quandre Diggs,0.4583333333333333,0.402740704291754,0.1,0.32173913043478264,SS,-0.26404682274247493,-0.07093028690695108
2557855.0,Jarrad Davis,0.474937343358396,0.4216819976903012,0.1,0.275,MLB,-0.17500000000000004,-0.024191156472168462
2533059.0,Morris Claiborne,0.4845454545454545,0.4597155407988897,0.0,0.20973451327433631,CB,-0.14973451327433632,0.041074330253495245
2543597.0,Avery Williamson,0.5624086956521739,0.5115875174709473,0.1,0.303125,ILB,-0.20812499999999995,-0.05231615647216842
2555256.0,Jordan Jenkins,0.525,0.4898688030591988,0.1,0.3262295081967214,OLB,-0.23289617486338804,-0.07542066466888986
2555322.0,Darron Lee,0.5394736842105263,0.5260627251639961,0.1,0.3333333333333333,ILB,-0.23833333333333329,-0.08252448980550176
2557979.0,Jamal Adams,0.5063291139240506,0.4934782869514433,0.1,0.2480314960629921,SS,-0.1903391883706844,0.002777347464839458
2553353.0,Darryl Roberts,0.6307692307692307,0.5824182839605276,0.1,0.2616438356164384,CB,-0.2016438356164384,-0.010834992088606832
2543492.0,Lamarcus Joyner,0.37799999999999995,0.3890886000195721,0.1,0.19611650485436904,FS,-0.14914680788467205,0.054692338673462515
2552488.0,Marcus Peters,0.43654545454545457,0.418949008604997,0.1,0.2472527472527473,CB,-0.1872527472527473,0.0035560962750842695
2558183.0,John Johnson,0.4088636363636364,0.4051653071359116,0.1,0.22336448598130845,SS,-0.16567217828900074,0.027444357546523107
2558830.0,Samson Ebukam,0.40954545454545416,0.4132406993072209,0.1,0.2420289855072464,OLB,-0.14869565217391306,0.008779858020585146
2540197.0,Nickell Robey-Coleman,0.4878048780487803,0.458537335096775,0.0,0.2169491525423729,CB,-0.1569491525423729,0.03385969098545866
2556593.0,Cory Littleton,0.3933539870689655,0.3881939429732069,0.1,0.337,ILB,-0.242,-0.08619115647216846
2495153.0,Marcus Gilchrist,0.5438916256157635,0.4672906592811917,0.1,0.23965517241379314,FS,-0.19268547544409614,0.011153671114038421
2532986.0,Tahir Whitehead,0.4042553191489361,0.4139486412436473,0.1,0.2704918032786886,OLB,-0.17715846994535522,-0.019682959750857043
2539233.0,Shawn Williams,0.3666666666666665,0.3892594864629718,0.0,0.12625000000000006,SS,-0.06855769230769235,0.1245588435278315
2532861.0,Casey Hayward,0.4547727272727272,0.44993213497959256,0.0,0.1696629213483146,CB,-0.1096629213483146,0.08114592217951697
2541958.0,Jahleel Addae,0.4668888888888886,0.4381685425510049,0.0,0.1912087912087912,SS,-0.1335164835164835,0.059600052319040364
2556828.0,Trevor Williams,0.5555555555555556,0.5072112890192174,0.1,0.2679245283018868,CB,-0.2079245283018868,-0.01711568477405523
2560760.0,Derwin James,0.4897959183673469,0.4789104109828541,0.1,0.3349397590361446,SS,-0.2772474513438369,-0.08413091550831303
2550842.0,Adrian Phillips,0.5166629464285715,0.493816302967882,0.1,0.2896551724137931,SS,-0.23196286472148542,-0.03884632888596157
2557927.0,Desmond King,0.4751473922902494,0.4539646925575802,0.1,0.2517857142857143,CB,-0.19178571428571428,-0.0009768707578827196
2552312.0,Eric Kendricks,0.4997368421052631,0.4718758942140048,0.1,0.26885245901639354,MLB,-0.16885245901639356,-0.01804361548856198
2532948.0,Harrison Smith,0.4545454545454546,0.4298984093086991,0.0,0.18524590163934426,FS,-0.1382762046696473,0.0655629418884873
2550164.0,T.J. Carrie,0.5335135135135134,0.4992277914984632,0.1,0.26666666666666666,CB,-0.20666666666666667,-0.015857823138835103
2552484.0,P.J. Williams,0.4807692307692308,0.4654708850727376,0.1,0.2579710144927537,CB,-0.19797101449275373,-0.007162170964922165
2530794.0,Ron Parker,0.3779999999999999,0.3761785575858394,0.0,0.19126213592233016,FS,-0.14429243895263316,0.0595467076055014
2543592.0,Anthony Hitchens,0.4550201612903226,0.4334361950708836,0.1,0.3220588235294118,MLB,-0.2220588235294118,-0.07124998000158023
2555173.0,Eric Murray,0.4935897435897436,0.4553888202806607,0.0,0.3121212121212121,FS,-0.2651515151515151,-0.06131236859338052
2307.0,Orlando Scandrick,0.4642857142857144,0.4639802895271217,0.1,0.25820895522388065,CB,-0.19820895522388066,-0.007400111696049094
2552265.0,Steven Nelson,0.4666666666666667,0.4385596494173313,0.0,0.2459770114942529,CB,-0.18597701149425291,0.004831832033578648
2555349.0,Kendall Fuller,0.4587500000000001,0.42597066960095264,0.0,0.2481012658227849,CB,-0.1881012658227849,0.0027075777050466487
2532800.0,Nigel Bradham,0.4722222222222222,0.4530394109062713,0.1,0.3098360655737705,OLB,-0.21650273224043715,-0.059027222045938965
2560930.0,Jordan Whitehead,0.4141379310344827,0.4051165342451973,0.1,0.18028169014084508,DB,-0.08028169014084507,0.07052715338698648
2543811.0,Pierre Desir,0.4001428571428571,0.40448632498097936,0.0,0.2170731707317073,CB,-0.1570731707317073,0.03373567279612427
2543855.0,Bene' Benwikere,0.5341141304347825,0.5187684195671495,0.0,0.2775862068965517,CB,-0.21758620689655173,-0.026777363368720164
2558157.0,Ahkello Witherspoon,0.3675324675324675,0.4078420244651766,0.1,0.2833333333333333,CB,-0.22333333333333333,-0.032524489805501766
2560917.0,Fred Warner,0.4994444444444445,0.42621828169150666,0.2,0.3617977528089888,LB,-0.22429775280898878,-0.11098890928115723
2495507.0,Richard Sherman,0.463768115942029,0.3748310958382885,0.0,0.2018181818181818,CB,-0.14181818181818182,0.04899066170964975
2556641.0,Romeo Okwara,0.4583333333333333,0.4094205684930262,0.1,0.2909090909090909,DE,-0.1909090909090909,-0.040100247381259335
2550654.0,K'Waun Williams,0.4740674603174603,0.4474638826492575,0.05,0.38333333333333336,CB,-0.32333333333333336,-0.1325244898055018
2543741.0,Jimmie Ward,0.3565052552552552,0.3464189890284601,0.0,0.1,FS,-0.053030303030303025,0.15080884352783155
494307.0,Darian Stewart,0.4537449971412234,0.4450422268110822,0.05,0.1730769230769231,FS,-0.12610722610722613,0.07773192045090846
2495202.0,Von Miller,0.5,0.4753031528237957,0.1,0.2421052631578948,OLB,-0.14877192982456144,0.008703580369936764
2532898.0,Brandon Marshall,0.4702813852813853,0.43425525020335215,0.1,0.25961538461538464,ILB,-0.1646153846153846,-0.008806541087553077
2543505.0,Bradley Roby,0.5113333333333333,0.4612122038205522,0.1,0.21698113207547173,CB,-0.15698113207547174,0.03382771145235983
2550930.0,Todd Davis,0.4772727272727272,0.4803993675552271,0.1,0.3067796610169491,ILB,-0.21177966101694906,-0.05597081748911753
2555550.0,Justin Simmons,0.5111111111111111,0.4975343413316914,0.1,0.3012658227848102,SS,-0.24357351509250247,-0.05045697925697862
2530510.0,Chris Harris,0.5280555555555555,0.4806620152147125,0.1,0.2869565217391305,CB,-0.2269565217391305,-0.03614767821129894
89756.0,Jason McCourty,0.4937211267605634,0.4697936506765792,0.05,0.28846153846153844,CB,-0.22846153846153844,-0.037652694933706876
2539243.0,Bradley McDougald,0.4848484848484849,0.4612728491033262,0.1,0.255223880597015,SS,-0.1975315729047073,-0.004415037069183447
2557881.0,Tedric Thompson,0.4305398110661269,0.4222163981170508,0.0,0.2,FS,-0.15303030303030302,0.05080884352783155
2558259.0,Shaquill Griffin,0.4900000000000001,0.4720290905377601,0.1,0.3220779220779221,CB,-0.2620779220779221,-0.07126907855009051
2495251.0,Shareece Wright,0.560064935064935,0.5390660760584782,0.0,0.2466666666666667,CB,-0.1866666666666667,0.004142176861164859
2532966.0,Bobby Wagner,0.5221739130434782,0.5000689968656025,0.1,0.27260273972602744,MLB,-0.17260273972602747,-0.021793896198195883
2558159.0,Xavier Woods,0.4416279069767441,0.4411805373877251,0.1,0.15064935064935067,FS,-0.10367965367965369,0.10015949287848089
2560728.0,Tre Flowers,0.4516875,0.4445605157459222,0.1,0.293939393939394,CB,-0.233939393939394,-0.04313055041156244
2506861.0,Brent Grimes,0.457002457002457,0.4529769037330346,0.05,0.16219512195121952,CB,-0.10219512195121952,0.08861372157661204
2557995.0,Marcus Maye,0.5846153846153846,0.5297611189864235,0.1,0.2178082191780822,FS,-0.17083852220838525,0.03300062434974935
2540152.0,Eric Reid,0.4678998316498316,0.4466699214370433,0.1,0.20322580645161287,SS,-0.14553349875930516,0.04758303707621869
