,name,reaction_rate,time_to_react
2539311.0,Jamie Collins,"[0.3336111111111111, 0.176470588235294, 0.6361363636363635, 0.15384615384615374, 0.9245000000000001, 0.6]","[0.7000000000000001, 0.0, 0.0, 0.0, 1.7000000000000002, 0.0]"
2543637.0,Terrance Mitchell,"[0.1573684210526313, 0.176470588235294, 0.8179545454545455, 0.6666666666666666, 0.6534615384615385, 0.2592592592592586, 0.6]","[1.5, 0.0, 0.4, 1.0, 0.30000000000000004, 0.30000000000000004, 0.0]"
2550164.0,T.J. Carrie,"[0.027777777777777776, 0.6361363636363635, 0.15384615384615374, 0.11551282051282015, 0.814814814814815, 0.6]","[0.0, 0.0, 0.0, 0.30000000000000004, 2.3000000000000003, 0.0]"
2552389.0,Damarious Randall,"[0.3128749999999997, 0.2777777777777775, 0.176470588235294, 0.6361363636363635, 0.15384615384615374, 0.6426190476190474]","[0.8, 0.0, 0.0, 0.0, 0.0, 1.9000000000000001]"
2555166.0,Joe Schobert,"[0.3152631578947367, 0.23684210526315774, 0.027777777777777776, 0.44147058823529406, 0.6361363636363635, 0.256153846153846, 0.5246250000000001, 0.47368421052631543, 0.6]","[1.5, 0.5, 0.0, 0.6000000000000001, 0.0, 0.1, 0.0, 0.2, 0.0]"
2556475.0,Briean Boddy-Calhoun,"[0.44444444444444403, 0.176470588235294, 0.6361363636363635, 0.2997499999999998]","[0.1, 0.0, 0.0, 0.7000000000000001]"
2557980.0,Jabrill Peppers,"[0.28921052631578925, 0.11138888888888882, 0.23076923076923073, 0.615384615384615, 0.6]","[1.5, 0.2, 0.2, 1.2000000000000002, 0.0]"
2555540.0,Derrick Kindred,"[0.027777777777777776, 0.176470588235294]","[0.0, 0.0]"
2495775.0,Eric Weddle,"[0.3055555555555556, 0.039599999999999864, 0.43299999999999994, 0.3210714285714285, 0.27680851063829776, 0.17206896551724127, 0.7141758241758243, 0.49056603773584906, 0.38636363636363635, 0.4186046511627906, 0.370000000000001, 0.7389130434782608, -2.6146153846153877, 0.14999999999999988]","[0.0, 0.0, 0.0, 0.0, 0.0, 0.0, 1.8, 0.0, 0.30000000000000004, 0.2, 0.6000000000000001, 0.0, 0.0, 0.1]"
2505660.0,Terrell Suggs,"[0.3055555555555556, 0.039599999999999864, 0.3210714285714285, 0.5959574468085105, 0.17206896551724127, 0.5824175824175825, 0.2952272727272728, 0.5348837209302324, 0.22475000000000006, 0.7389130434782608, -2.6146153846153877, 0.14999999999999988]","[0.0, 0.0, 0.0, 1.2000000000000002, 0.0, 0.1, 0.0, 0.4, 0.4, 0.0, 0.0, 0.1]"
2508004.0,Anthony Levine,"[0.039599999999999864, 0.17206896551724127, 0.8837209302325583, 0.57388888888889, -2.6146153846153877, 0.14999999999999988]","[0.0, 0.0, 0.6000000000000001, 0.9, 0.0, 0.1]"
2508107.0,Jimmy Smith,"[0.3055555555555556, 0.039599999999999864, 0.17980000000000002, 0.3210714285714285, 0.7023404255319149, 0.6373626373626373, 0.49056603773584906, 0.40886363636363643, -2.6146153846153877, 0.14999999999999988]","[0.0, 0.0, 0.30000000000000004, 0.0, 0.0, 0.9, 0.0, 0.0, 0.0, 0.1]"
2540164.0,Tony Jefferson,"[0.7502777777777778, 0.039599999999999864, 0.08249999999999998, 0.3210714285714285, 0.2553191489361702, 0.17206896551724127, 0.824065934065934, 0.7358490566037735, 0.2952272727272728, 0.6044186046511627, 0.24103448275862138, 0.7952272727272728, -2.6146153846153877, 0.14999999999999988]","[0.6000000000000001, 0.0, 0.1, 0.0, 0.7000000000000001, 0.0, 1.3, 0.4, 0.0, 1.2000000000000002, 0.2, 0.1, 0.0, 0.1]"
2543464.0,C.J. Mosley,"[0.6388888888888888, 0.039599999999999864, 0.6576315789473681, 0.3210714285714285, 0.17206896551724127, 0.8351648351648352, 0.6415094339622641, 0.40886363636363643, 0.4814814814814824, 0.5909090909090909, 0.7389130434782608, -2.6146153846153877, 0.14999999999999988]","[0.7000000000000001, 0.0, 0.0, 0.0, 0.0, 2.4000000000000004, 0.4, 0.30000000000000004, 0.6000000000000001, 0.6000000000000001, 0.0, 0.0, 0.1]"
2552279.0,Za'Darius Smith,"[0.3055555555555556, 0.039599999999999864, 0.6662962962962963, 0.3210714285714285, 0.7448936170212764, 0.17206896551724127, 0.8240659340659342, 0.7674418604651163, 0.6666666666666676, 0.4772727272727273, -2.6146153846153877, 0.14999999999999988]","[0.0, 0.0, 0.9, 0.0, 0.0, 0.0, 1.4000000000000001, 1.4000000000000001, 0.9, 0.2, 0.0, 0.1]"
2555378.0,Tavon Young,"[0.039599999999999864, 0.7234042553191486, 0.17206896551724127, 0.6976744186046511, -2.6146153846153877]","[0.0, 0.4, 0.0, 1.2000000000000002, 0.0]"
2555505.0,Matt Judon,"[0.039599999999999864, 0.17206896551724127, 0.5662264150943397, 0.2952272727272728, 0.674186046511628, 0.49966666666666726, 0.7389130434782608, -2.6146153846153877, 0.14999999999999988]","[0.0, 0.0, 0.2, 0.0, 0.0, 1.4000000000000001, 0.0, 0.0, 0.1]"
2556642.0,Patrick Onwuasor,"[0.9284285714285717, 0.3210714285714285, 0.7234042553191486, 0.6226415094339622, 0.2952272727272728, 0.40886363636363643, 0.7389130434782608]","[2.3000000000000003, 0.0, 0.0, 0.30000000000000004, 0.0, 0.0, 0.0]"
2558067.0,Marlon Humphrey,"[0.3210714285714285, 0.7659574468085106, 0.6226415094339622, 0.2952272727272728, 0.4881395348837209, 0.8995714285714287, 0.5679545454545455, 0.7389130434782608]","[0.0, 1.9000000000000001, 0.2, 0.0, 0.8, 0.0, 0.30000000000000004, 0.0]"
2541792.0,Ray-Ray Armstrong,"[0.282051282051282, 0.2592592592592594]","[0.1, 0.30000000000000004]"
2560964.0,Genard Avery,"[0.5263513513513512, 0.6]","[0.5, 0.0]"
4365.0,Brandon Carr,"[0.7029629629629629, 0.17206896551724127, 0.5163736263736263, 0.6415094339622641, 0.5225000000000001, 0.2325581395348837, 0.5454545454545454, 0.7389130434782608, 0.14999999999999988]","[0.9, 0.0, 0.1, 0.2, 0.0, 0.0, 0.2, 0.0, 0.1]"
2558166.0,Tyus Bowser,[0.6815909090909091],[0.6000000000000001]
2560947.0,Kenny Young,[0.4326666666666669],[2.4000000000000004]
2552697.0,Jermaine Whitehead,"[0.47368421052631543, 0.7111111111111111]","[0.2, 0.5]"
496739.0,Reshad Jones,"[0.29640625, 0.782608695652174, 0.5454545454545454, 0.2499999999999999, 0.48717948717948717]","[0.7000000000000001, 1.4000000000000001, 0.0, 0.5, 0.0]"
2539935.0,Kiko Alonso,"[0.14467741935483852, 0.7912173913043478, 0.5454545454545454, 0.3055555555555556, 0.48717948717948717, 0.5882352941176471, 0.6801999999999999]","[0.0, 0.9, 0.0, 0.2, 0.0, 1.4000000000000001, 0.0]"
2552434.0,Bobby McCain,"[0.1734782608695655, 0.5454545454545454, 0.36083333333333323, 0.5387179487179486, 0.31372549019607837, 0.6801999999999999]","[0.4, 0.0, 0.7000000000000001, 0.2, 0.4, 0.0]"
2558070.0,Raekwon McMillan,"[0.227121212121212, 0.808695652173913, 0.5454545454545454, 0.4444444444444444, 0.4088636363636358]","[0.0, 0.5, 0.0, 1.2000000000000002, 0.6000000000000001]"
2560725.0,Minkah Fitzpatrick,"[0.2688461538461539, 0.30612244897959207, 0.7999130434782609, 0.11111111111111104, 0.48717948717948717, 0.7904651162790695, 0.5490196078431372, 0.6801999999999999, 0.5873913043478256]","[0.0, 0.0, 0.2, 0.2, 0.0, 0.1, 1.4000000000000001, 0.0, 1.0]"
2560966.0,Jerome Baker,"[0.37468749999999995, 0.8781739130434782, 0.5454545454545454, 0.48717948717948717, 0.6801999999999999]","[0.5, 0.6000000000000001, 0.0, 0.0, 0.0]"
2559053.0,Torry McTyer,[0.6428571428571429],[0.0]
2561316.0,Jalen Davis,"[0.9363492063492063, 0.32988636363636353, 0.3335294117647059, 0.6801999999999999]","[0.0, 1.3, 0.5, 0.0]"
2561147.0,Cornell Armstrong,"[0.5454545454545454, 0.05527777777777768, 0.48717948717948717, 0.11651162790697661, 0.7450980392156863]","[0.0, 0.0, 0.0, 0.4, 1.9000000000000001]"
2506268.0,Lorenzo Alexander,"[0.023571428571428407, 0.36999999999999994, 0.3686842105263157, 0.23710526315789468, -0.6571428571428561, 0.47619047619047616, 0.3073076923076922]","[1.7000000000000002, 0.0, 0.0, 0.0, 0.0, 1.2000000000000002, 0.0]"
2507817.0,Rafael Bush,"[0.6125806451612904, 0.36999999999999994, 0.23710526315789468, 0.5478571428571429, 0.3073076923076922, 0.1]","[0.1, 0.0, 0.0, 1.2000000000000002, 0.0, 0.0]"
2539240.0,Micah Hyde,"[0.36999999999999994, 0.39473684210526305, -0.6571428571428561, 0.09523809523809522, 0.1]","[0.0, 0.2, 0.0, 0.7000000000000001, 0.0]"
2539290.0,Jordan Poyer,"[0.34343749999999984, 0.36999999999999994, 0.3686842105263157, 0.23710526315789468, -0.6571428571428561, 0.4047619047619048, 0.3073076923076922, 0.13300000000000006]","[0.2, 0.0, 0.0, 0.0, 0.0, 0.2, 0.0, 0.1]"
2560713.0,Tremaine Edmunds,"[0.48196428571428546, 0.43781250000000005, 0.36999999999999994, 0.7105263157894736, 0.26315789473684204, 0.6581578947368423, 0.4523809523809523, 0.3663333333333334]","[0.0, 0.7000000000000001, 0.0, 0.0, 0.1, 0.8, 0.0, 0.5]"
2560914.0,Levi Wallace,"[0.5625, 0.36999999999999994, 0.3686842105263157, 0.6318421052631579, -0.6571428571428561, 1.982541115402065e-18, 0.6]","[1.3, 0.0, 0.0, 0.7000000000000001, 0.0, 0.0, 0.9]"
2557867.0,Tre'Davious White,"[0.2682142857142857, 0.6318421052631579, 0.23710526315789468, 0.6585365853658538, 0.7142857142857143]","[0.4, 0.8, 0.0, 0.4, 0.0]"
2561107.0,Corey Thompson,"[0.43781249999999994, 0.3686842105263157]","[0.1, 0.1]"
2556652.0,Lafayette Pitts,"[0.1, 0.20000000000000048]","[0.0, 0.30000000000000004]"
2559058.0,Maurice Smith,"[0.4719444444444444, 0.37274509803921557, 0.6801999999999999]","[0.2, 0.7000000000000001, 0.0]"
2552317.0,Mike Hull,[],[]
2543724.0,Walt Aikens,[],[]
2552321.0,Stephone Anthony,[0.413043478260869],[1.0]
71441.0,Glover Quin,"[0.6105555555555561, 0.5454545454545454, 0.24297297297297293, 0.45]","[0.7000000000000001, 0.0, 0.30000000000000004, 0.0]"
2534830.0,Tavon Wilson,"[0.2216666666666671, 0.26884615384615385, 0.2626315789473683]","[0.30000000000000004, 0.6000000000000001, 0.0]"
2540288.0,Darius Slay,"[0.5454545454545454, 0.0540540540540541, 0.45, -0.0003846153846153419]","[0.0, 0.30000000000000004, 0.0, 0.1]"
2543869.0,Devon Kennard,"[0.19950000000000018, 0.5454545454545454, 0.297027027027027, 0.45, 0.23076923076923084, 0.1909523809523809, 0.2626315789473683]","[0.0, 0.0, 0.1, 0.0, 0.6000000000000001, 0.0, 0.0]"
2552262.0,Quandre Diggs,"[0.5709523809523811, 0.0505000000000001, 0.7024324324324327, 0.45, 0.2307692307692308, 0.1909523809523809, 0.2626315789473683, 0.234]","[0.5, 0.1, 0.0, 0.0, 0.0, 0.0, 0.0, 0.1]"
2557855.0,Jarrad Davis,"[0.8255000000000005, 0.3814285714285714, 0.30999999999999955, 0.47000000000000003, 0.7024324324324324, 0.45, 0.19192307692307697, 0.1909523809523809, 0.2626315789473683, 0.4285714285714287]","[0.1, 0.5, 0.5, 1.5, 1.1, 0.0, 0.4, 0.0, 0.0, 0.30000000000000004]"
2557955.0,Teez Tabor,"[0.05024999999999946, 0.297027027027027, 0.575, 0.38423076923076915, 0.1909523809523809, 0.2626315789473683]","[0.2, 0.5, 0.4, 0.4, 0.0, 0.0]"
2560913.0,Tracy Walker,"[0.3960416666666667, -0.0003846153846153419, 0.1909523809523809, 0.2626315789473683]","[0.2, 0.1, 0.0, 0.0]"
2561527.0,Mike Ford,"[0.12524999999999986, 0.5231818181818176, 0.3243243243243244, -0.0003846153846153419, 0.1909523809523809, 0.2626315789473683]","[0.2, 0.6000000000000001, 0.8, 0.1, 0.0, 0.0]"
80431.0,Clay Matthews,"[0.07099999999999998, 0.04590909090909086, 0.19047619047619035, 0.5684090909090909, 0.4827586206896552, 0.2903225806451613, 0.46428571428571425, 0.3846153846153846, 0.5280555555555555, 0.07474999999999987]","[0.2, 0.0, 0.1, 0.5, 0.30000000000000004, 0.0, 1.2000000000000002, 0.4, 0.0, 0.2]"
2506789.0,Tramon Williams,"[0.7582758620689657, 0.04590909090909086, 0.09476190476190471, 0.34113636363636357, 0.6551724137931034, 0.5487096774193548, 0.42892857142857127, 0.2725, 0.5128205128205128, 0.5280555555555555]","[0.0, 0.0, 0.0, 0.0, 0.5, 0.5, 0.7000000000000001, 0.2, 1.1, 0.0]"
2555161.0,Blake Martinez,"[0.05685714285714288, 0.04590909090909086, 0.11616666666666635, 0.41379310344827575, 0.2903225806451613, 0.4642857142857143, 0.40886363636363643, 0.28230769230769226, 0.5280555555555555, 0.19047619047619044]","[0.2, 0.0, 0.2, 0.1, 0.0, 0.8, 0.5, 0.30000000000000004, 0.0, 0.5]"
2555340.0,Kyler Fackrell,"[0.04590909090909086, 0.41379310344827575, 0.2903225806451613, 0.14285714285714265, 0.5280555555555555]","[0.0, 0.1, 0.0, 0.2, 0.0]"
2556480.0,Kentrell Brice,"[0.31187500000000007, 0.04590909090909086, 0.48241379310344845, 0.2503571428571427, 0.40886363636363626, 0.5280555555555555]","[0.8, 0.0, 0.0, 0.7000000000000001, 0.6000000000000001, 0.0]"
2558119.0,Josh Jones,"[0.4162500000000002, 0.04590909090909086, 0.4827586206896552, 0.46428571428571425, 0.2952272727272728, 0.1794871794871795]","[0.6000000000000001, 0.0, 0.30000000000000004, 0.9, 0.30000000000000004, 0.0]"
2560755.0,Josh Jackson,"[0.21739130434782616, 0.04590909090909086, 0.41379310344827575, 0.2903225806451613, 0.0003571428571426688, 0.8863636363636364]","[0.5, 0.0, 0.1, 0.0, 0.0, 1.0]"
2560982.0,Tony Brown,"[0.8965517241379312, 0.7277272727272728, 0.3076923076923074, 0.6923076923076923, 0.4193548387096775, 0.18159090909090903, 0.1794871794871795, 0.5420833333333334]","[1.3, 0.5, 0.4, 0.0, 0.30000000000000004, 0.0, 0.0, 0.0]"
2550572.0,Christian Jones,"[0.4321621621621622, 0.45, 0.1909523809523809]","[0.2, 0.0, 0.0]"
2543571.0,Bashaud Breeland,"[0.34113636363636357, 0.7199999999999998, 0.41379310344827575, 0.4193548387096775, 0.42892857142857127, 0.5454545454545456, 0.8717948717948718, 0.5280555555555555]","[0.0, 0.7000000000000001, 0.1, 0.30000000000000004, 1.2000000000000002, 0.30000000000000004, 1.6, 0.0]"
2556537.0,Reggie Gilbert,"[0.08739130434782602, 0.2616666666666666, 0.3181818181818182, 0.4997619047619049]","[0.1, 0.6000000000000001, 0.0, 0.7000000000000001]"
2556641.0,Romeo Okwara,"[0.5873913043478257, 0.30527777777777787, 0.45, 0.23076923076923078, 0.1909523809523809, 0.2626315789473683, 0.6663333333333334]","[1.0, 0.1, 0.0, 0.4, 0.0, 0.0, 0.30000000000000004]"
2555160.0,Antonio Morrison,"[0.20874999999999996, 0.2564102564102564]","[0.5, 0.2]"
2532928.0,Eddie Pleasant,[],[]
2505801.0,Don Muhlbach,[],[]
2506677.0,Matt Prater,[],[]
2540203.0,Levine Toilolo,[0.5709523809523811],[0.8]
2541311.0,Sam Martin,[],[]
2552494.0,Eli Harold,"[0.040000000000000036, 0.2626315789473683]","[0.1, 0.0]"
2560984.0,Oren Burks,[0.12593749999999987],[0.0]
2541202.0,Marcus Cooper,[0.076923076923077],[0.1]
2532848.0,Tashaun Gipson,"[0.7045454545454546, 0.3157894736842105, 0.36039999999999994, 0.04590909090909086, 0.06896551724137931, 0.10526315789473673, 0.15789473684210525, 0.5552777777777778, 0.8096825396825397, 0.45742857142857135, 0.6470588235294118, 0.4888888888888888, 0.5002380952380951]","[0.1, 0.0, 0.0, 0.0, 0.0, 0.1, 0.0, 0.0, 0.1, 0.1, 0.0, 0.0, 0.0]"
2539237.0,D.J. Hayden,"[0.7045454545454546, 0.3157894736842105, 0.36039999999999994, 0.45454545454545436, 0.10526315789473673, 0.15789473684210525, 0.5552777777777778, 0.42857142857142855, 0.6470588235294118, 0.4888888888888888, 0.5002380952380951]","[0.1, 0.0, 0.0, 0.0, 0.1, 0.0, 0.0, 0.0, 0.0, 0.0, 0.0]"
2543711.0,Telvin Smith,"[0.11705882352941176, 0.3157894736842105, 0.04590909090909086, 0.06896551724137931, 0.10526315789473673, 0.15789473684210525, 0.5552777777777778, 0.7142857142857143, 0.45742857142857135, 0.6470588235294118, 0.7553333333333334]","[0.1, 0.0, 0.0, 0.0, 0.1, 0.0, 0.0, 0.2, 0.1, 0.0, 0.30000000000000004]"
2555329.0,Myles Jack,"[0.3157894736842105, 0.5199999999999999, 0.04590909090909086, 0.2755172413793105, 0.10526315789473673, 0.15789473684210525, 0.5552777777777778, 0.7619047619047619, 0.42857142857142855, 0.6470588235294118, 0.5002380952380951]","[0.0, 0.30000000000000004, 0.0, 0.0, 0.1, 0.0, 0.0, 0.2, 0.0, 0.0, 0.0]"
2556711.0,Jarrod Wilson,"[0.36039999999999994, 0.04590909090909086, 0.2755172413793105, 0.21052631578947367, 0.1839473684210527, 0.5552777777777778, 0.5873015873015873, 0.42857142857142855, 0.6470588235294118, 0.4888888888888888, 0.5002380952380951]","[0.0, 0.0, 0.2, 0.30000000000000004, 0.1, 0.0, 0.7000000000000001, 0.0, 0.0, 0.0, 0.0]"
2561340.0,Tre Herndon,"[0.3157894736842105, 0.06896551724137931, 0.10526315789473673, 0.15789473684210525, 0.8573015873015873, 0.4888888888888888]","[0.0, 0.0, 0.1, 0.0, 0.5, 0.0]"
496735.0,Kareem Jackson,"[0.6247500000000004, 0.24351351351351336, 0.375, 0.3486046511627906, 0.5678378378378378]","[0.9, 0.0, 0.1, 0.0, 0.0]"
2495251.0,Shareece Wright,"[0.13861111111111155, 0.5405405405405405, 0.375, 0.24444444444444433, 0.5678378378378378]","[0.6000000000000001, 0.4, 0.1, 0.2, 0.0]"
2540180.0,Tyrann Mathieu,"[0.7000000000000004, 0.6222222222222221, 0.24351351351351336, 0.22222222222222218, 0.5579069767441861, 0.5678378378378378]","[0.9, 0.1, 0.0, 0.30000000000000004, 0.5, 0.0]"
2543874.0,Andre Hal,"[0.05882352941176515, 0.5777777777777777, 0.375, 0.8888888888888888, 0.48837209302325574, 0.5678378378378378]","[0.0, 1.2000000000000002, 0.1, 1.5, 0.4, 0.0]"
2558094.0,Zach Cunningham,"[0.5557777777777777, 0.7603999999999997, 0.375, 0.6486486486486487]","[1.3, 1.2000000000000002, 0.1, 0.0]"
2560851.0,Justin Reid,"[0.6000000000000003, 0.7555555555555558, 0.09571428571428522, 0.022954545454545047, 0.375, 0.48911111111111105, 0.3720930232558139, 0.5678378378378378]","[0.8, 0.1, 0.30000000000000004, 0.1, 0.1, 1.0, 0.1, 0.0]"
2533049.0,Whitney Mercilus,[0.6668888888888888],[0.0]
2555280.0,Jalen Ramsey,"[0.3157894736842105, 0.36039999999999994, 0.04590909090909086, 0.7927586206896552, 0.5552777777777778, 0.5715873015873014, 0.6002857142857142, 0.6470588235294118, 0.8888888888888888, 0.5002380952380951]","[0.0, 0.0, 0.0, 1.2000000000000002, 0.0, 0.4, 0.2, 0.0, 1.2000000000000002, 0.0]"
2561042.0,Nick DeLuca,"[0.36039999999999994, 0.5002380952380951]","[0.0, 0.0]"
2552490.0,Benardrick McKinney,"[0.23809523809523755, 0.375, 0.4666666666666665, 0.8602325581395349]","[0.30000000000000004, 0.1, 0.8, 0.9]"
2543456.0,Jadeveon Clowney,[],[]
2559152.0,Dylan Cole,"[0.3779999999999999, 0.627674418604651]","[0.0, 0.7000000000000001]"
2532974.0,Kyle Wilber,"[0.46341463414634154, 0.3557777777777778]","[1.0, 0.7000000000000001]"
2532986.0,Tahir Whitehead,"[0.3335897435897437, 0.7060784313725492, 0.39130434782608686, 0.7141758241758241, 0.868421052631579, 0.5363414634146341]","[0.1, 2.2, 0.1, 1.3, 1.1, 0.4]"
2541200.0,Rashaan Melvin,"[0.485151515151515, 0.4680851063829786, 0.39130434782608686, 0.859504132231405, 0.7807017543859649, 0.6095121951219511]","[0.1, 1.3, 0.1, 0.6000000000000001, 0.5, 0.8]"
2555342.0,Karl Joseph,"[0.20689655172413798, 0.5430172413793104, 0.39130434782608686, 0.71900826446281, 0.5274725274725274, 0.7630701754385965, 0.8046341463414632]","[0.4, 0.30000000000000004, 0.1, 0.0, 1.1, 0.5, 0.2]"
2555568.0,Erik Harris,"[0.37531250000000005, 0.4230769230769231, 0.39130434782608686, 0.7438842975206611, 0.736153846153846, 0.8946491228070175]","[0.4, 0.1, 0.1, 0.2, 0.2, 1.6]"
2558062.0,Gareon Conley,"[0.6448684210526313, 0.654727272727273, 0.39130434782608686, 0.71900826446281, 0.5932967032967033, 0.7807017543859649, 0.1764705882352944]","[0.0, 3.2, 0.1, 0.0, 0.6000000000000001, 0.9, 0.2]"
2559054.0,Nicholas Morrow,"[0.8184848484848484, 0.54, 0.39130434782608686, 0.859504132231405, 0.46142857142857135]","[1.4000000000000001, 2.0, 0.1, 0.2, 0.0]"
2495153.0,Marcus Gilchrist,[0.5106382978723404],[1.2000000000000002]
2495493.0,Justin Houston,"[0.4, 0.176470588235294, 0.04391304347826082, 0.7807017543859649, 0.8947368421052632, 0.7454545454545455]","[0.1, 0.1, 0.0, 0.0, 0.30000000000000004, 0.0]"
2543592.0,Anthony Hitchens,"[0.57525, 0.44, 0.3073076923076922, 0.176470588235294, 0.04391304347826082, 0.8636363636363636, 0.8245614035087719, 0.8859649122807017, 0.811880341880342, 0.7454545454545455]","[0.0, 0.1, 0.0, 0.1, 0.0, 0.2, 0.30000000000000004, 0.2, 0.0, 0.0]"
2550257.0,Daniel Sorensen,"[0.6, 0.3073076923076922, 0.04391304347826082, 0.7545454545454545, 0.7807017543859649, 0.8938053097345132, 0.868421052631579, 0.811880341880342, 0.7727272727272727]","[0.1, 0.0, 0.0, 1.2000000000000002, 0.0, 0.30000000000000004, 0.1, 0.0, 0.1]"
2552265.0,Steven Nelson,"[0.475, 0.4, 0.176470588235294, 0.7637272727272727, 0.7807017543859649, 0.6194690265486725, 0.811880341880342, 0.7454545454545455]","[0.0, 0.1, 0.1, 0.8, 0.0, 0.0, 0.0, 0.0]"
2555542.0,Jordan Lucas,"[0.4, 0.3073076923076922, 0.176470588235294]","[0.1, 0.0, 0.1]"
2560827.0,Dorian O'Daniel,"[0.031562499999999924, 0.176470588235294, 0.04391304347826082, 0.8818181818181818, 0.7807017543859649, 0.8495575221238938]","[0.1, 0.1, 0.0, 0.2, 0.0, 0.2]"
2561417.0,Charvarius Ward,"[0.2864285714285715, 0.44, 0.176470588235294, 0.04391304347826082, 0.8363636363636363, 0.9473684210526315, 0.8053097345132744, 0.811880341880342, 0.8]","[0.30000000000000004, 0.1, 0.1, 0.0, 1.6, 0.7000000000000001, 1.1, 0.0, 0.0]"
2555169.0,Reggie Ragland,"[0.28125, 0.4, 0.3073076923076922, 0.868421052631579, 0.811880341880342]","[0.0, 0.1, 0.0, 0.1, 0.0]"
2555349.0,Kendall Fuller,"[0.8666666666666669, 0.4, 0.3073076923076922, 0.7058823529411765, 0.04391304347826082, 0.9455454545454545, 0.7876991150442477, 0.868421052631579, 0.811880341880342, 0.7454545454545455]","[0.0, 0.1, 0.0, 0.4, 0.0, 2.5, 0.1, 0.1, 0.0, 0.0]"
2555173.0,Eric Murray,"[0.04391304347826082, 0.1938709677419355, 0.8, 0.7807017543859649, 0.7345132743362832, 0.868421052631579, 0.811880341880342, 0.7454545454545455]","[0.0, 0.5, 0.7000000000000001, 0.0, 0.2, 0.1, 0.0, 0.0]"
2560881.0,Breeland Speaks,[],[]
2560819.0,Nick Nelson,"[0.8016528925619835, 0.7581318681318683]","[0.5, 0.0]"
2561383.0,Ben Niemann,[],[]
2530794.0,Ron Parker,[0.8142477876106193],[1.4000000000000001]
2561585.0,Dallin Leavitt,[0.6956521739130435],[0.0]
2560986.0,Jason Cabinda,"[0.6515151515151515, 0.6995]","[0.0, 0.8]"
2557972.0,Marquel Lee,[0.11705882352941206],[0.2]
2495108.0,Prince Amukamara,"[0.2749999999999999, 0.0909090909090908, 0.16666666666666666, 0.323235294117647, 0.38677419354838705]","[0.0, 0.0, 0.0, 0.0, 0.0]"
2532961.0,Danny Trevathan,"[0.33305555555555544, 0.27930232558139545, 0.2857142857142857, 0.27959999999999996, 0.823235294117647]","[0.0, 0.0, 0.30000000000000004, 0.0, 0.5]"
2543681.0,Kyle Fuller,"[0.8749999999999997, 0.4999999999999999, 0.33305555555555544, 0.49999999999999994, 0.27930232558139545, 0.33309523809523806, 0.27959999999999996, 0.2647058823529412, 0.38677419354838705]","[1.7000000000000002, 0.30000000000000004, 0.0, 0.2, 0.0, 0.1, 0.0, 0.0, 0.0]"
2555155.0,Deon Bush,"[0.2749999999999999, 0.33305555555555544, 0.3636363636363635, 0.27930232558139545, 0.16666666666666666, 0.27959999999999996, 0.2647058823529412, 0.4530188679245283, 0.5791228070175438]","[0.0, 0.0, 0.4, 0.0, 0.0, 0.0, 0.0, 0.0, 0.1]"
2555285.0,Leonard Floyd,"[0.6321052631578944, 0.29411764705882354, 0.2749999999999999, 0.3608333333333333, 0.6136363636363635, 0.27930232558139545, 0.38071428571428567, 0.2647058823529412, 0.38677419354838705]","[0.6000000000000001, 0.30000000000000004, 0.0, 0.0, 1.2000000000000002, 0.0, 0.5, 0.0, 0.0]"
2560877.0,Roquan Smith,"[0.60025, 0.7497222222222221, 0.30769230769230765, 0.8181818181818182, 0.27930232558139545]","[0.0, 0.8, 0.4, 0.2, 0.0]"
494289.0,Sherrick McManis,"[0.5229545454545453, 0.27930232558139545, 0.16666666666666666, 0.27959999999999996, 0.323235294117647, 0.6794339622641509, 0.5791228070175438]","[0.0, 0.0, 0.0, 0.0, 0.2, 0.7000000000000001, 0.1]"
2552385.0,Adrian Amos,"[0.05941176470588234, 0.30024999999999985, 0.4163888888888889, 0.5454545454545454, 0.27930232558139545, 0.7142857142857144, 0.27959999999999996, 0.3820588235294118, 0.38677419354838705]","[0.2, 0.0, 0.0, 1.1, 0.0, 0.1, 0.0, 0.30000000000000004, 0.0]"
2532948.0,Harrison Smith,"[0.44444444444444425, 0.42611111111111105]","[1.3, 0.0]"
2543459.0,Anthony Barr,"[0.6985714285714288, 0.42611111111111105]","[2.5, 0.0]"
2552448.0,Trae Waynes,"[0.8181818181818183, 0.42611111111111105]","[2.3000000000000003, 0.0]"
2553655.0,Anthony Harris,"[0.6048387096774196, 0.48148148148148145]","[0.30000000000000004, 0.1]"
2559012.0,Eric Wilson,[0.6349206349206349],[0.6000000000000001]
2560741.0,Holton Hill,[0.31746031746031733],[1.2000000000000002]
2555177.0,Mackensie Alexander,[0.12474999999999967],[0.0]
2555381.0,DeAndre Houston-Carson,"[0.6294444444444444, 0.4530188679245283, 0.5791228070175438]","[0.8, 0.0, 0.1]"
2559287.0,Isaiah Irving,"[0.23714285714285724, 0.5283018867924528, 0.5791228070175438]","[0.30000000000000004, 0.0, 0.1]"
2555288.0,Nick Kwiatkoski,"[0.49075471698113204, 0.5791228070175438]","[0.2, 0.1]"
2550605.0,Marcus Williams,[0.5791228070175438],[0.1]
2560750.0,Joel Iyiegbuniwe,"[0.4635714285714287, 0.4530188679245283, 0.5791228070175438]","[0.0, 0.0, 0.1]"
2560901.0,Kevin Toliver,"[0.3993333333333332, 0.4530188679245283]","[0.0, 0.0]"
2560724.0,Kylie Fitts,"[0.4530188679245283, 0.5791228070175438]","[0.0, 0.1]"
2495343.0,Buster Skrine,"[0.6041666666666666, 0.25031249999999994, 0.5002380952380951, 0.6519565217391304, 0.3793103448275862, 0.5104081632653061, 0.42880952380952375]","[0.4, 0.0, 0.0, 1.3, 0.2, 0.0, 0.1]"
2540287.0,Rontez Miles,"[0.0571428571428572, 0.4585416666666666, 0.49999999999999994, 0.1785714285714284, 0.0004166666666666202, 0.5002380952380951, 0.42499999999999993, 0.1954347826086957, 0.27805555555555556, 0.3103448275862069, 0.5714285714285714, 0.46153846153846156, 0.42880952380952375, 0.7111111111111111]","[0.1, 0.0, 0.0, 0.0, 0.2, 0.0, 0.0, 0.0, 0.4, 0.0, 0.2, 0.0, 0.1, 0.0]"
2543597.0,Avery Williamson,"[0.11428571428571425, 0.4585416666666666, 0.2812499999999999, 0.4070370370370372, 0.29208333333333314, 0.5002380952380951, 0.52525, 0.38888888888888906, 0.3103448275862069, 0.4767692307692307, 0.42880952380952375, 0.7111111111111111]","[0.4, 0.0, 0.2, 0.1, 0.5, 0.0, 0.4, 0.2, 0.0, 0.2, 0.1, 0.0]"
2555546.0,Rashard Robinson,"[0.0571428571428572, 0.1785714285714284, 0.5833333333333331, 0.42499999999999993, 0.8260869565217391, 0.1111111111111111, 0.3103448275862069, 0.5104081632653061, 0.46153846153846156, 0.6669047619047619, 0.7111111111111111]","[0.2, 0.0, 0.1, 0.0, 1.3, 0.0, 0.0, 0.0, 0.0, 0.6000000000000001, 0.0]"
2557979.0,Jamal Adams,"[0.18055555555555566, 0.030937500000000066, 0.25031249999999994, 0.7403703703703705, 0.1785714285714284, 0.0004166666666666202, 0.5002380952380951, 0.4999999999999999, 0.4128260869565218, 0.1111111111111111, 0.3451724137931034, 0.5104081632653061, 0.5998461538461539, 0.42880952380952375, 0.7111111111111111]","[0.1, 0.1, 0.0, 0.0, 0.0, 0.2, 0.0, 0.1, 0.5, 0.0, 0.2, 0.0, 0.4, 0.1, 0.0]"
2561366.0,Frankie Luvu,"[0.4140000000000001, 0.25031249999999994, 0.5002380952380951, 0.42499999999999993, 0.32586956521739135, 0.5104081632653061, 0.46153846153846156, 0.42880952380952375]","[0.8, 0.0, 0.0, 0.0, 0.30000000000000004, 0.0, 0.0, 0.1]"
2553657.0,Neville Hewitt,"[0.25031249999999994, 0.1785714285714284, 0.7606521739130435, 0.47250000000000014, 0.5104081632653061, 0.5384615384615384, 0.7111111111111111]","[0.0, 0.0, 1.6, 1.2000000000000002, 0.0, 0.30000000000000004, 0.0]"
2555256.0,Jordan Jenkins,"[0.030937500000000066, 0.16666666666666663, 0.5002380952380951, 0.45652173913043476, 0.1111111111111111, 0.3103448275862069]","[0.1, 0.4, 0.0, 1.3, 0.0, 0.0]"
2558819.0,Derrick Jones,"[0.25031249999999994, 0.33333333333333326, 0.39249999999999996, 0.0004166666666666202, 0.673469387755102, 0.7111111111111111]","[0.0, 0.2, 0.30000000000000004, 0.2, 0.4, 0.0]"
71251.0,Patrick Chung,"[0.3548387096774194, 0.7498076923076922, -0.8631818181818199, 0.5492156862745098, 0.2857142857142857, 0.4598, 0.3055555555555556, 0.6792452830188679]","[0.0, 0.5, 0.0, 0.1, 0.0, 0.30000000000000004, 0.0, 0.1]"
89756.0,Jason McCourty,"[0.28619047619047616, 0.8888888888888887, 0.764705882352941, 0.7425714285714285, 0.5, 0.3055555555555556, 0.6415094339622641]","[0.1, 0.5, 0.2, 0.8, 0.5, 0.0, 0.1]"
494287.0,Devin McCourty,"[0.3548387096774194, 0.5575, -0.8631818181818199]","[0.0, 0.0, 0.0]"
2533057.0,Dont'a Hightower,"[0.8387096774193549, 0.5575, -0.8631818181818199, 0.7113333333333332, 0.568627450980392, 0.2857142857142857, 0.64, 0.3055555555555556]","[0.7000000000000001, 0.2, 0.0, 0.8, 0.1, 0.0, 0.4, 0.0]"
2533062.0,Stephon Gilmore,"[0.38095238095238093, 0.3867741935483871, 0.49980769230769234, 0.48911111111111116, 0.5294117647058822, 0.5425714285714284, 0.6597999999999999, 0.3055555555555556]","[0.5, 0.1, 0.0, 0.8, 0.6000000000000001, 0.30000000000000004, 0.7000000000000001, 0.0]"
2541243.0,Duron Harmon,"[0.3548387096774194, 0.7882692307692307, -0.8631818181818199, 0.3333333333333333, 0.6472549019607842, 0.2857142857142857, 0.47980000000000006, 0.5280555555555555]","[0.0, 0.1, 0.0, 0.4, 0.5, 0.0, 0.2, 0.0]"
2543699.0,Kyle Van Noy,"[0.8653846153846154, -0.8631818181818199, 0.35555555555555546, 0.5884313725490194, 0.31399999999999995, 0.47979999999999995, 0.3055555555555556]","[1.1, 0.0, 0.30000000000000004, 0.5, 0.2, 0.1, 0.0]"
2560822.0,Parry Nickerson,[],[]
2560754.0,J.C. Jackson,"[0.5555555555555555, 0.3548387096774194, -0.8631818181818199, 0.7777777777777778, 0.8235294117647058, 0.6198, 0.3055555555555556]","[0.2, 0.0, 0.0, 0.1, 1.3, 0.0, 0.0]"
2556119.0,Elandon Roberts,"[0.038076923076922994, 0.28093749999999984]","[0.0, 0.1]"
2539280.0,John Simon,"[0.5686274509803921, 0.4, 0.3055555555555556]","[0.0, 0.0, 0.0]"
2556571.0,Jonathan Jones,"[0.6274509803921567, 0.5597999999999999, 0.3055555555555556]","[0.2, 0.0, 0.0]"
2561157.0,Keion Crossen,[0.6308333333333332],[1.6]
496814.0,Albert McClellan,[0.8673333333333333],[0.5]
494261.0,Kurt Coleman,"[0.7333333333333333, 0.32586956521739135, 0.5348837209302325]","[0.0, 0.0, 0.0]"
2533008.0,Demario Davis,"[0.6739130434782609, 0.4594594594594595]","[0.0, 0.0]"
2539982.0,A.J. Klein,"[0.7333333333333333, 0.8144285714285715, 0.6739130434782609, 0.4594594594594595]","[0.0, 0.1, 0.0, 0.0]"
2555277.0,Eli Apple,"[0.8166666666666667, 0.03366666666666666, 0.6739130434782609, 0.4594594594594595, 0.5348837209302325]","[0.2, 0.2, 0.0, 0.0, 0.0]"
2558061.0,Marshon Lattimore,"[0.7333333333333333, 0.3003333333333335, 0.6739130434782609, 0.4594594594594595]","[0.0, 0.7000000000000001, 0.0, 0.0]"
2558163.0,Alex Anzalone,"[0.7333333333333333, 0.4594594594594595]","[0.0, 0.0]"
2558847.0,Marcus Williams,"[0.5959615384615383, 0.7333333333333333, 0.8669999999999999, 0.7606521739130435, 0.4594594594594595]","[1.7000000000000002, 0.0, 1.4000000000000001, 0.30000000000000004, 0.0]"
2552484.0,P.J. Williams,[],[]
2555530.0,Vonn Bell,"[0.20033333333333334, 0.6954347826086957, 0.5348837209302325]","[0.4, 0.1, 0.0]"
2505708.0,Mike Adams,"[0.09203703703703708, 0.6785714285714286, 0.1935483870967742, 0.29382352941176515, 0.23959999999999992]","[0.0, 0.4, 0.1, 0.6000000000000001, 0.0]"
2506352.0,Thomas Davis,"[0.7722727272727276, 0.6248214285714286, 0.7096774193548387, 0.23959999999999992]","[0.7000000000000001, 0.1, 1.6, 0.0]"
2533056.0,Luke Kuechly,"[0.2169565217391305, 0.6428571428571429]","[0.30000000000000004, 0.0]"
2540152.0,Eric Reid,"[0.18687500000000018, 0.5712499999999999, 0.5809677419354838, 0.23959999999999992, 0.7608695652173914, 0.7916666666666666, 0.41708333333333325]","[0.4, 0.0, 0.8, 0.0, 1.2000000000000002, 0.0, 0.1]"
2555175.0,James Bradberry,"[0.5712499999999999, 0.6774193548387096, 0.2610869565217391, 0.5833333333333334, 0.37999999999999995, 0.36699999999999994]","[0.0, 1.1, 0.0, 0.0, 0.2, 0.1]"
2560753.0,Donte Jackson,"[0.8327777777777777, 0.8214285714285714, 0.1935483870967742, 0.23959999999999992, 0.5652173913043478, 0.5833333333333334, 0.41708333333333325, 0.6813636363636363, 0.36699999999999994, 0.2222222222222221]","[1.6, 0.1, 0.1, 0.0, 0.1, 0.0, 0.1, 1.6, 0.1, 0.0]"
2561093.0,Jermaine Carter,"[0.2631578947368421, 0.2799999999999999, 0.36699999999999994, 0.2222222222222221]","[0.2, 0.1, 0.1, 0.0]"
80668.0,Captain Munnerlyn,"[0.2610869565217391, 0.41708333333333325]","[0.0, 0.1]"
2553441.0,David Mayo,"[0.23959999999999992, 0.3260869565217391, 0.5833333333333334, 0.41708333333333325, 0.20947368421052626, 0.5, 0.2222222222222221]","[0.0, 0.2, 0.0, 0.1, 0.0, 0.30000000000000004, 0.0]"
2556735.0,Ken Crawley,[0.5348837209302325],[0.0]
2560775.0,Rashaan Gaulden,"[0.5, 0.5833333333333334, 0.41708333333333325, 0.6952173913043478, 0.36699999999999994, 0.4169444444444443]","[0.2, 0.0, 0.1, 1.7000000000000002, 0.1, 0.5]"
2532431.0,Craig Robertson,"[0.06633333333333336, 0.5348837209302325]","[0.2, 0.0]"
2539277.0,Manti Te'o,"[0.09966666666666664, 0.5348837209302325]","[0.1, 0.0]"
2541192.0,Chris Banjo,[],[]
2559181.0,Justin Hardee,[],[]
2560875.0,Andre Smith,[0.41694444444444434],[0.4]
2561009.0,Marquis Haynes,[],[]
2499257.0,Colin Jones,"[0.6194000000000002, 0.36699999999999994, 0.5833333333333333]","[0.5, 0.1, 0.4]"
2541832.0,Jeff Heath,"[0.37755555555555503, 0.5277777777777778, 0.5328333333333337, 0.4373750000000004, 0.375, 0.4848484848484852, 0.42574468085106365, 0.42531914893617023, 0.7435897435897436, 0.5711904761904762, 0.797261904761905, 0.5497500000000001, 0.4893617021276595, 0.7439534883720931]","[0.8, 0.2, 2.0, 0.1, 0.0, 0.7000000000000001, 0.0, 0.0, 0.1, 0.2, 0.0, 0.0, 0.0, 0.7000000000000001]"
2552568.0,Byron Jones,"[0.23382978723404244, 0.5, 0.9207894736842106, 0.1951219512195121, 0.15024999999999997, 0.12765957446808493, 0.6153846153846154, 0.4997619047619048, 0.4056756756756755, 0.39974999999999994, 0.77475, 0.4893617021276595, 0.3486046511627906]","[0.30000000000000004, 0.1, 0.30000000000000004, 0.0, 0.2, 0.0, 0.0, 0.0, 0.4, 0.0, 0.6000000000000001, 0.0, 0.0]"
2555310.0,Jaylon Smith,"[0.5555555555555551, 0.6868750000000005, 0.3902439024390243, 0.44999999999999984, 0.4347826086956518, 0.6153846153846154, 0.08135135135135133, 0.39974999999999994, 0.6954347826086953, 0.5497500000000001, 0.702127659574468, 0.3720930232558139]","[1.4000000000000001, 2.2, 0.7000000000000001, 0.4, 1.1, 0.0, 0.0, 0.0, 1.9000000000000001, 0.0, 0.1, 0.1]"
2557840.0,Chidobe Awuzie,"[0.5555555555555551, 0.46733333333333343, 0.2676785714285718, 0.6341463414634146, 0.65025, 0.6806382978723402, 0.375, 0.6347297297297297, 0.8936170212765957, 0.42531914893617023, 0.6153846153846154, 0.4997619047619048, 0.08135135135135133, 0.6249999999999999, 0.5252564102564106, 0.5497500000000001, 0.5108510638297873, 0.3486046511627906]","[1.4000000000000001, 0.1, 0.5, 0.2, 1.6, 1.5, 0.0, 0.1, 0.2, 0.0, 0.0, 0.0, 0.0, 0.6000000000000001, 1.2000000000000002, 0.0, 0.1, 0.0]"
2558159.0,Xavier Woods,"[0.3861363636363632, 0.532666666666667, 0.3902439024390243, 0.72525, 0.375, 0.12765957446808493, 0.42531914893617023, 0.6153846153846154, 0.4997619047619048, 0.08135135135135133, 0.39974999999999994, 0.27227272727272717, 0.5497500000000001, 0.5534042553191489]","[0.9, 2.0, 0.1, 2.4000000000000004, 0.0, 0.0, 0.0, 0.0, 0.0, 0.0, 0.0, 0.1, 0.0, 0.2]"
2560908.0,Leighton Vander Esch,"[0.3775555555555552, 0.5121951219512195, 0.5, 0.375, 0.42531914893617023, 0.7378571428571428, 0.10810810810810802, 0.40428571428571436]","[1.4000000000000001, 0.0, 0.9, 0.0, 0.0, 0.8, 0.1, 0.5]"
2552686.0,Damien Wilson,"[0.5300000000000002, 0.1951219512195121]","[0.1, 0.0]"
2532875.0,Janoris Jenkins,"[0.3955813953488372, 0.05685714285714268, 0.5104081632653061, 0.47058823529411764, 0.3329629629629629, 0.5238095238095236, 0.0003225806451612542, 0.32586956521739124, 0.61, 0.530612244897959, 0.4594594594594595, 0.48957446808510635, 0.4886666666666667, 0.22704545454545447, 0.5121951219512195, 0.2966666666666666, 0.6428571428571429]","[0.30000000000000004, 0.1, 0.5, 0.2, 0.0, 1.8, 0.0, 0.2, 0.2, 0.5, 0.0, 0.0, 0.5, 0.0, 0.0, 0.4, 0.0]"
2533534.0,Olivier Vernon,"[0.3003333333333335, 0.4489795918367347, 0.38264705882352934, 0.3329629629629629, 0.28571428571428553, 0.0003225806451612542, 0.2606521739130434, 0.5609756097560976, 0.5104081632653062, 0.38636363636363635, 0.48957446808510635, 0.4886666666666667, 0.4088636363636363, 0.5121951219512195, 0.6428571428571429]","[0.7000000000000001, 0.1, 0.0, 0.0, 0.8, 0.0, 0.0, 0.1, 1.2000000000000002, 0.0, 0.0, 0.5, 0.30000000000000004, 0.0, 0.0]"
2535687.0,Michael Thomas,"[0.36700000000000005, 0.48837209302325574, 0.5306122448979591, 0.38264705882352934, 0.4444444444444444, 0.28571428571428553, 0.5609756097560976, 0.4285714285714285, 0.6756756756756757, 0.40886363636363643, 0.5531914893617021, 0.4, 0.4318181818181818, 0.14814814814814797, 0.6428571428571429]","[0.7000000000000001, 0.4, 0.0, 0.0, 0.0, 0.8, 0.1, 1.2000000000000002, 0.8, 0.0, 0.2, 0.0, 0.2, 0.0, 0.0]"
2553822.0,Curtis Riley,"[0.03366666666666666, 0.29441176470588226, 0.7, 0.36755102040816323, 0.38264705882352934, 0.3329629629629629, 0.5238095238095236, 0.2903225806451613, 0.8775510204081632, 0.49978260869565216, 0.7319512195121951, 0.4443055555555553, 0.43270270270270267, 0.4770454545454546, 0.6595744680851063, 0.6442222222222221]","[0.2, 0.6000000000000001, 1.2000000000000002, 0.0, 0.0, 0.0, 1.1, 0.6000000000000001, 1.3, 0.8, 0.4, 1.4000000000000001, 0.30000000000000004, 0.5, 0.7000000000000001, 0.1]"
2555522.0,B.J. Goodson,"[0.4838709677419355, 0.28125000000000006, 0.310689655172414, 0.13486486486486463, 0.38264705882352934, 0.5238095238095236, 0.5161290322580645, 0.6216216216216216, 0.6170212765957447, 0.4664444444444445, 0.4772727272727272]","[1.0, 0.5, 0.1, 0.0, 0.0, 0.8, 1.2000000000000002, 0.8, 0.4, 0.30000000000000004, 0.5]"
2561001.0,Grant Haley,"[0.3235294117647058, 0.6542307692307693, 0.5716326530612245, 0.3329629629629629]","[0.0, 0.1, 0.4, 0.0]"
2561015.0,Lorenzo Carter,"[0.03366666666666666, 0.6326530612244898, 0.38264705882352934, 0.3329629629629629, 0.45652173913043476, 0.5609756097560976, 0.49977272727272715, 0.38636363636363635, 0.6595744680851063, 0.5555555555555556, 0.5121951219512195, 0.33333333333333326, 0.6428571428571429]","[0.0, 0.8, 0.0, 0.0, 0.2, 0.1, 0.0, 0.0, 0.7000000000000001, 0.5, 0.0, 0.4, 0.0]"
2561318.0,Tae Davis,"[0.2333333333333334, 0.4242424242424243, 0.379310344827586, 0.13486486486486468, 0.38264705882352934, 0.407037037037037, 0.5238095238095236, 0.32290322580645153, 0.6382978723404255, 0.28239130434782606, 0.5609756097560976, 0.38636363636363635, 0.6808510638297871, 0.5454545454545454, 0.5121951219512195, 0.6670370370370369]","[0.4, 1.0, 0.1, 0.30000000000000004, 0.0, 0.1, 0.8, 0.9, 2.2, 0.1, 0.1, 0.0, 0.0, 1.1, 0.0, 0.1]"
2539338.0,B.W. Webb,"[0.3023255813953488, 0.8529411764705881, 0.36755102040816323, 0.38264705882352934, 0.3329629629629629, 0.28571428571428553, 0.5483870967741934, 0.5432608695652175, 0.5609756097560976, 0.306326530612245, 0.2975675675675675, 0.5225000000000001, 0.48957446808510635, 0.4, 0.27249999999999996, 0.5121951219512195, 0.22222222222222213, 0.6428571428571429]","[0.1, 0.6000000000000001, 0.0, 0.0, 0.0, 0.8, 0.9, 0.7000000000000001, 0.1, 1.2000000000000002, 0.0, 0.30000000000000004, 0.0, 0.0, 0.1, 0.0, 0.0, 0.0]"
2555531.0,Anthony Brown,"[0.4835483870967745, 0.44999999999999984, 0.375, 0.5943243243243241, 0.42574468085106365, 0.42531914893617023, 0.6153846153846154, 0.4997619047619048, 0.10810810810810802, 0.39974999999999994, 0.5497500000000001]","[2.1, 0.1, 0.0, 0.1, 0.0, 0.0, 0.0, 0.0, 0.1, 0.0, 0.0]"
2543738.0,Kareem Martin,"[0.37541666666666657, 0.0003225806451612542, 0.4083673469387755, 0.4594594594594595, 0.4543181818181817]","[0.0, 0.0, 1.2000000000000002, 0.2, 0.8]"
496937.0,Sean Lee,"[0.6095121951219513, 0.52525, 0.37142857142857155, 0.4257446808510637, 0.6170212765957447, 0.39974999999999994]","[0.5, 0.0, 0.30000000000000004, 0.1, 0.7000000000000001, 0.0]"
2550262.0,Joe Thomas,"[0.5997777777777774, 0.7236170212765957]","[1.1, 0.5]"
71197.0,Connor Barwin,[0.32432432432432434],[0.1]
2561017.0,Sean Chandler,"[0.1423809523809522, 0.0003225806451612542, 0.6818181818181819, 0.8478260869565217, 0.3937878787878786, 0.2975675675675675, 0.38636363636363635, 0.6666666666666666, 0.22704545454545447, 0.5121951219512195, 0.5925925925925926, 0.6428571428571429]","[0.0, 0.0, 1.4000000000000001, 0.2, 0.6000000000000001, 0.0, 0.0, 0.5, 0.0, 0.0, 0.5, 0.0]"
2550365.0,Kenny Ladler,"[0.796122448979592, 0.34782608695652173, 0.5609756097560976, 0.6590909090909091, 0.5121951219512195, 0.14814814814814797, 0.6428571428571429]","[0.7000000000000001, 0.2, 0.1, 0.5, 0.0, 0.0, 0.0]"
2552427.0,Tony Lippett,"[0.3823529411764703, 0.5, 0.5121951219512195, 0.14814814814814797, 0.6428571428571429]","[0.7000000000000001, 0.5, 0.0, 0.0, 0.0]"
2557920.0,Jourdan Lewis,[],[]
2539233.0,Shawn Williams,"[0.48484848484848475, 0.25553191489361704, 0.4857142857142857, 0.470294117647059, 0.024999999999999467, 0.1428571428571427, -0.0002941176470589237, 0.49999999999999994, 0.5, 0.3181818181818182, 0.5386538461538461, 0.4523809523809523, 0.4375, 0.5871739130434782, 0.3960416666666666, 0.4408474576271186]","[0.0, 0.1, 0.1, 0.0, 0.2, 0.0, 0.1, 0.8, 0.1, 0.9, 0.0, 0.8, 0.0, 0.0, 0.30000000000000004, 0.0]"
2555528.0,Nick Vigil,"[0.32586956521739124, 0.48484848484848475, 0.34375, 0.4408823529411765, 0.5221739130434778, 0.1428571428571427, 0.5291176470588234, 0.6500000000000004, 0.27525000000000005, 0.5174137931034483, 0.39977777777777757, 0.8076923076923077, 0.53125, 0.6958695652173913, 0.6875, 0.4915254237288135]","[0.0, 0.0, 0.0, 0.1, 0.7000000000000001, 0.0, 0.1, 0.8, 1.2000000000000002, 0.8, 0.8, 0.8, 0.2, 0.0, 0.4, 0.2]"
2555547.0,KeiVarae Russell,"[0.6663636363636364, 0.75, 0.543142857142857, 0.1428571428571427, 0.7727272727272726, 0.5749999999999998, 0.7931034482758621, 0.5, 0.11340909090909093, 0.5771153846153846, 0.16666666666666669, 0.5627083333333334, 0.6271186440677966]","[0.7000000000000001, 0.0, 0.1, 0.0, 1.3, 1.8, 0.2, 0.1, 0.30000000000000004, 0.2, 0.2, 0.8, 0.6000000000000001]"
2556367.0,William Jackson,"[0.34375, 0.37142857142857144, 0.08794117647058827, 0.3638636363636359, 0.5, -0.0002941176470589237, -1.3010426069826053e-19, 0.4482758620689655, 0.5, 0.5386538461538461, 0.785952380952381, 0.59375, 0.5871739130434782, 0.3333333333333333, 0.6779661016949152]","[0.0, 0.0, 0.0, 0.6000000000000001, 0.4, 0.1, 0.2, 0.4, 0.1, 0.0, 0.8, 0.2, 0.0, 0.2, 0.5]"
2558786.0,Brandon Wilson,"[0.48484848484848475, 0.1428571428571427]","[0.0, 0.0]"
2560839.0,Darius Phillips,[0.5199999999999999],[0.1]
2560970.0,Jessie Bates,"[0.48484848484848475, 0.3865909090909089, 0.34375, 0.37142857142857144, 0.08794117647058827, 0.23809523809523755, 0.1428571428571427, 0.2938235294117646, 0.6404000000000001, 0.125, 0.6036206896551725, 0.5, 0.05779069767441849, 0.5386538461538461, 0.14285714285714285, 0.4375, 0.5871739130434782, 0.5002083333333333, 0.4408474576271186]","[0.0, 0.2, 0.0, 0.0, 0.0, 0.30000000000000004, 0.0, 0.30000000000000004, 0.5, 0.7000000000000001, 0.1, 0.1, 0.2, 0.0, 0.0, 0.0, 0.0, 0.6000000000000001, 0.0]"
2543474.0,Darqueze Dennard,"[0.8484848484848485, 0.34375, 0.37142857142857144, 0.08794117647058827, 0.4318181818181813, -1.3010426069826053e-19, 0.5199999999999999, 0.2952272727272727, 0.5386538461538461, 0.35738095238095235, 0.4375, 0.8260869565217391]","[0.4, 0.0, 0.0, 0.0, 0.6000000000000001, 0.2, 0.1, 0.8, 0.0, 0.6000000000000001, 0.0, 0.0]"
2550647.0,Kasim Edebali,[0.42052631578947364],[0.30000000000000004]
496727.0,Morgan Burnett,"[0.40024999999999994, 0.7142857142857143, 0.030606060606060574, 0.2857142857142856, 0.3431428571428572, 0.8201999999999999, 0.717391304347826]","[0.0, 0.1, 0.0, 0.5, 0.1, 0.0, 0.1]"
496733.0,Joe Haden,"[0.8126249999999999, 0.45742857142857146, 0.42857142857142844, 0.3714285714285714, 0.43333333333333346, 0.5399999999999998, 0.6523913043478261, 0.5454545454545454]","[1.2000000000000002, 0.2, 0.0, 0.1, 0.1, 0.0, 0.0, 0.0]"
2532946.0,Coty Sensabaugh,"[0.37142857142857144, 0.030606060606060574, 0.07142857142857133, 0.48599999999999993, 0.1, 0.5399999999999998, 0.6523913043478261, 0.5454545454545454]","[0.0, 0.0, 0.1, 0.5, 0.0, 0.0, 0.0, 0.0]"
2535613.0,L.J. Fort,"[0.45024999999999976, 0.37142857142857144, 0.3336363636363636, 0.42857142857142855, 0.26666666666666666, 0.58, 0.782608695652174, 0.5454545454545454]","[0.1, 0.0, 0.7000000000000001, 0.0, 0.30000000000000004, 0.1, 0.0, 0.0]"
2541696.0,Jordan Dangerfield,"[0.37142857142857144, 0.030606060606060574, -1.5835547159273997e-16, 0.4002857142857142, 0.1, 0.5399999999999998, 0.6523913043478261, 0.5454545454545454]","[0.0, 0.0, 0.0, 0.0, 0.0, 0.0, 0.0, 0.0]"
2552289.0,Bud Dupree,"[0.16243243243243233, 0.37142857142857144, 0.060606060606060635, 0.5717857142857142, 0.40028571428571424, 0.1, 0.5454545454545454]","[0.30000000000000004, 0.0, 0.1, 0.0, 0.0, 0.0, 0.0]"
2560712.0,Terrell Edmunds,"[0.6030882352941177, 0.030606060606060574, 0.21464285714285708, 0.5431428571428571, 0.19966666666666663, 0.44462962962962993, 0.6523913043478261, 0.5555555555555557]","[0.7000000000000001, 0.0, 0.5, 0.1, 0.2, 0.5, 0.0, 0.8]"
2507843.0,Vincent Rey,"[0.49999999999999994, 0.23499999999999996]","[0.5, 0.6000000000000001]"
2558982.0,Hardy Nickerson,"[0.5681818181818182, 0.34375, 0.37142857142857144, 0.20588235294117643, 0.2058823529411764, 0.19999999999999996, 0.5689655172413793, 0.3997777777777775, 0.4375, 0.782608695652174, 0.4791666666666667, 0.4408474576271186]","[0.1, 0.0, 0.0, 0.30000000000000004, 0.6000000000000001, 0.7000000000000001, 1.1, 1.3, 0.0, 0.4, 0.6000000000000001, 0.0]"
2558064.0,T.J. Watt,"[0.4545454545454547, 0.42761904761904773, -1.5835547159273997e-16, 0.2857142857142857, 0.3663333333333334, 0.6202, 0.5454545454545454]","[0.1, 1.5, 0.0, 0.1, 0.5, 0.2, 0.0]"
2556559.0,Mike Hilton,"[0.7666666666666667, 0.11386363636363674, 0.5399999999999998, 0.6523913043478261]","[1.3, 0.2, 0.0, 0.0]"
2555355.0,Clayton Fejedelem,"[0.44444444444444486, 0.56, 0.35738095238095235]","[0.30000000000000004, 0.2, 0.5]"
2552266.0,Anthony Chickillo,"[0.6933870967741936, 0.5399999999999998, 0.6523913043478261]","[0.5, 0.0, 0.0]"
2558849.0,Cameron Sutton,[],[]
2532828.0,Lavonte David,"[0.6249999999999998, 0.4594594594594595, 0.9413235294117646, 0.6231147540983606, 0.7144642857142856, 0.6801999999999999, 0.7096774193548387, 0.5673134328358209, 0.5808064516129032, 0.14285714285714285, 0.18227272727272723]","[0.9, 0.0, 1.4000000000000001, 0.1, 0.7000000000000001, 0.0, 0.1, 0.30000000000000004, 0.0, 0.0, 0.1]"
2550565.0,Adarius Taylor,"[0.26130434782608686, 0.4594594594594595, 0.720735294117647, 0.7096774193548387, 0.5374626865671641, 0.5808064516129032, 0.14285714285714285, 0.18227272727272723]","[0.4, 0.0, 0.4, 0.1, 0.1, 0.0, 0.0, 0.1]"
2556456.0,Andrew Adams,"[0.1851851851851849, 0.08166666666666665, 0.4594594594594595, 0.6617647058823527, 0.6231147540983606, 0.6428571428571429, 0.5555555555555556, 0.7309615384615386, 0.6801999999999999, 0.7096774193548387, 0.5223880597014925, 0.14285714285714285, 0.18227272727272723]","[0.0, 0.1, 0.0, 0.2, 0.1, 0.6000000000000001, 0.0, 0.2, 0.0, 0.1, 0.0, 0.0, 0.1]"
2556934.0,Javien Elliott,"[0.5588235294117646, 0.5358928571428571, 0.5555555555555556, 0.6348076923076923, 0.5223880597014925, 0.14285714285714285, 0.18227272727272723]","[1.2000000000000002, 0.1, 0.0, 0.4, 0.0, 0.0, 0.1]"
2560930.0,Jordan Whitehead,"[0.6231147540983606, 0.5358928571428571, 0.5555555555555556, 0.5192307692307693, 0.6801999999999999, 0.7096774193548387, 0.5374626865671641, 0.18227272727272723, 0.5544444444444445]","[0.1, 0.1, 0.0, 0.0, 0.0, 0.1, 0.1, 0.1, 0.7000000000000001]"
2561039.0,Carlton Davis,"[0.47058823529411764, 0.7540983606557377, 0.7777777777777778, 0.5192307692307693, 0.6801999999999999]","[0.9, 0.5, 0.5, 0.0, 0.0]"
2506861.0,Brent Grimes,"[0.8653333333333332, 0.4594594594594595, 0.7794117647058824, 0.6231147540983606, 0.5001785714285713, 0.5555555555555556, 0.6732692307692307, 0.8, 0.7096774193548387, 0.5223880597014925, 0.7420967741935484, 0.14285714285714285, 0.18227272727272723]","[0.1, 0.0, 0.9, 0.1, 0.0, 0.0, 0.5, 0.6000000000000001, 0.1, 0.0, 0.0, 0.0, 0.1]"
2555307.0,Devante Bond,"[0.4594594594594595, 0.7096774193548387]","[0.0, 0.1]"
2539334.0,Desmond Trufant,"[0.42892857142857127, 0.5185185185185185, 0.3333333333333333, 0.500625, 0.5096226415094339, 0.8833333333333334, 0.5638181818181818, 0.4772727272727273]","[0.1, 0.0, 0.0, 0.0, 0.0, 0.1, 0.0, 0.0]"
2539653.0,Robert Alford,"[0.729375, 0.045000000000000054, 0.5185185185185185, 0.5096226415094339, 0.6333333333333333, 0.43636363636363634, 0.3199999999999999, 0.5192307692307693]","[0.7000000000000001, 0.0, 0.0, 0.0, 0.0, 0.0, 0.0, 0.0]"
2552301.0,Vic Beasley,"[0.5185185185185185, 0.3333333333333333, 0.6333333333333333, 0.5192307692307693, 0.2727272727272727]","[0.0, 0.0, 0.0, 0.0, 0.0]"
2555162.0,Deion Jones,"[0.4377083333333333, 0.045000000000000054, 0.741111111111111, 0.37074074074074076, 0.6046511627906979, 0.5096226415094339, 0.6333333333333333, 0.6181818181818182, 0.6199999999999999, 0.5192307692307693, 0.5229545454545454]","[0.2, 0.0, 0.7000000000000001, 0.1, 0.4, 0.0, 0.0, 0.8, 0.0, 0.0, 0.1]"
2555255.0,De'Vondre Campbell,"[0.7037037037037037, 0.3333333333333333, 0.6983018867924528, 0.6333333333333333, 0.7272727272727273, 0.5, 0.5192307692307693, 0.6820454545454545]","[0.4, 0.0, 0.0, 0.0, 0.6000000000000001, 0.6000000000000001, 0.0, 0.9]"
2556443.0,Sharrod Neasman,"[0.11538461538461528, 0.045000000000000054, 0.5185185185185185, 0.3333333333333333, 0.7926415094339624, 0.6727272727272727, 0.44019999999999987, 0.5192307692307693, 0.7727272727272727]","[0.0, 0.0, 0.0, 0.0, 0.1, 0.7000000000000001, 0.5, 0.0, 1.7000000000000002]"
2558184.0,Damontae Kazee,"[0.3707407407407406, 0.045000000000000054, 0.5185185185185185, 0.46666666666666684, 0.325, 0.5096226415094339, 0.6333333333333333, 0.5454545454545454, 0.9, 0.5192307692307693, 0.7045454545454546]","[0.0, 0.0, 0.0, 0.4, 0.4, 0.0, 0.0, 0.5, 0.8, 0.0, 0.4]"
2561132.0,Foye Oluokun,[0.6547619047619047],[0.30000000000000004]
2556445.0,Brian Poole,"[0.5096226415094339, 0.5801999999999999, 0.5192307692307693, 0.2956818181818183]","[0.0, 0.0, 0.0, 0.1]"
2556567.0,Isaiah Johnson,"[0.4594594594594595, 0.6231147540983606, 0.5001785714285713, 0.5555555555555556, 0.5192307692307693, 0.9, 0.14285714285714285]","[0.0, 0.1, 0.0, 0.0, 0.0, 0.7000000000000001, 0.0]"
2552392.0,Jordan Richards,"[0.4186046511627907, 0.6333333333333333]","[0.6000000000000001, 0.0]"
2560830.0,Isaiah Oliver,[],[]
2555552.0,Ryan Smith,[],[]
2556833.0,De'Vante Harris,[],[]
2560884.0,M.J. Stewart,[0.7495],[0.30000000000000004]
238227.0,Mike Mitchell,"[0.05711538461538524, 0.13793103448275862]","[0.2, 0.1]"
2540219.0,J.J. Wilcox,"[0.2432051282051281, 0.29545454545454547, 0.13793103448275862]","[0.30000000000000004, 0.0, 0.1]"
2543811.0,Pierre Desir,"[0.8250000000000002, 0.29545454545454547, 0.13793103448275862]","[0.1, 0.0, 0.1]"
2557961.0,Quincy Wilson,"[0.1111111111111117, 0.13793103448275862]","[0.30000000000000004, 0.1]"
2558060.0,Malik Hooker,"[0.44974999999999976, 0.29545454545454547, 0.13793103448275862]","[0.0, 0.0, 0.1]"
2560789.0,Darius Leonard,"[0.7572857142857146, 0.29545454545454547, 0.13793103448275862]","[1.7000000000000002, 0.0, 0.1]"
2354.0,Wesley Woodyard,"[0.4874358974358975, 0.5113333333333333, 0.4352173913043477, 0.0007142857142856346, 0.08652173913043483]","[1.6, 0.0, 0.1, 0.2, 0.0]"
496828.0,Derrick Morgan,"[0.7438461538461537, 0.4352173913043477, 0.26086956521739124]","[1.3, 0.1, 0.30000000000000004]"
2539320.0,Kenny Vaccaro,"[0.3170731707317072, 0.6891111111111111, 0.4352173913043477, 0.0007142857142856346, 0.26315789473684204, 0.08652173913043483]","[0.2, 0.5, 0.1, 0.2, 0.1, 0.0]"
2550613.0,Malcolm Butler,"[0.2121212121212122, 0.5113333333333333, 0.4352173913043477, 0.0007142857142856346, 0.26315789473684204, 0.08652173913043483]","[0.7000000000000001, 0.0, 0.1, 0.2, 0.1, 0.0]"
2555158.0,Kevin Byard,"[0.26499999999999996, 0.5113333333333333, 0.4352173913043477, 0.26315789473684204, 0.08652173913043483]","[0.2, 0.0, 0.1, 0.1, 0.0]"
2555551.0,LeShaun Sims,"[0.145, 0.4352173913043477]","[0.30000000000000004, 0.1]"
2558005.0,Jayon Brown,[0.7126250000000001],[0.6000000000000001]
2560784.0,Harold Landry,"[0.5000000000000001, 0.06666666666666674, 0.4352173913043477]","[1.0, 0.1, 0.1]"
2558065.0,Adoree' Jackson,"[0.5113333333333333, 0.4352173913043477, 0.2315384615384615, 0.3163157894736841, 0.08652173913043483]","[0.0, 0.1, 0.2, 0.1, 0.0]"
2560718.0,Rashaan Evans,"[0.2906451612903226, 0.6444444444444445, 0.26315789473684204, 0.26086956521739124]","[0.1, 0.4, 0.1, 0.2]"
2561328.0,Sharif Finch,[0.26315789473684204],[0.1]
2558851.0,Anthony Walker,[0.3411363636363637],[0.2]
2558976.0,Kenny Moore,[],[]
2561131.0,George Odum,[],[]
2555339.0,Kamalei Correa,[0.26315789473684204],[0.1]
2561155.0,Zaire Franklin,[0.4772727272727273],[0.30000000000000004]
2495190.0,Ryan Kerrigan,"[0.5520689655172414, 0.5002631578947367, 0.5384615384615384, 0.20000000000000018, 0.4004999999999999, 0.20791666666666667, 0.12541666666666662]","[0.8, 0.0, 0.2, 0.30000000000000004, 0.0, 0.2, 0.0]"
2495281.0,Mason Foster,"[0.8064516129032259, 0.4857142857142857, 0.46153846153846156, 0.5618750000000001, 0.4004999999999999]","[1.3, 1.0, 0.1, 0.7000000000000001, 0.0]"
2532920.0,Josh Norman,"[0.8003333333333338, 0.5002631578947367, 0.21843750000000034, 0.4004999999999999, 0.12458333333333334, 0.12541666666666662, 0.45161290322580633]","[1.2000000000000002, 0.0, 0.0, 0.0, 0.0, 0.0, 0.1]"
2543470.0,Ha Ha Clinton-Dix,"[0.48310344827586227, 0.8160526315789474, 0.21471428571428555, 0.39999999999999997, 0.4004999999999999, 0.25, 0.6670833333333336, 0.45161290322580633]","[0.8, 0.0, 0.1, 0.6000000000000001, 0.0, 0.1, 0.7000000000000001, 0.1]"
2552276.0,Preston Smith,"[0.7835000000000001, 0.5002631578947367, 0.4004999999999999, 0.12458333333333338, 0.5420833333333334, 0.45161290322580633]","[1.2000000000000002, 0.0, 0.0, 0.0, 0.1, 0.1]"
2553710.0,Deshazor Everett,"[0.5154687500000001, 0.5002631578947367, 0.705294117647059, 0.4004999999999999, 0.12458333333333338, 0.12541666666666662]","[0.30000000000000004, 0.0, 1.1, 0.0, 0.0, 0.0]"
2558136.0,Fabian Moreau,"[0.18518518518518517, 0.5002631578947367, 0.45714285714285713, 0.4004999999999999, 0.12458333333333338, 0.12541666666666662]","[0.30000000000000004, 0.0, 1.0, 0.0, 0.0, 0.0]"
2560886.0,Greg Stroman,"[0.11764705882352938, 0.1530769230769238, 0.4004999999999999, 0.12458333333333338]","[0.4, 0.2, 0.0, 0.0]"
2561003.0,Shaun Dion Hamilton,"[0.6165, 0.12541666666666662]","[0.4, 0.0]"
79848.0,Malcolm Jenkins,"[0.13636363636363627, 0.31999999999999995, 0.2755172413793104, 0.27833333333333327]","[0.1, 0.0, 0.0, 0.1]"
2495613.0,Corey Graham,"[0.13636363636363627, 0.31999999999999995, 0.2755172413793104, 0.27833333333333327]","[0.1, 0.0, 0.0, 0.1]"
2532800.0,Nigel Bradham,"[0.04166666666666661, 0.13636363636363627, 0.31999999999999995]","[0.1, 0.1, 0.0]"
2552315.0,Jordan Hicks,"[0.31999999999999995, 0.2755172413793104]","[0.0, 0.0]"
2558168.0,Rasul Douglas,"[0.4123529411764707, 0.13636363636363627, 0.8564285714285714, 0.31999999999999995, 0.2755172413793104, 0.27833333333333327]","[0.0, 0.1, 0.1, 0.0, 0.0, 0.1]"
2560795.0,Avonte Maddox,"[0.040000000000000036, 0.13636363636363627, 0.516896551724138, 0.27833333333333327]","[0.1, 0.1, 0.0, 0.1]"
2495201.0,Pernell McPhee,[0.3235294117647059],[0.7000000000000001]
2532804.0,Zach Brown,"[0.6464705882352944, 0.25, 0.45161290322580633]","[0.0, 0.0, 0.1]"
2559260.0,Tre Sullivan,"[0.4757142857142857, 0.13636363636363627, 0.4169444444444445, 0.27833333333333327]","[0.2, 0.1, 0.6000000000000001, 0.1]"
2553687.0,Zach Vigil,[],[]
2561394.0,Jeremy Reaves,[],[]
2556587.0,Cre'von LeBlanc,"[0.31999999999999995, 0.2755172413793104, 0.27833333333333327]","[0.0, 0.0, 0.1]"
2506467.0,Darren Sproles,[],[]
2541741.0,LaRoy Reynolds,[0.030937500000000066],[0.1]
2556363.0,Kamu Grugier-Hill,[],[]
2556550.0,Josh Hawkins,[0.06218749999999995],[0.1]
2558175.0,Nate Gerry,[],[]
2559141.0,B.J. Bello,[0.2777777777777778],[0.4]
2532861.0,Casey Hayward,"[0.23076923076923078, 0.25806451612903214, 0.8596491228070176, 0.21297872340425528, 0.6326530612244898, 0.717391304347826, 0.8458974358974359, 0.0540540540540541, 0.22222222222222204, 0.574074074074074, 0.681590909090909, 0.5454545454545454, 0.27295454545454534, 0.48621621621621625, 0.20538461538461533, 0.41818181818181815, 0.2929268292682926, 0.4186046511627907, 0.46644444444444433, 0.43270270270270267, 0.24242424242424238]","[0.0, 0.0, 1.2000000000000002, 0.0, 0.1, 0.4, 0.0, 0.1, 0.0, 0.0, 0.0, 0.1, 0.0, 0.2, 0.4, 0.0, 0.0, 0.0, 0.0, 0.0, 0.6000000000000001]"
2541958.0,Jahleel Addae,"[0.23076923076923078, 0.25806451612903214, 0.47368421052631576, 0.21297872340425528, 0.6326530612244898, 0.6086956521739131, 0.5384615384615384, -0.0002702702702702379, 0.7777777777777778, 0.6296296296296297, 0.681590909090909, 0.5454545454545454, 0.3411363636363636, 0.4051351351351352, 0.28205128205128194, 0.3076923076923077, 0.41818181818181815, 0.2929268292682926, 0.4186046511627907, 0.46644444444444433, 0.43270270270270267, -1.3194411893035715e-16]","[0.0, 0.0, 0.2, 0.0, 0.1, 0.0, 0.0, 0.0, 1.6, 0.4, 0.0, 0.1, 0.5, 0.0, 0.4, 0.0, 0.0, 0.0, 0.0, 0.0, 0.0, 0.1]"
2550842.0,Adrian Phillips,"[0.3074358974358974, 0.2906451612903224, 0.4910526315789473, 0.38319148936170216, 0.6530612244897959, 0.6086956521739131, -0.0002702702702702379, 0.0833333333333332, 0.6851851851851852, 0.8181818181818182, 0.5454545454545454, 0.48717948717948717, 0.3076923076923077, 0.41818181818181815, 0.6741860465116278, 0.46644444444444433, 0.43270270270270267, -1.3194411893035715e-16]","[0.2, 0.1, 0.30000000000000004, 0.4, 0.1, 0.0, 0.0, 0.0, 0.1, 0.1, 0.1, 0.7000000000000001, 0.0, 0.0, 0.7000000000000001, 0.0, 0.0, 0.1]"
2556148.0,Jatavis Brown,"[0.1247916666666667, 0.23076923076923078, 0.25806451612903214]","[0.2, 0.0, 0.0]"
2559164.0,Michael Davis,"[0.6132258064516128, 0.4210526315789473, 0.6326530612244898, 0.6086956521739131, 0.5384615384615384, -0.0002702702702702379, 0.574074074074074, 0.681590909090909, 0.48515151515151533, 0.4051351351351352, 0.07717948717948715, 0.3076923076923077, 0.3902439024390244, 0.6276744186046511, 0.43270270270270267, -1.3194411893035715e-16]","[0.9, 0.0, 0.1, 0.0, 0.0, 0.0, 0.0, 0.0, 0.30000000000000004, 0.0, 0.0, 0.0, 0.4, 0.5, 0.0, 0.1]"
2560760.0,Derwin James,"[0.7849999999999999, 0.31578947368421045, 0.2768085106382979, 0.6326530612244898, 0.6086956521739131, 0.5384615384615384, -0.0002702702702702379, 0.0833333333333332, 0.574074074074074, 0.681590909090909, 0.5454545454545454, 0.4051351351351352, 0.6923076923076923, 0.4358974358974359, 0.7092727272727273, 0.4186046511627907, 0.6666666666666666, 0.43270270270270267, -1.3194411893035715e-16]","[1.5, 1.1, 0.2, 0.1, 0.0, 0.0, 0.0, 0.0, 0.0, 0.0, 0.1, 0.0, 0.0, 0.0, 0.8, 0.0, 0.7000000000000001, 0.0, 0.1]"
2558182.0,Rayshawn Jenkins,"[0.25806451612903214, 0.5614035087719298, 0.21297872340425528, 0.6086956521739131, 0.5384615384615385, 0.3330769230769231, 0.5636363636363636, 0.7206976744186047, 0.8222222222222222, -1.3194411893035715e-16]","[0.0, 0.6000000000000001, 0.0, 0.0, 1.0, 0.1, 0.0, 0.0, 1.1, 0.1]"
494307.0,Darian Stewart,"[0.3066129032258061, 0.3960416666666666, 0.7144642857142857, 0.4897959183673469, 0.8297872340425534, 0.6052631578947368, 0.5679545454545454, 0.782608695652174, 0.23657894736842097]","[0.2, 0.0, 0.0, 0.30000000000000004, 0.2, 0.0, 0.0, 0.0, 0.0]"
2495202.0,Von Miller,"[0.4778260869565215, 0.5208333333333333, 0.7144642857142857, 0.6120408163265306, 0.6052631578947368, 0.5679545454545454, 0.782608695652174, 0.26315789473684204]","[1.9000000000000001, 0.4, 0.0, 1.1, 0.0, 0.0, 0.0, 0.1]"
2543505.0,Bradley Roby,"[0.7144642857142857, 0.08163265306122448, 0.23404255319148937, 0.6052631578947368, 0.5679545454545454, 0.782608695652174]","[0.0, 0.0, 0.0, 0.0, 0.0, 0.0]"
2550930.0,Todd Davis,"[0.7428787878787878, 0.7144642857142857, 0.42836734693877543, 0.23657894736842097]","[1.1, 0.0, 0.8, 0.0]"
2555550.0,Justin Simmons,"[0.2503124999999999, 0.12224489795918364, 0.2978723404255319, 0.6052631578947368, 0.8179545454545454, 0.782608695652174, 0.6052631578947368]","[0.5, 0.2, 0.1, 0.0, 0.7000000000000001, 0.0, 0.8]"
2560763.0,Josey Jewell,"[0.6149999999999998, 0.8826470588235293, 0.7857142857142857, 0.4471052631578947]","[0.5, 1.5, 0.2, 0.0]"
2550541.0,Shaquil Barrett,"[0.6913235294117647, 0.5531914893617021, 0.6052631578947368]","[1.6, 0.5, 0.0]"
2560946.0,Isaac Yiadom,"[0.8121874999999998, 0.375, 0.23404255319148937, 0.7894736842105264, 0.8634090909090908]","[1.3, 0.30000000000000004, 0.0, 0.0, 0.7000000000000001]"
2507917.0,Tramaine Brock,"[0.7144642857142857, 0.7344897959183674, 0.6808510638297872, 0.6052631578947368, 0.5679545454545454, 0.782608695652174, 0.368157894736842]","[0.0, 0.5, 1.0, 0.0, 0.0, 0.0, 0.5]"
2532898.0,Brandon Marshall,"[0.12499999999999993, 0.8087234042553191, 0.6136363636363635, 0.782608695652174]","[0.0, 1.3, 0.2, 0.0]"
2556278.0,Will Parks,"[0.3193617021276595, 0.6318421052631579, 0.782608695652174]","[0.1, 0.1, 0.0]"
2560743.0,Jeff Holland,[],[]
2560826.0,Uchenna Nwosu,"[0.6086956521739131, 0.5856097560975609, 0.5348837209302325, 0.46644444444444433, 0.43270270270270267]","[0.0, 0.5, 0.2, 0.0, 0.0]"
2552313.0,Hayes Pullard,"[0.3335416666666669, 0.6138596491228069, 0.21297872340425528, 0.7757142857142858, 0.5384615384615384, 0.2499999999999999, 0.8335185185185184, 0.681590909090909, 0.5454545454545454, 0.5168333333333333, 0.6213513513513514, 0.2929268292682926]","[0.7000000000000001, 0.5, 0.0, 0.2, 0.0, 0.4, 0.7000000000000001, 0.0, 0.1, 0.5, 0.4, 0.0]"
2557927.0,Desmond King,"[0.21951219512195086, 0.5384615384615384, 0.5672972972972975, 0.5277777777777776, 0.681590909090909, 0.5454545454545454, 0.6486486486486487, 0.3335897435897435, 0.3076923076923077, 0.41818181818181815, 0.8664444444444444, 0.7297297297297298, 0.2118181818181819]","[0.6000000000000001, 0.0, 0.0, 1.0, 0.0, 0.1, 0.1, 0.6000000000000001, 0.0, 0.0, 1.1, 0.0, 0.0]"
2552296.0,Kyle Emanuel,"[0.5937499999999999, 0.2929268292682926]","[0.0, 0.0]"
1302.0,Aqib Talib,"[0.5145588235294117, 0.7499999999999999, 0.333148148148148, 0.38071428571428567, 0.5, 0.7779166666666667, 0.53125, 0.8001428571428572, 0.8183116883116883, 0.5999999999999999]","[0.0, 1.5, 0.0, 0.1, 0.0, 0.0, 0.0, 0.1, 0.30000000000000004, 1.3]"
2532789.0,Mark Barron,"[0.6129032258064515, 0.6247916666666665, 0.44444444444444453, 0.38071428571428567, 0.5333333333333333, 0.7638888888888888, 0.53125, 0.8001428571428572, 0.7012987012987012, 0.6333333333333333]","[0.5, 0.8, 0.30000000000000004, 0.1, 0.1, 0.30000000000000004, 0.0, 0.1, 0.9, 1.4000000000000001]"
2552488.0,Marcus Peters,"[0.36445945945945957, 0.27083333333333326, 0.7035185185185185, 0.333095238095238, 0.5, 0.6875, 0.8001428571428572, 0.5064935064935064, 0.6168333333333336]","[0.2, 0.8, 1.5, 0.0, 0.0, 0.6000000000000001, 0.1, 0.0, 0.2]"
2556374.0,Blake Countess,"[0.79975, 0.333148148148148]","[0.1, 0.0]"
2556593.0,Cory Littleton,"[0.22499999999999987, 0.9166666666666669, 0.6039583333333333, 0.5, 0.6082608695652174, 0.5695833333333332, 0.53125, 0.7274025974025974, 0.8333333333333334, 0.14705882352941155]","[0.8, 1.8, 1.8, 0.6000000000000001, 0.0, 0.30000000000000004, 0.0, 0.9, 0.9, 0.0]"
2558183.0,John Johnson,"[0.25774193548387087, 0.3636363636363636, 0.6664583333333333, 0.425740740740741, 0.5994999999999999, 0.5498333333333333, 0.6666666666666666, 0.62515625, 0.8001428571428572, 0.6493506493506492, 0.7001666666666665, 0.30583333333333307, 0.4871250000000001, 0.5260526315789472, 0.5360714285714284, 0.3103448275862069, 0.10714285714285714]","[0.0, 0.0, 0.0, 0.30000000000000004, 0.8, 0.2, 0.0, 0.30000000000000004, 0.1, 0.8, 1.6, 0.0, 0.2, 1.1, 0.9, 0.2, 0.1]"
2495507.0,Richard Sherman,"[0.42857142857142877, 0.2857142857142889, 0.6277906976744186, 0.6283333333333334, 0.657, 0.7692307692307693, 0.7836486486486487, 0.7532467532467533, 0.6616176470588234, 0.6985714285714285]","[0.7000000000000001, 3.0, 0.0, 1.6, 0.2, 0.0, 0.7000000000000001, 0.1, 0.0, 0.1]"
2543680.0,Antone Exum,"[0.7333333333333337, -0.4999999999999951, 0.6626744186046511, 0.705128205128205, 0.6855714285714286, 0.7692307692307693, 0.7566216216216215, 0.7532467532467533, 0.6616176470588234, 0.031562499999999924, 0.5967741935483871, 0.7321428571428571]","[1.2000000000000002, 3.7, 0.2, 1.2000000000000002, 0.2, 0.0, 0.30000000000000004, 0.1, 0.0, 0.1, 0.1, 0.0]"
2550654.0,K'Waun Williams,"[0.7674418604651195, 0.5128205128205128, 0.7712857142857144, 0.7692307692307693, 0.7532467532467533, 0.6616176470588234, 0.5967741935483871]","[1.0, 0.1, 0.7000000000000001, 0.0, 0.1, 0.0, 0.1]"
2558121.0,Elijah Lee,"[0.8949999999999999, 0.7093023255813954, 0.6153846153846154, 0.7692307692307693, 0.7702702702702703, 0.6616176470588234, 0.5967741935483871]","[0.4, 0.0, 0.1, 0.0, 0.5, 0.0, 0.1]"
2560917.0,Fred Warner,"[0.8484848484848485, 0.6511627906976817, 0.7564102564102565, 0.7674418604651163, 0.5512820512820513, 0.757, 0.8782432432432433, 0.7532467532467533, 0.7049180327868854, 0.5967741935483871]","[1.8, 4.0, 1.6, 0.8, 0.1, 0.8, 0.0, 0.1, 2.9000000000000004, 0.1]"
2561006.0,Marcell Harris,"[0.5541891891891889, 0.6341463414634184, 0.3335714285714286, 0.6744186046511628, 0.8206410256410257, 0.657, 0.7692307692307693, 0.7160810810810811, 0.7532467532467533, 0.6616176470588234, 0.5967741935483871]","[0.1, 3.8000000000000003, 0.8, 0.30000000000000004, 0.2, 0.2, 0.0, 0.30000000000000004, 0.1, 0.0, 0.1]"
2558830.0,Samson Ebukam,"[0.375, 0.5998333333333332, 0.5277777777777778, 0.8001428571428572, 0.2941176470588233]","[0.7000000000000001, 0.6000000000000001, 0.0, 0.1, 0.9]"
2540197.0,Nickell Robey-Coleman,"[0.8290243902439026, 0.3539583333333336, 0.5370370370370371, 0.35749999999999993, 0.2762068965517241]","[0.0, 0.1, 0.0, 0.5, 0.4]"
2561117.0,Tarvarius Moore,"[0.394736842105263, 1.000000000000004, 0.8488372093023255, 0.6855714285714285, 0.7692307692307693, 0.7027027027027027, 0.7532467532467533, 0.7204411764705881, 0.7986290322580648, 0.5967741935483871]","[0.0, 3.9000000000000004, 0.5, 0.4, 0.0, 0.5, 0.1, 0.2, 3.0, 0.1]"
2556277.0,Marqui Christian,"[0.5, 0.7779166666666666, 0.53125, 0.8001428571428572, 0.5064935064935064, 0.40016666666666656, 0.1663333333333341, 0.3194000000000001, 0.2503571428571428, 0.10714285714285714]","[0.0, 0.8, 0.0, 0.1, 0.0, 0.0, 0.30000000000000004, 0.5, 0.30000000000000004, 0.1]"
2560850.0,D.J. Reed,[0.3245945945945945],[0.9]
2499278.0,Malcolm Smith,[],[]
2558971.0,Greg Mabin,[0.5726612903225808],[1.8]
2556655.0,Tyvis Powell,[0.4989999999999998],[0.4]
2553722.0,Matt Longacre,"[0.09709677419354822, 0.29000000000000054, 0.3196]","[0.2, 0.6000000000000001, 0.4]"
1037374.0,Sam Shields,"[0.39393939393939453, 0.7998461538461539, 0.07178571428571424, 0.4827586206896552, 0.10714285714285714]","[0.0, 1.0, 0.0, 0.5, 0.1]"
2552320.0,Ramik Wilson,"[0.6138571428571431, 0.4994444444444446, 0.13793103448275862, 0.10714285714285714]","[1.7000000000000002, 1.0, 0.1, 0.1]"
2553536.0,Troy Hill,"[0.8092857142857144, 0.32142857142857145, 0.6551724137931033, 0.2503571428571428]","[0.7000000000000001, 0.4, 0.1, 0.30000000000000004]"
2552307.0,Bryce Hager,"[0.5827777777777778, 0.4642857142857143, 0.13793103448275862, 0.10714285714285714]","[1.0, 0.4, 0.1, 0.1]"
2561469.0,Darious Williams,[0.6588636363636363],[0.0]
2495504.0,Patrick Peterson,"[0.5416666666666665, 0.6451612903225806]","[0.9, 1.2000000000000002]"
2495807.0,Antoine Bethea,[],[]
2540170.0,David Amerson,[],[]
2543769.0,Deone Bucannon,"[0.13043478260869537, 0.1938709677419355]","[0.2, 0.0]"
2543830.0,Tre Boston,"[0.04347826086956487, 0.19387096774193543]","[0.0, 0.1]"
2557887.0,Haason Reddick,[],[]
2532966.0,Bobby Wagner,"[0.3750000000000001, 0.25, 0.5263157894736842, 0.23529411764705876]","[0.7000000000000001, 0.30000000000000004, 0.0, 0.2]"
2539243.0,Bradley McDougald,"[0.32178571428571434, 0.34210526315789475]","[0.0, 0.0]"
2553456.0,Akeem King,"[0.5333333333333334, 0.3157894736842105]","[0.6000000000000001, 0.0]"
2553637.0,Justin Coleman,[0.3932142857142857],[0.5]
2558077.0,Delano Hill,"[0.07142857142857142, 0.3157894736842105, 0.076923076923077]","[0.0, 0.0, 0.1]"
2558259.0,Shaquill Griffin,"[0.10714285714285718, 0.5789473684210527, 0.6470588235294117]","[0.2, 0.2, 0.1]"
2560728.0,Tre Flowers,[0.6578947368421053],[0.2]
2539293.0,Gerald Hodges,[0.4761904761904763],[0.7000000000000001]
2558009.0,Budda Baker,[],[]
2495252.0,K.J. Wright,[],[]
2540140.0,Barkevious Mingo,[],[]
2534846.0,Neiko Thorpe,[],[]
