nflId,name,med_coverage,average_coverage,numPlays,position,coveragepos+/-,coverageleague+/-
79848,Malcolm Jenkins,5.7841096034,6.7017636463,506,SS,4.132466877562837,-0.10362049574256993
2495613,Corey Graham,14.6899481301,13.405412911800001,322,FS,-3.6368924932371343,-9.00945902244257
2534832,Rodney McLeod,12.537747250799999,12.374353599600001,76,FS,-1.4846916139371338,-6.857258143142569
2552315,Jordan Hicks,6.552596900399999,6.9531918798,343,MLB,-0.5795553345778615,-0.8721077927425691
2552689,Ronald Darby,6.5163287852,6.393531618,276,CB,-1.5085620365180405,-0.8358396775425696
2555383,Jalen Mills,7.0402374488,6.702486552100001,229,CB,-2.032470700118041,-1.35974834114257
2558175,Nate Gerry,5.987204950700001,6.0700080513999985,45,LB,-0.44024754723750537,-0.3067158430425705
2556363,Kamu Grugier-Hill,6.1434242557,6.4548465591,124,OLB,-0.6834906128258211,-0.4629351480425701
2557958,Sidney Jones,4.8163512591,5.2348341210000005,165,CB,0.1914154895819591,0.86413784855743
2539334,Desmond Trufant,5.2226695909,5.3270440495,480,CB,-0.21490284221804057,0.4578195167574304
2539653,Robert Alford,2.9494428533,3.8043385303,427,CB,2.0583238953819594,2.7310462543574303
2543850,Ricardo Allen,11.7226423475,11.0442187519,107,SS,-1.806065866537164,-6.042153239842571
2552301,Vic Beasley,5.2451550897,4.8450720608,345,DE,0.33924527881264055,0.4353340179574303
2555162,Deion Jones,6.3082643603,6.403388785,155,MLB,-0.3352227944778621,-0.6277752526425697
2555255,De'Vondre Campbell,5.7354899345,5.7908712508,406,OLB,-0.2755562916258212,-0.05500082684257013
2555543,Keanu Neal,6.7303480986,7.055084268,17,FS,4.322707538262865,-1.0498589909425702
2556445,Brian Poole,4.6643929937,4.9919601499,405,CB,0.3433737549819593,1.0160961139574303
2557967,Duke Riley,6.096566525,6.2705391477,192,OLB,-0.6366328821258209,-0.41607741734256987
2558184,Damontae Kazee,15.2726082061,14.6427875461,438,SS,-5.3560317251371625,-9.59211909844257
2561132,Foye Oluokun,6.024062258200001,5.8940670453,217,LB,-0.4771048547375054,-0.34357315054257054
2559109,Deante Burton,3.3263577506,4.8851940987,33,CB,1.681408998081959,2.35413135705743
2506268,Lorenzo Alexander,4.9352273293,5.0538090515,243,OLB,0.5247063135741792,0.7452617783574302
2539240,Micah Hyde,12.0617373475,11.9409436095,334,SS,-2.1451608665371626,-6.381248239842569
2539290,Jordan Poyer,12.263608359800001,12.373333649600001,383,FS,-1.2105527229371358,-6.583119252142571
2543851,Phillip Gaines,3.7335426218,4.5168124653,150,CB,1.2742241268819594,1.9469464858574304
2557867,Tre'Davious White,4.8574892219,4.7314542905,369,CB,0.15027752678195938,0.8229998857574303
2557969,Matt Milano,5.2995956262,5.9608040948,287,OLB,0.1603380166741788,0.38089348145742985
2560713,Tremaine Edmunds,6.5116859402,6.7125041164,355,LB,-0.9647285367375042,-0.8311968325425694
2560766,Taron Johnson,4.0837787446,4.3634193766000005,181,CB,0.9239880040819592,1.5967103630574302
4365,Brandon Carr,4.5129710692,4.6223474704,398,CB,0.49479567948195946,1.1675180384574304
2495775,Eric Weddle,12.433742219900001,12.378422107,450,FS,-1.3806865830371358,-6.753253112242571
2505660,Terrell Suggs,5.0109443634,5.0173028011000005,342,OLB,0.448989279474179,0.66954474425743
2540164,Tony Jefferson,10.5341093165,10.6984063701,355,SS,-0.6175328355371636,-4.85362020884257
2543464,C.J. Mosley,6.011179477000001,6.1463246328,390,ILB,-0.22592640974768763,-0.33069036934257046
2552279,Za'Darius Smith,4.892567400000001,4.7230992808,326,OLB,0.5673662428741784,0.7879217076574294
2555378,Tavon Young,3.9040915334,4.2640816088,284,CB,1.1036752152819593,1.7763975742574303
2556642,Patrick Onwuasor,6.0658817489,6.2342508699,178,ILB,-0.28062868164768684,-0.38539264124256967
2558067,Marlon Humphrey,3.502724524,4.1294447263,328,CB,1.5050422246819593,2.17776458365743
2555505,Matt Judon,4.6996859865,4.6806539735,300,OLB,0.7602476563741796,0.9808031211574306
2558990,Patrick Ricard,5.2171090504,5.026812725,17,FB,-1.7944613416364872,0.4633800572574298
2508004,Anthony Levine,4.8046278686,5.0464565616,155,DB,2.8002374000705847,0.8758612390574303
2558248,Chuck Clark,7.4738306675,8.9386676341,115,FS,3.5792249693628655,-1.7933415598425695
2507817,Rafael Bush,4.6368862881,5.763611161,181,SS,5.279690192862836,1.0436028195574298
2557841,Tim Williams,4.8275604924,4.6933794293,55,OLB,0.6323731504741792,0.8529286152574302
2560947,Kenny Young,5.5264377522000006,5.71048093,151,LB,0.020519651262494776,0.15405135545742965
2558166,Tyus Bowser,5.218082736,4.9191151669,73,OLB,0.24185090687417876,0.4624063716574298
2560963,Anthony Averett,3.8392683029,4.5592093872,32,CB,1.1684984457819594,1.8412208047574303
2555178,Maurice Canady,5.0578088967,4.2935059219,5,CB,-0.050042148018040855,0.6226802109574301
2561301,Chris Board,6.1001998476,6.5179253773,5,LB,-0.5532424441375046,-0.4197107399425697
2543637,Terrance Mitchell,6.9546893226,6.3256205313,189,CB,-1.946922573918041,-1.27420021494257
2543720,Christian Kirksey,5.5025421174,5.6617258079,203,OLB,-0.04260847452582084,0.17794699025743022
2552389,Damarious Randall,16.0931522945,14.3774349819,461,CB,-11.085385545818042,-10.412663186842572
2555166,Joe Schobert,6.5455126601,6.7600327179,388,MLB,-0.5724710942778621,-0.8650235524425698
2556475,Briean Boddy-Calhoun,4.8162994117,6.9817958623,307,CB,0.19146733698195906,0.86418969595743
2557980,Jabrill Peppers,6.6764539334,9.1146210163,324,FS,4.376601703462865,-0.9959648257425702
2560916,Denzel Ward,4.9491573489,5.0899806856,373,CB,0.058609399781959226,0.7313317587574302
496733,Joe Haden,4.5148344572,4.6099466779,430,CB,0.49293229148195916,1.16565465045743
2539978,Jon Bostic,5.1990170499,5.3800151398,197,ILB,0.5862360173523129,0.48147205775743007
2540221,Vince Williams,5.4028206174,5.4927658704,320,ILB,0.3824324498523133,0.27766849025743046
2552289,Bud Dupree,5.0215851436,4.976214124,392,OLB,0.43834849927417885,0.6589039640574299
2555344,Artie Burns,4.8314618032,5.0084655141,127,CB,0.1763049454819594,0.8490273044574304
2555386,Sean Davis,15.0632630487,14.039203982,435,SS,-5.146686567737163,-9.382773941042569
2558064,T.J. Watt,4.8254954863,4.7152045107,401,OLB,0.6344381565741788,0.8549936213574298
2560712,Terrell Edmunds,10.1251847173,10.587983442999999,441,S,0.5955607398780902,-4.44469560964257
2556559,Mike Hilton,4.7538922857,5.015433759,303,CB,0.25387446298195915,0.9265968219574301
496727,Morgan Burnett,6.099366699400001,6.477671959199999,193,SS,3.817209781562836,-0.41887759174257067
2539311,Jamie Collins,5.538889191900001,5.7609732103,437,OLB,-0.0789555490258218,0.14159991575742925
2555540,Derrick Kindred,6.927010440399999,9.5366544788,192,SS,2.9895660405628375,-1.246521332742569
2560964,Genard Avery,5.0600726876,4.9688280513,331,LB,0.4868847158624954,0.6204164200574303
2552266,Anthony Chickillo,4.9048732182,4.7614786622,135,OLB,0.5550604246741795,0.7756158894574305
2558849,Cameron Sutton,3.3917360862,4.0349151091,137,CB,1.6160306624819594,2.2887530214574303
2552386,Clayton Geathers,10.7004469629,10.4186815921,313,FS,0.352608673962866,-5.019957855242569
2557961,Quincy Wilson,4.8162582529,5.1790226035,206,CB,0.19150849578195928,0.8642308547574302
2558060,Malik Hooker,14.287725366400002,14.2970183546,393,FS,-3.2346697295371367,-8.60723625874257
2558108,Nate Hairston,4.7641019656,5.0897043927,174,CB,0.24366478308195916,0.9163871420574301
2558976,Kenny Moore,3.7911464473,4.2461956143,396,CB,1.2166203013819592,1.8893426603574301
2560789,Darius Leonard,5.81933157,6.0850130104,409,LB,-0.2723741665375048,-0.13884246234256992
2560816,Skai Moore,7.253540937599999,6.7831057617,23,ILB,-1.4682878703476856,-1.5730518299425684
2561155,Zaire Franklin,6.238944557000001,6.3797798085,73,ILB,-0.4536914897476878,-0.5584554493425706
2533060,Dre Kirkpatrick,4.400713995199999,4.6841647841,353,CB,0.6070527534819599,1.2797751124574308
2539233,Shawn Williams,10.6542894028,10.6417821859,420,SS,-0.7377129218371632,-4.97380029514257
2543474,Darqueze Dennard,3.6668911592,4.1538507527,328,CB,1.3408755894819593,2.0135979484574302
2543814,Preston Brown,6.0067457189,6.0933296284,148,MLB,-0.033704153077862564,-0.3262566112425702
2555528,Nick Vigil,5.2314929109,5.5994717198,319,OLB,0.22844073197417902,0.4489961967574301
2556367,William Jackson,2.8705548742,4.2808181383,473,CB,2.137211874481959,2.80993423345743
2560970,Jessie Bates,13.595744305699997,13.2660776773,495,S,-2.8749988485219067,-7.9152551980425665
2558801,Jordan Evans,5.7076639158,5.8878420875,184,OLB,-0.24773027292582128,-0.027174808142570228
2555355,Clayton Fejedelem,10.8485682074,10.987985028099999,97,FS,0.20448742946286558,-5.168079099742569
2533016,Najee Goode,6.6757060189,6.808347768099999,28,OLB,-1.2157723760258206,-0.9952169112425695
2556429,Matthias Farley,12.069662275799999,11.3568028469,71,SS,-2.1530857948371622,-6.389173168142569
2558851,Anthony Walker,6.6463014013,6.711269081,283,ILB,-0.8610483340476867,-0.9658122936425695
2558982,Hardy Nickerson,6.0846733939,6.3157772083,232,MLB,-0.11163182807786232,-0.40418428624256997
496739,Reshad Jones,13.638634478599998,12.9905249924,301,SS,-3.7220579976371617,-7.958145370942568
2539309,T.J. McDonald,10.6295423304,10.3158066105,372,SS,-0.7129658494371629,-4.949053222742569
2539935,Kiko Alonso,6.5880364019,6.809461698200001,388,OLB,-1.128102759025821,-0.90754729424257
2552434,Bobby McCain,4.7517141852,4.8564946178,311,CB,0.25605256348195926,0.9287749224574302
2555539,Xavien Howard,5.3498006807,5.2203533463,321,CB,-0.34203393201804033,0.3306884269574306
2558070,Raekwon McMillan,6.337549576,6.3601146067,270,LB,-0.7905921725375045,-0.6570604683425696
2560966,Jerome Baker,5.4073925511,5.658083358200001,267,LB,0.13956485236249527,0.27309655655743015
2560725,Minkah Fitzpatrick,4.5872836086,6.1092711313,370,S,6.13346184857809,1.0932054990574303
2354,Wesley Woodyard,5.9450086111000005,6.109386154199999,306,ILB,-0.15975554384768742,-0.26451950344257025
71423,Brian Orakpo,5.0854225961,5.0109359887,236,OLB,0.37451104677417923,0.5950665115574303
2539320,Kenny Vaccaro,12.896298828599999,11.896639222000001,306,SS,-2.9797223476371624,-7.215809720942569
2540013,Will Compton,6.260786515,6.1312648465,27,ILB,-0.47553344774768735,-0.5802974073425702
2540162,Logan Ryan,4.3650240921,4.6905475799000005,357,CB,0.6427426565819596,1.3154650155574306
2550613,Malcolm Butler,3.1531431628,4.1355447556,365,CB,1.854623585881959,2.52734594485743
2555158,Kevin Byard,10.4303759123,10.3397253744,424,FS,0.6226797245628646,-4.74988680464257
2555339,Kamalei Correa,5.0171099544,4.8267046298,134,ILB,0.7681431128523126,0.6633791532574298
496828,Derrick Morgan,4.7096285427,4.5746951986,218,OLB,0.7503051001741792,0.9708605649574302
2558005,Jayon Brown,5.9415289814999985,6.168876214,367,ILB,-0.1562759142476855,-0.2610398738425683
2558065,Adoree' Jackson,6.0160125051,5.6491926646,391,CB,-1.0082457564180407,-0.33552339744256976
2561328,Sharif Finch,4.6231303913,4.4606585682,68,OLB,0.836803251574179,1.05735871635743
2555320,Aaron Wallace,6.4762653465,6.4762653465,1,OLB,-1.0163317036258208,-0.7957762388425698
2541539,Daren Bates,5.7825620979,6.1894505097,20,ILB,0.002690969352313388,-0.10207299024256944
2555551,LeShaun Sims,4.7353808295,4.6764411315,92,CB,0.27238591918195887,0.9451082781574298
2559043,Chase Allen,4.3952928139999985,4.8857459842,4,OLB,1.0646408288741807,1.2851962936574317
2559053,Torry McTyer,5.8612982211,5.5150617598,145,CB,-0.853531472418041,-0.18080911344257
496735,Kareem Jackson,6.362000737100001,7.527314439299999,430,CB,-1.3542339884180414,-0.6815116294425705
2495872,Johnathan Joseph,6.272097660499999,6.1664363498000005,357,CB,-1.26433091181804,-0.591608552842569
2533049,Whitney Mercilus,4.9061407574,4.8187674538,347,OLB,0.5537928854741789,0.77434835025743
2540180,Tyrann Mathieu,7.7332436726,8.3976346002,466,FS,3.3198119642628656,-2.0527545649425694
2543501,Aaron Colvin,4.7144095799,4.8955064483,171,CB,0.2933571687819594,0.9660795277574303
2552261,Kevin Johnson,6.4867166615,6.4419661311,30,CB,-1.4789499128180408,-0.8062275538425698
2558094,Zach Cunningham,5.7641227638,6.0301343036000015,339,ILB,0.02113030345231337,-0.08363365614256946
2560851,Justin Reid,12.888155897699999,12.6366360027,398,SS,-2.9715794167371623,-7.207666790042569
71251,Patrick Chung,4.6396398176,5.5308332651,402,SS,5.276936663362837,1.0408492900574302
494287,Devin McCourty,10.3380967744,10.7765415132,454,FS,0.7149588624628649,-4.65760766674257
2533057,Dont'a Hightower,5.3284228822,5.4891358147,335,MLB,0.6446186836221379,0.35206622545743027
2533062,Stephon Gilmore,3.419241857,4.5322924576,454,CB,1.5885248916819594,2.2612472506574304
2541243,Duron Harmon,14.841974156900001,14.4474091744,298,FS,-3.788918520037136,-9.161485049242572
2543699,Kyle Van Noy,5.237981495,5.377333643099999,423,OLB,0.2219521478741795,0.44250761265743055
2552255,Eric Rowe,3.7322813135,5.0375275894,66,CB,1.2754854351819591,1.94820779415743
2561143,Ja'Whaun Bentley,4.981840845,5.3913248559000015,54,LB,0.5651165584624955,0.6986482626574304
2552490,Benardrick McKinney,5.8874159763,6.1202277088,383,ILB,-0.10216290904768677,-0.2069268686425696
2556571,Jonathan Jones,4.097119544,4.9011637643,261,CB,0.9106472046819594,1.5833695636574303
2556119,Elandon Roberts,5.9986156728,6.2310991310000015,170,MLB,-0.025574106977861888,-0.31812656514256954
2559152,Dylan Cole,6.2423307722,6.4264937346,60,ILB,-0.45707770494768685,-0.5618416645425697
89756,Jason McCourty,4.169121316,4.9920710612,393,CB,0.8386454326819592,1.5113677916574302
497240,Rob Gronkowski,41.5002599006,41.5002599006,2,TE,-32.02493019094826,-35.81977079294257
2495272,Chris Conte,10.7412147675,10.4965396796,68,SS,-0.824638286537164,-5.0607256598425705
2532828,Lavonte David,5.4307384366,5.6512987023,411,OLB,0.02919520627417871,0.24975067105742976
2552592,Kwon Alexander,6.3181524286,6.173632154600001,188,MLB,-0.3451108627778625,-0.6376633209425702
2555299,Vernon Hargreaves,2.4418560589,3.0717068219,35,CB,2.5659106897819592,3.23863304875743
2555552,Ryan Smith,5.893454900399999,5.9262732887,208,CB,-0.8856881517180399,-0.212965792742569
2557945,Justin Evans,14.3082588099,13.5969485867,275,SS,-4.391682328937163,-8.62776970224257
2561039,Carlton Davis,3.1320477852,3.9499919915,306,CB,1.875718963481959,2.54844132245743
2550565,Adarius Taylor,5.7210527939,5.7337361791,228,MLB,0.25198877192213764,-0.04056368624257001
2508084,Patrick Robinson,4.0830141766,4.1534860516,50,CB,0.9247525720819594,1.5974749310574303
2533008,Demario Davis,6.060668343200001,6.3114631946,395,ILB,-0.27541527594768755,-0.3801792355425704
2555530,Vonn Bell,7.530556979299999,8.2985612203,362,FS,3.522498657562866,-1.850067871642569
2556735,Ken Crawley,5.274208450400001,5.082300223,183,CB,-0.2664417017180414,0.40628065725742957
2558061,Marshon Lattimore,4.1042012743,4.4230881323,416,CB,0.903565474381959,1.57628783335743
2558163,Alex Anzalone,6.194186621799999,6.305273765700001,237,OLB,-0.7342529789258201,-0.513697514142569
2558847,Marcus Williams,16.2932356465,15.453821273199999,435,FS,-5.240180009637136,-10.612746538842572
494261,Kurt Coleman,7.4007876562,8.2993656388,134,SS,2.5157888247628364,-1.7202985485425701
2560884,M.J. Stewart,3.4606027238,4.0532889481,161,CB,1.5471640248819591,2.21988638385743
2539277,Manti Te'o,6.7267012675,6.7286859476,42,MLB,-0.7536597016778623,-1.04621215984257
2539982,A.J. Klein,6.1472890428,6.3048361738,278,OLB,-0.6873553999258206,-0.46679993514256957
71197,Connor Barwin,5.1123190539,4.9558831253,121,OLB,0.34761458897417885,0.5681700537574299
2532875,Janoris Jenkins,5.111782208399999,5.1213101742000005,442,CB,-0.10401545971804005,0.5687068992574309
2539338,B.W. Webb,4.1748112498,4.3322836997000005,421,CB,0.832955498881959,1.50567785785743
2540143,Alec Ogletree,5.877000334,5.9758945611000005,346,LB,-0.33004293053750455,-0.19651122634256968
2541792,Ray-Ray Armstrong,6.092486748,6.0875252305,92,OLB,-0.6325531051258206,-0.4119976403425696
2543738,Kareem Martin,5.0750824938,4.8499672473,233,OLB,0.38485114907417906,0.6054066138574301
2552454,Landon Collins,6.4119218426,7.197221183300001,334,SS,3.5046546383628367,-0.7314327349425698
2553822,Curtis Riley,14.2572803089,13.7326765896,424,FS,-3.2042246720371352,-8.576791201242571
2555277,Eli Apple,3.8443601227,4.5024570305000005,402,CB,1.1634066259819593,1.8361289849574303
2561015,Lorenzo Carter,5.0492503997,4.6575712953,211,OLB,0.41068324317417915,0.6312387079574302
2555522,B.J. Goodson,5.531152603,5.6606079574,173,ILB,0.25410046425231325,0.14933650465743042
494259,Barry Church,11.8360406099,11.229496752000001,253,SS,-1.9194641289371628,-6.155551502242569
2532848,Tashaun Gipson,10.331974389700001,9.7735454593,395,FS,0.7210812471628643,-4.651485282042571
2541162,A.J. Bouye,5.1622433287,5.1181491304,318,CB,-0.15447658001804054,0.5182457789574304
2543711,Telvin Smith,6.6248434048,6.854052446,397,OLB,-1.1649097619258209,-0.9443542971425698
2555280,Jalen Ramsey,5.2590563388,5.3631476847,395,CB,-0.25128959011804053,0.4214327688574304
2555329,Myles Jack,6.4892874573000014,6.6226888948,398,OLB,-1.0293538144258223,-0.8087983496425712
2560758,Leon Jacobs,4.667604316,4.6498098978,38,LB,0.8793530874624951,1.01288479165743
2535687,Michael Thomas,6.8134563353,7.5085624259,224,SS,3.103120145662837,-1.1329672276425695
2561008,Ronnie Harrison,7.0417065669,9.1729969555,127,DB,0.5631587017705844,-1.36121745924257
2539237,D.J. Hayden,4.0508028344,4.3470900738,206,CB,0.9569639142819595,1.6296862732574304
2539662,Lerentee McCray,4.7410228696,4.6614963688,33,DE,0.8433774989126404,0.9394662380574301
2556711,Jarrod Wilson,11.4573670012,11.095876133099999,83,SS,-1.540790520237163,-5.7768778935425695
2495504,Patrick Peterson,5.8247621034,5.507853807899999,408,CB,-0.8169953547180411,-0.14427299574257013
2495807,Antoine Bethea,9.3784702582,9.585077929199999,407,FS,1.674585378662865,-3.69798115054257
2530491,Josh Bynes,5.9448264903,6.1394522915,259,ILB,-0.15957342304768662,-0.26433738264256945
2539932,Jamar Taylor,6.2354533047,5.8760687381,114,CB,-1.2276865560180408,-0.5549641970425698
2543769,Deone Bucannon,5.4734491851,5.479623276,119,ILB,0.31180388215231325,0.20703992255743042
2543830,Tre Boston,12.7998144094,12.4404460472,366,FS,-1.7467587725371345,-7.1193253017425695
2558009,Budda Baker,3.7870133494,4.1613772442000005,352,FS,7.266042287462865,1.8934757582574302
2557887,Haason Reddick,5.0235034566,5.2423698365,319,ILB,0.7617496106523127,0.6569856510574299
2495201,Pernell McPhee,5.0889608025,4.9243243275,89,OLB,0.3709728403741792,0.5915283051574303
2495281,Mason Foster,5.9151568502,6.0438380412,418,ILB,-0.12990378294768679,-0.2346677425425696
2532804,Zach Brown,6.0984466472,6.4301071387,286,ILB,-0.31319357994768726,-0.4179575395425701
2532920,Josh Norman,4.3803525726,4.559189627099999,428,CB,0.6274141760819596,1.3001365350574305
2539943,D.J. Swearinger,9.3308141213,10.3932170233,403,FS,1.7222415155628656,-3.6503250136425693
2553796,Quinton Dunbar,3.7187608466,4.3782979776,165,CB,1.2890059020819593,1.9617282610574303
2557853,Ryan Anderson,5.3351218342,4.7614503035,75,OLB,0.1248118086741794,0.34536727345743046
2558133,Montae Nicholson,12.156065786,12.4974727628,230,FS,-1.103010149137134,-6.475576678342569
2558136,Fabian Moreau,4.8057188676,4.8931985381,377,CB,0.2020478810819588,0.8747702400574298
2495190,Ryan Kerrigan,4.9322546531,4.7609286556,339,OLB,0.5276789897741789,0.74823445455743
2552276,Preston Smith,4.9596982484,4.7066593301,338,OLB,0.5002353944741795,0.7207908592574306
2557880,Josh Harvey-Clemons,5.3888491865,6.0888381364,109,ILB,0.39640388075231314,0.2916399211574303
2558174,Rudy Ford,13.7487666433,14.4556958378,23,S,-3.0280211861219097,-8.068277535642569
2543855,Bene' Benwikere,4.2914498851,4.895037868,217,CB,0.7163168635819597,1.3890392225574306
2553687,Zach Vigil,6.1892072124,6.010824613,13,MLB,-0.21616564657786252,-0.5087181047425702
2560886,Greg Stroman,5.139829574,5.5957841627,186,DB,2.4650356946705845,0.54065953365743
496937,Sean Lee,6.2733687526,6.2977342754,89,ILB,-0.4881156853476867,-0.5928796449425695
2541832,Jeff Heath,11.290974464400001,10.5188989825,447,SS,-1.3743979834371647,-5.610485356742571
2552568,Byron Jones,2.4192796231,3.4459686086000003,458,CB,2.5884871255819593,3.26120948455743
2555310,Jaylon Smith,6.2541334322000015,6.7135333483,436,MLB,-0.28109186637786365,-0.5736443245425713
2555531,Anthony Brown,4.149682123,4.3750066644,333,CB,0.8580846256819594,1.5308069846574304
2555536,Kavon Frazier,12.363941125999999,11.347386775,79,SS,-2.447364645037162,-6.683452018342568
2557840,Chidobe Awuzie,3.4896097108,4.5296509384,401,CB,1.5181570378819593,2.1908793968574303
2552686,Damien Wilson,4.9144162755,5.0658173373,99,OLB,0.5455173673741793,0.7660728321574304
80668,Captain Munnerlyn,4.419203846499999,4.453743548299999,317,CB,0.5885629021819598,1.2612852611574308
2495339,Da'Norris Searcy,14.126191518199999,14.1973613817,27,SS,-4.209615037237162,-8.44570241054257
2505708,Mike Adams,11.471619858699999,11.160580816700001,424,FS,-0.4185642218371335,-5.7911307510425685
2533056,Luke Kuechly,6.0112852214,6.2825447907,418,MLB,-0.0382436555778618,-0.33079611374256945
2552447,Shaq Thompson,5.483122896799999,5.509674839600001,262,OLB,-0.023189253925820275,0.19736621085743078
2555175,James Bradberry,6.5206314603,5.9721881237,441,CB,-1.5128647116180405,-0.8401423526425695
2560753,Donte Jackson,5.8863205344,5.8481688186000005,398,CB,-0.878553785718041,-0.20583142674257005
2553441,David Mayo,5.1105839132,5.3605604852,49,MLB,0.8624576526221377,0.56990519445743
2560908,Leighton Vander Esch,6.4301077329,6.5142830907,361,LB,-0.8831503294375045,-0.7496186252425696
2550262,Joe Thomas,6.113100824400001,5.9284358948,28,ILB,-0.3278477571476879,-0.4326117167425707
2553815,Justin March-Lillard,5.5321748711000005,5.5321748711000005,2,OLB,-0.07224122822582135,0.1483142365574297
2499257,Colin Jones,13.843490703399999,12.286867443299998,50,FS,-2.7904350665371336,-8.163001595742568
80431,Clay Matthews,5.0789463339,4.7498337005,300,OLB,0.3809873089741789,0.6015427737574299
2506789,Tramon Williams,8.168988303899999,9.574563063200001,421,CB,-3.16122155521804,-2.488499196242569
2533048,Nick Perry,5.2829269049,4.8798774787,122,OLB,0.1770067379741791,0.39756220275743015
2543470,Ha Ha Clinton-Dix,14.0260171254,13.518611704100001,380,FS,-2.972961488537134,-8.34552801774257
2555161,Blake Martinez,6.5244139835000015,6.5047058931,414,ILB,-0.7391609162476884,-0.8439248758425713
2556480,Kentrell Brice,10.4595923771,11.1621644851,256,SS,-0.5430158961371632,-4.77910326944257
2557996,Kevin King,4.7180118467000005,4.7524388011,123,CB,0.28975490198195875,0.9624772609574297
2560755,Josh Jackson,3.8550546378,4.3361145762,304,CB,1.1527121108819594,1.8254344698574303
2560952,Jaire Alexander,4.3540447659,4.6021356417,308,CB,0.6537219827819589,1.3264443417574299
2555160,Antonio Morrison,6.369980615499999,6.449733374400001,83,ILB,-0.5847275482476864,-0.6894915078425692
2556537,Reggie Gilbert,4.9467888152,4.8673059505000005,195,LB,0.6001685882624956,0.7337002924574305
2495108,Prince Amukamara,2.4101016622,4.4879794371,412,CB,2.597665086481959,3.27038744545743
2532961,Danny Trevathan,6.079656020700001,6.193717840800001,446,ILB,-0.29440295344768774,-0.39916691304257057
2543681,Kyle Fuller,5.7421669369,5.6418354003,454,CB,-0.7344001882180411,-0.06167782924257015
2552385,Adrian Amos,12.576462897699999,12.7431762774,461,FS,-1.5234072608371338,-6.895973790042569
2553500,Bryce Callahan,4.2870247346,4.3914635068,322,CB,0.7207420140819591,1.39346437305743
2555285,Leonard Floyd,5.0706350911,4.8205838430000005,364,OLB,0.3892985517741794,0.6098540165574304
2555288,Nick Kwiatkoski,5.6604155007,5.846005207799998,48,ILB,0.12483756655231293,0.0200736069574301
2558176,Eddie Jackson,13.577463871700001,13.21405534,401,FS,-2.5244082348371357,-7.896974764042571
2552697,Jermaine Whitehead,5.3846703205,5.8524900111,98,FS,5.6683853163628655,0.2958187871574305
2541202,Marcus Cooper,3.8172872109,4.5657111424000005,20,CB,1.1904795377819593,1.8632018967574302
2555340,Kyler Fackrell,5.1509539676,4.7785281134,245,OLB,0.3089796752741796,0.5295351400574306
2552489,Eddie Goldman,3.8257495593,3.8257495593,1,NT,-1.9733992218107232e-11,1.85473954835743
2495101,Sam Acho,6.1437748186,6.100245008,8,OLB,-0.6838411757258207,-0.46328571094256965
2560877,Roquan Smith,5.5435314652,5.8277071062,396,LB,0.003425938262495265,0.13695764245743014
71441,Glover Quin,11.028713550199999,10.8777846745,327,FS,0.02434208666286608,-5.348224442542569
2534830,Tavon Wilson,5.2361046917000005,5.7440596063,131,SS,4.680471789262836,0.4443844159574297
2540288,Darius Slay,4.4022931068,4.8655934336,357,CB,0.6054736418819591,1.27819600085743
2543869,Devon Kennard,5.0562444787,4.7549144191,344,OLB,0.4036891641741791,0.6242446289574302
2543872,Nevin Lawson,3.4229993658,3.951665034,346,CB,1.5847673828819593,2.2574897418574302
2552262,Quandre Diggs,10.4725186953,10.2105136462,387,SS,-0.5559422143371631,-4.79202958764257
2557855,Jarrad Davis,6.144961224199999,6.4064453116,392,MLB,-0.1719196583778615,-0.46447211654256915
2557924,Jalen Reeves-Maybin,5.424208939600001,4.9156025089,47,OLB,0.03572470327417854,0.2562801680574296
2558821,Jamal Agnew,3.102757291,3.6450427704,49,CB,1.9050094576819592,2.57773181665743
2550572,Christian Jones,5.804260140599999,5.7620876996,237,ILB,-0.019007073347686365,-0.12377103294256919
2532877,Trumaine Johnson,5.7892032009,5.4451322489999985,269,CB,-0.781436452218041,-0.10871409324257009
2533059,Morris Claiborne,4.604176891,4.5233678393,412,CB,0.40358985768195943,1.0763122166574304
2543597,Avery Williamson,6.2840287885000015,6.318401254299999,453,ILB,-0.49877572124768843,-0.6035396808425713
2555256,Jordan Jenkins,4.9790112175,4.6454205198,254,OLB,0.48092242537417906,0.7014778901574301
2555322,Darron Lee,5.2794920764,5.401122989199999,319,ILB,0.5057609908523126,0.4009970312574298
2556617,Doug Middleton,14.7229111883,14.6415471204,99,S,-4.002165731121909,-9.04242208064257
2557979,Jamal Adams,8.2743330152,8.540531654299999,457,SS,1.6422434657628369,-2.5938439075425697
2495343,Buster Skrine,4.0429882401,4.179685977799998,280,CB,0.9647785085819596,1.6375008675574305
2557955,Teez Tabor,3.6562716335,4.2515179448,120,CB,1.3514951151819594,2.0242174741574304
2553353,Darryl Roberts,8.0627338981,9.5691773924,310,CB,-3.05496714941804,-2.382244790442569
2561366,Frankie Luvu,4.8908470868,4.8570198206,205,LB,0.6561103166624953,0.7896420208574302
2540219,J.J. Wilcox,5.8655567198,6.6796424042,34,FS,5.187498917062865,-0.18506761214256962
2552486,Leonard Williams,5.1965261776,5.1965261776,2,DE,0.3878741909126404,0.4839629300574302
2552494,Eli Harold,5.4159464684000005,4.925414287,81,DE,0.16845390011263994,0.2645426392574297
2560822,Parry Nickerson,4.0769079069,4.2404979659,113,CB,0.9308588417819594,1.6035812007574304
2553657,Neville Hewitt,5.3843897832000005,5.6544255346000005,113,OLB,0.07554385967417865,0.2960993244574297
2549896,Marquis Flowers,5.867385484600001,5.867385484600001,2,OLB,-0.4074518417258215,-0.18689637694257044
1302,Aqib Talib,7.456861807999999,7.1024961415,153,CB,-2.44909505931804,-1.776372700342569
2543487,Dominique Easley,4.7732553091000005,4.6604022202,21,OLB,0.6866783337741786,0.9072337985574297
2543492,Lamarcus Joyner,14.6294845331,13.7878471403,371,FS,-3.5764288962371342,-8.948995425442568
2552320,Ramik Wilson,5.561118711900001,5.3805365711,59,ILB,0.2241343553523123,0.11937039575742947
2552488,Marcus Peters,6.684020487000001,6.6901207007000005,375,CB,-1.6762537383180414,-1.0035313793425704
2556593,Cory Littleton,5.2659133152,5.4872283121,391,ILB,0.5193397520523133,0.4145757924574305
2558183,John Johnson,10.0392240248,10.460135380499999,396,SS,-0.12264754383716259,-4.358734917142569
2558830,Samson Ebukam,4.8403828698,4.8445824423,276,OLB,0.6195507730741792,0.8401062378574302
2540197,Nickell Robey-Coleman,4.825285524,4.8693712652,266,CB,0.18248122468195938,0.8552035836574303
2556277,Marqui Christian,5.1492223628,6.1021905776,188,SS,4.767354118162837,0.5312667448574304
2495153,Marcus Gilchrist,9.8487852026,9.9631921949,346,FS,1.204270434262865,-4.16829609494257
2495617,Leon Hall,3.664916551,4.089102981,162,CB,1.3428501976819591,2.01557255665743
2506353,Derrick Johnson,5.903738801699999,6.3485032502999985,73,ILB,-0.1184857344476864,-0.22324969404256922
2507167,Reggie Nelson,10.5449448635,10.4988614363,162,FS,0.5081107733628656,-4.864455755842569
2532986,Tahir Whitehead,5.9232487326,6.171547670800001,388,OLB,-0.46331508972582114,-0.24275962494257008
2541200,Rashaan Melvin,3.726435573,4.2964033238,254,CB,1.2813311756819594,1.9540535346574304
2558062,Gareon Conley,2.902680398,3.5433555974,272,CB,2.105086350681959,2.77780870965743
2553722,Matt Longacre,5.3762023951,5.0875974463,93,OLB,0.08373124777417917,0.30428671255743023
306,Dominique Rodgers-Cromartie,5.8036826068,5.5374149474,49,CB,-0.7959158581180406,-0.1231934991425696
2557972,Marquel Lee,5.591395059,5.5750988062,126,MLB,0.38164650682213797,0.08909404865743031
2555294,Shilique Calhoun,4.820111291,4.3978759732,47,LB,0.7268461124624954,0.8603778166574303
2555342,Karl Joseph,10.960809335599999,10.3063839336,180,SS,-1.044232854637162,-5.2803202279425685
2556817,Tony McRae,4.3103179775,4.695241864700001,51,CB,0.6974487711819597,1.3701711301574306
2560745,Sam Hubbard,6.2874605539,9.6365573,4,DE,-0.7030601853873595,-0.6069714462425697
2552392,Jordan Richards,6.3476798434,7.6332172531,200,SS,3.568896637562837,-0.6671907357425697
2561009,Marquis Haynes,4.7405071586,4.4660578227,23,DE,0.8438932099126406,0.9399819490574304
2560775,Rashaan Gaulden,13.7409647369,12.507629196300002,55,DB,-6.136099468229416,-8.060475629242571
2539219,Blidi Wreh-Wilson,5.4829424213,5.4886244059,19,CB,-0.4751756726180405,0.19754668635743045
2558171,Corn Elder,6.0606860743,6.0183677037,27,CB,-1.0529193256180411,-0.3801969666425702
2534741,Keith Tandy,15.1754228846,15.1754228846,1,FS,-4.1223672477371345,-9.49493377694257
79901,Vontae Davis,6.2438144004,6.238997916900001,14,CB,-1.2360476517180405,-0.5633252927425696
2532861,Casey Hayward,4.6092425851,4.6541661355,410,CB,0.39852416358195963,1.0712465225574306
2541958,Jahleel Addae,14.4138162525,13.6927859934,412,SS,-4.4972397715371635,-8.73332714484257
2552296,Kyle Emanuel,5.6023942422,5.5752033691,72,OLB,-0.14246059932582078,0.07809486545743027
2552310,Denzel Perryman,6.33233412,6.545403928,125,ILB,-0.5470810527476866,-0.6518450123425694
2556828,Trevor Williams,4.3167154478,4.6812129526,156,CB,0.6910513008819592,1.3637736598574302
2560760,Derwin James,6.513174305,7.8054134515,416,SS,3.403402175962837,-0.8326851973425695
2560928,Kyzir White,6.4204112767,6.4258655545000005,29,LB,-0.873453873237505,-0.7399221690425701
2507644,Ramon Humber,6.5248186664,6.4684212405,27,OLB,-1.0648850235258207,-0.8443295587425697
2557927,Desmond King,4.1053915236,4.5837397733,339,CB,0.9023752250819594,1.5750975840574304
2560826,Uchenna Nwosu,4.6168761428,4.5526068027,130,LB,0.9300812606624955,1.0636129648574304
2550842,Adrian Phillips,7.4447222611,8.0764494466,312,SS,2.471854219862837,-1.7642331534425697
2556148,Jatavis Brown,6.4529852407,6.7380834661,284,OLB,-0.9930515978258212,-0.7724961330425701
2558182,Rayshawn Jenkins,7.3952490377,7.9086012047,52,SS,2.5213274432628365,-1.71475993004257
2556652,Lafayette Pitts,6.5259753245,6.261946720399999,37,CB,-1.5182085758180408,-0.8454862168425699
2560818,Siran Neal,13.867226026199999,14.1006301488,4,DB,-6.2623607575294145,-8.186736918542568
2525323,Andrew Sendejo,12.7907390419,12.4837069119,112,SS,-2.8741625609371635,-7.11024993424257
2532948,Harrison Smith,11.356656316199999,10.7281734726,340,FS,-0.3036006793371335,-5.6761672085425685
2540155,Xavier Rhodes,3.7777255379,4.2098999621,265,CB,1.2300412107819594,1.9027635697574303
2543459,Anthony Barr,5.4621135479,5.7966792302,255,OLB,-0.002179905025820439,0.21837555975743062
2552312,Eric Kendricks,5.8160682311,6.0961672610000015,305,MLB,0.15697333472213781,-0.13557912344256984
2552448,Trae Waynes,5.4175900965,5.2596570082,243,CB,-0.4098233478180404,0.26289901115743053
2555177,Mackensie Alexander,4.0820879932,4.5563433235,226,CB,0.9256787554819592,1.5984011144574302
2555156,Jayron Kearse,4.7357854638,5.6720551549,63,SS,5.180791017162837,0.9447036438574301
2534567,Korey Toomer,7.7208331288,6.5708136261000005,7,MLB,-1.747791562977862,-2.0403440211425696
2495170,Davon House,2.0235578766,2.8925251339,13,CB,2.9842088720819593,3.6569312310574302
2558033,Ben Gedeon,5.5631910047,6.153613764,72,OLB,-0.10325736182582101,0.11729810295743004
2560746,Mike Hughes,4.7970027111,5.1340519371,79,CB,0.21076403758195905,0.88348639655743
2550164,T.J. Carrie,4.6377419698,4.8022966966,408,CB,0.37002477888195884,1.0427471378574298
2556489,James Burgess,5.222009397,5.0122352073,24,OLB,0.23792424587417926,0.4584797106574303
2552484,P.J. Williams,4.0006794595,4.2794093631,349,CB,1.0070872891819596,1.6798096481574305
2495493,Justin Houston,5.0911539153,4.897429843299999,277,DE,0.4932464532126408,0.5893351923574306
2530794,Ron Parker,11.8763780974,11.5361425601,424,FS,-0.8233224605371348,-6.19588898974257
2543592,Anthony Hitchens,6.098570463,6.318972936900001,353,MLB,-0.12552889717786186,-0.4180813553425695
2552265,Steven Nelson,2.8251434388,4.2435118997000005,471,CB,2.182623309881959,2.85534566885743
2555169,Reggie Ragland,5.8524297603,6.198526289,169,ILB,-0.0671766930476867,-0.17194065264256952
2555173,Eric Murray,13.9428545657,12.810898148,286,FS,-2.889798928837134,-8.26236545804257
2556775,Terrance Smith,5.7665050939,6.5956397207,84,ILB,0.01874797335231282,-0.08601598624257001
2560881,Breeland Speaks,4.8932205972,4.7058593555,195,LB,0.6537368062624953,0.7872685104574302
2307,Orlando Scandrick,3.9549524434,4.7492666484,362,CB,1.0528143052819594,1.7255366642574304
2555349,Kendall Fuller,4.4584145542,4.6337814563,449,CB,0.5493521944819593,1.2220745534574302
2560921,Armani Watts,4.2085659836,6.8094213661000005,27,DB,3.396299285070585,1.4719231240574304
2532946,Coty Sensabaugh,5.2020138446,4.9462950444,350,CB,-0.19424709591804046,0.4784752630574305
2561103,Tremon Smith,4.2167568155,4.3975221128,26,WR,20.218653239608592,1.46373229215743
2558185,Tanoh Kpassagnon,3.9625535063,3.9625535063,1,DE,1.6218468622126405,1.7179356013574303
2560827,Dorian O'Daniel,6.7406223339,6.6290045735000005,172,LB,-1.1936649304375049,-1.06013322624257
2532800,Nigel Bradham,6.1546192591,6.5306707276,445,OLB,-0.6946856162258213,-0.4741301514425702
2560930,Jordan Whitehead,11.237148559400001,11.4839027435,308,DB,-3.6322832907294167,-5.556659451742571
2550605,Marcus Williams,6.7487718527,7.0955684644,17,CB,-1.7410051040180408,-1.0682827450425698
2543468,Mike Evans,50.24104687720001,50.24104687720001,2,WR,-25.805636822091422,-44.560557769542584
1037347,Joe Webb,2.7632385466,2.7632385466,1,QB,-4.341771386862092e-11,2.9172505610574304
2495251,Shareece Wright,4.512604121,4.6023414831,255,CB,0.4951626276819594,1.1678849866574303
2535693,Johnson Bademosi,3.5942606016000003,3.9483807484,14,CB,1.413506147081959,2.08622850605743
2543600,Alfred Blue,2.7156670277,2.7156670277,1,RB,13.772757031472182,2.9648220799574303
2552730,Brian Peters,7.1837062937,7.2141958889,24,ILB,-1.3984532264476872,-1.50321718604257
2555234,Tyler Ervin,48.6914112567,48.6914112567,1,RB,-32.20298719752782,-43.01092214904257
2560759,Natrell Jamerson,5.379734995700001,5.2505173177,35,DB,2.225130272970584,0.3007541119574295
2560774,Peter Kalambayi,3.9076299256,4.7579151909,11,LB,1.639327477862495,1.77285918205743
2561344,Buddy Howell,1.844286848,1.844286848,1,RB,14.644137211172183,3.83620225965743
2561538,A.J. Moore,4.7278908905,4.7278908905,1,DB,2.8769743781705843,0.9525982171574299
2560784,Harold Landry,4.713873743500001,4.6297441443,269,OLB,0.7460598993741785,0.9666153641574295
2556673,Brennan Scarlett,6.0220489912,6.3989656877,37,OLB,-0.562115348325821,-0.34155988354256994
2560714,Duke Ejiofor,4.9444654119,4.928020422,88,LB,0.6024919915624949,0.7360236957574298
2561033,Dane Cruikshank,18.3627409102,18.6678490603,14,DB,-10.757875641529415,-12.68225180254257
2543811,Pierre Desir,4.4443367144,4.7557437751,405,CB,0.5634300342819589,1.2361523932574299
2539293,Gerald Hodges,6.002792724400001,6.3058214225,131,ILB,-0.21753965714768775,-0.3223036167425706
1037374,Sam Shields,4.6050813333,4.4634707061,172,CB,0.402685415381959,1.07540777435743
2552307,Bryce Hager,5.9357465228,6.0592124115,28,ILB,-0.15049345554768667,-0.2552574151425695
2553536,Troy Hill,6.2711307699,6.2369691109000005,170,CB,-1.2633640212180408,-0.5906416622425699
2556374,Blake Countess,13.445686314200001,12.7823114173,25,SS,-3.5291098332371647,-7.765197206542571
2553545,Isaiah Johnson,6.2733580510000015,5.6157488645,5,DB,1.331507217670583,-0.5928689433425713
2495507,Richard Sherman,4.3480514969,5.0022670232,324,CB,0.6597152517819591,1.33243761075743
2552391,Jaquiski Tartt,6.4976622509,8.0246909375,154,FS,4.555393385962865,-0.8171731432425702
2552684,Mark Nzeocha,5.9542641988,5.9489193925,38,MLB,0.01877736702213806,-0.2737750911425696
2558121,Elijah Lee,6.3454934189,6.5079703992,193,LB,-0.798536015437505,-0.6650043112425701
2558157,Ahkello Witherspoon,4.0861862962,4.6609498001,271,CB,0.9215804524819591,1.59430281145743
2558857,Adrian Colbert,15.6933724328,15.012577209200002,117,FS,-4.640316795937135,-10.012883325142571
2560917,Fred Warner,6.175849419,6.4078750253,399,LB,-0.6288920155375051,-0.4953603113425702
2550654,K'Waun Williams,5.003020246499999,4.985296680799999,259,CB,0.004746502181959933,0.6774688611574309
2556641,Romeo Okwara,5.0849562649,4.9553007361,284,DE,0.4994441036126407,0.5955328427574305
2543741,Jimmie Ward,6.511629806,8.630568896,165,FS,4.541425830862865,-0.83114069834257
2560913,Trey Walker,14.8178520102,13.9418767089,129,DB,-7.212986741529415,-9.13736290254257
2543680,Antone Exum,13.479754036300001,12.3874350783,237,FS,-2.426698399437136,-7.799264928642571
494307,Darian Stewart,14.418128545799998,13.4265970618,336,FS,-3.365072908937133,-8.737639438142569
2495202,Von Miller,4.910203543500001,4.6855181829,337,OLB,0.5497300993741785,0.7702855641574295
2506345,Adam Jones,6.372858055599999,5.722124310599999,46,CB,-1.36509130691804,-0.692368947942569
2530510,Chris Harris,3.9964934154,4.327524542,299,CB,1.0112733332819595,1.6839956922574304
2532898,Brandon Marshall,5.6787327588,5.9859123459,176,ILB,0.1065203084523132,0.0017563488574303676
2543505,Bradley Roby,5.5941799587,5.4746283996,377,CB,-0.5864132100180406,0.08630914895743036
2550930,Todd Davis,5.7726906028,6.0004275353,321,ILB,0.012562464452313016,-0.09220149514256981
2555550,Justin Simmons,7.821079814400001,9.7535650958,417,SS,2.095496666562836,-2.1405907067425707
2550541,Shaquil Barrett,4.7566748646,4.5431951682,110,OLB,0.7032587782741793,0.9238142430574303
2532871,Bruce Irvin,7.3305097772,8.2429338262,7,LB,-1.7835523737375043,-1.6500206695425694
2556278,Will Parks,6.6240166096,8.7065974433,224,FS,4.429039027262865,-0.9435275019425697
2555568,Erik Harris,11.013885741800001,10.5913722353,169,SS,-1.0973092608371644,-5.333396634142571
2536032,Emmanuel Lamur,4.9170133719,5.6851026696,31,OLB,0.5429202709741787,0.7634757357574298
2560763,Josey Jewell,6.240656166,6.170009423,153,LB,-0.6936987625375046,-0.5601670583425697
2507917,Tramaine Brock,5.5127738519000005,5.526403765,186,CB,-0.5050071032180412,0.16771525575742974
2552271,Geneo Grissom,6.0253844569,5.2218858959,11,DE,-0.4409840883873599,-0.34489534924257015
2550659,Tyler Patmon,4.1684624187,4.4545360628,95,CB,0.8393043299819594,1.5120266889574303
2555421,Yannick Ngakoue,6.1525908691,6.4335198803,3,DE,-0.5681905005873595,-0.47210176144256977
2556512,Donte' Deayon,3.7664230315,4.3050614784,50,CB,1.2413437171819592,1.9140660761574302
2552605,Ibraheim Campbell,15.1495991828,13.4905821104,46,FS,-4.096543545937134,-9.46911007514257
2508080,Earl Thomas,10.9567326395,10.880424724500001,77,FS,0.09632299736286498,-5.27624353184257
2532890,Mychal Kendricks,5.3827600372000015,5.5731036223000014,78,OLB,0.07717360567417764,0.2977290704574287
2539243,Bradley McDougald,8.3508070474,8.6173575793,373,SS,1.5657694335628367,-2.67031793974257
2540140,Barkevious Mingo,4.655826327,5.0685706087,197,OLB,0.8041073158741794,1.0246627806574304
2553456,Akeem King,4.4274979215,4.6921580892,65,CB,0.5802688271819596,1.2529911861574305
2558259,Shaquill Griffin,3.6823244388,4.3126768528,395,CB,1.3254423098819594,1.9981646688574304
2558925,Austin Calitro,6.7082377822,6.5741936813,96,LB,-1.161280378737505,-1.0277486745425701
2553637,Justin Coleman,4.1216538897,4.3542393446,320,CB,0.8861128589819591,1.55883521795743
2557881,Tedric Thompson,14.4069445067,14.3293010556,298,FS,-3.353888869837135,-8.726455399042571
2552629,Frank Clark,4.5866929958,4.5866929958,1,DE,0.9977073727126404,1.0937961118574302
494289,Sherrick McManis,4.3149795823,4.5165233311,121,CB,0.6927871663819589,1.3655095253574299
2560830,Isaiah Oliver,2.8962539014,4.1502716077,129,CB,2.111512847281959,2.78423520625743
2560946,Isaac Yiadom,4.321514281000002,4.7464236132,120,DB,3.283350987670583,1.3589748266574286
496814,Albert McClellan,5.8122671053,5.634096957000001,14,OLB,-0.352333462425821,-0.13177799764256992
2539937,Shamarko Thomas,17.0852723267,16.2019811457,7,SS,-7.1686958457371635,-11.40478321904257
2561093,Jermaine Carter,4.8036652926,4.8029260689,33,LB,0.7432921108624955,0.8768238150574303
2495488,J.J. Watt,4.6792757239,4.6792757239,1,DE,0.9051246446126404,1.0012133837574302
2561017,Sean Chandler,5.075928469,6.746070231699999,71,DB,2.5289367996705847,0.6045606386574303
2543456,Jadeveon Clowney,5.0246288806,5.9127826009,12,DE,0.5597714879126405,0.6558602270574303
2560718,Rashaan Evans,5.7178587899,5.7217049609,194,LB,-0.17090138643750485,-0.03736968224256998
2561340,Tre Herndon,4.3572070734,4.3882004762,32,CB,0.6505596752819596,1.3232820342574305
2556798,Kenneth Durden,8.2861807979,8.1874891169,3,CB,-3.278414049218041,-2.60569169024257
2557837,Reuben Foster,5.883795749400001,6.147747987200002,132,OLB,-0.4238621065258217,-0.20330664174257063
2499278,Malcolm Smith,6.0432733841,6.2356108453,122,OLB,-0.5833397412258208,-0.3627842764425697
2560850,D.J. Reed,7.0419758872000005,8.6148403082,139,DB,0.5628893814705842,-1.3614867795425702
2543494,Dee Ford,4.6882785229,4.752382376,5,DE,0.8961218456126403,0.9922105847574301
2561117,Tarvarius Moore,4.5453951701,5.2800970953,76,DB,3.0594700985705847,1.1350939375574303
2559208,Ryan Lewis,6.0129543567,5.2239581073000005,81,CB,-1.0051876080180406,-0.3324652490425697
2559012,Eric Wilson,5.4674135915,6.1617332786,109,OLB,-0.007479948625820576,0.21307551615743048
2560984,Oren Burks,5.3202100155,5.8603408902,45,LB,0.2267473879624955,0.36027909215743037
2553710,Deshazor Everett,6.589786392000001,8.209631054199999,38,SS,3.326790088962836,-0.9092972843425704
2559164,Michael Davis,4.678084728,5.0080993293,267,CB,0.3296820206819593,1.0024043796574302
2560901,Kevin Toliver,6.2128137577,5.991243161799999,71,DB,1.3920515109705844,-0.53232465004257
2532966,Bobby Wagner,6.0586211426,6.4525969377,382,MLB,-0.08557957677786199,-0.37813203494256964
2560728,Tre Flowers,4.1064271880000005,4.7796351167,377,CB,0.9013395606819588,1.5740619196574297
2558159,Xavier Woods,14.7069450121,13.961030847,395,FS,-3.653889375237135,-9.026455904442571
2555380,Cyrus Jones,7.0755744098000015,7.7951112102,6,CB,-2.0678076611180423,-1.3950853021425713
2535609,DeShawn Shead,2.9017468662,3.9271517602,122,CB,2.1060198824819594,2.7787422414574303
2560754,J.C. Jackson,4.0456644884,4.8315656718,178,DB,3.5592007802705847,1.6348246192574303
2561157,Keion Crossen,3.5146768482,3.3214997306,26,DB,4.090188420470584,2.16581225945743
2506861,Brent Grimes,5.9667567386,5.8977343204,329,CB,-0.9589899899180407,-0.2862676309425698
2543643,Nat Berhe,4.4285054331,4.7707729231,23,SS,5.488071047862837,1.2519836745574304
2560741,Holton Hill,5.2255782435,4.9635020077,115,CB,-0.21781149481804096,0.45491086415743
2556567,Isaiah Johnson,13.1026606021,12.5707207375,160,S,-2.3819151449219103,-7.42217149444257
2555155,Deon Bush,13.368025938699999,13.2257319093,76,SS,-3.451449457737162,-7.687536831042569
2555381,DeAndre Houston-Carson,7.696540276,8.9295985674,27,FS,3.356515360862865,-2.01605116834257
2560750,Joel Iyiegbuniwe,4.8575897669,4.9804957088,15,LB,0.689367636562495,0.8228993407574299
2557920,Jourdan Lewis,5.2210846167,5.2655689086,96,CB,-0.21331786801804054,0.4594044909574304
2556588,Eric Lee,5.7682690011,5.6227598765,9,DE,-0.18386863258735975,-0.08777989344256998
2560982,Tony Brown,5.9584735659,5.7735580551,122,CB,-0.9507068172180411,-0.2779844582425701
2556394,Chris Milton,4.076639913399998,4.1192309394,27,CB,0.9311268352819608,1.6038491942574318
2557995,Marcus Maye,13.5033427905,13.2742627228,150,FS,-2.4502871536371345,-7.822853682842569
2541864,Josh Martin,4.8717904003,4.3151520295,9,OLB,0.588143242574179,0.8086987073574301
2543563,Kevin Pierre-Louis,4.2500832867,5.0267139951,21,ILB,1.5351697805523132,1.4304058209574304
2559058,Maurice Smith,13.408168285599999,13.1122608999,23,S,-2.6874228284219086,-7.727679177942568
2543724,Walt Aikens,8.22364366,9.9332600541,16,CB,-3.215876911318041,-2.5431545523425703
2556542,Nicholas Grigsby,7.6261313594,6.8194517769,11,LB,-2.079173955937505,-1.9456422517425702
2560795,Avonte Maddox,8.492515924500001,10.667975303099999,272,CB,-3.4847491758180418,-2.812026816842571
494277,Kendrick Lewis,12.681741387899999,11.969309011500002,113,FS,-1.6286857510371338,-7.001252280242569
2558077,Delano Hill,8.421599655,9.2920981918,136,SS,1.494976825962837,-2.7411105473425694
2543823,E.J. Gaines,5.3219375824,5.2572733091,87,CB,-0.3141708337180411,0.35855152525742984
2559054,Nicholas Morrow,5.886824549,6.0837351806,185,ILB,-0.10157148174768693,-0.20633544134256976
2558971,Greg Mabin,5.4518068399,5.2094837029,55,CB,-0.44404009121804044,0.2286822677574305
2533459,Nate Stupar,5.3268580662,5.7635807225,28,ILB,0.45839500105231323,0.3536310414574304
2541944,Russell Shepard,3.6906254752,3.6906254752,1,WR,20.74478457990859,1.9898636324574301
2557952,Wayne Gallman,2.5456630081,2.5456630081,1,RB,13.942761051072182,3.13482609955743
2560815,Kam Moore,6.699197112899999,6.699197112899999,2,DB,0.9056681557705852,-1.0187080052425692
2561317,Jawill Davis,47.1211926163,47.1211926163,1,WR,-22.68578256119141,-41.44070350864257
2561318,Tae Davis,5.9310873791,6.0894616875,148,ILB,-0.14583431184768703,-0.25059827144256985
2532431,Craig Robertson,5.6388962715,5.6139781567,32,OLB,-0.17896262862582102,0.041592836157430035
2557862,Chris Wormley,7.4569025463,7.4569025463,1,DE,-1.8725021777873598,-1.77641343864257
2535613,L.J. Fort,5.4538761787,5.7243893645,153,ILB,0.3313768885523132,0.22661292895743035
2558988,Lenzy Pipkins,4.5536991487,4.7247763708,35,CB,0.45406759998195945,1.1267899589574304
2559087,Arthur Maulet,4.4036498852,4.572153704100001,49,CB,0.6041168634819591,1.27683922245743
2539280,John Simon,5.730270582899999,5.7842969465,9,DE,-0.14587021438735892,-0.04978147524256915
2561131,George Odum,10.6083430848,10.6612883647,87,FS,0.44471255206286564,-4.927853977142569
2553562,Dean Marlowe,13.7768590457,13.147531261300001,19,DB,-6.1719937770294155,-8.09636993804257
2541756,Brynden Trawick,5.2026622526,5.2026622526,1,FS,5.8503933842628655,0.4778268550574305
2540152,Eric Reid,12.6654754336,12.447621921300001,325,SS,-2.7488989526371626,-6.984986325942569
2533058,Vontaze Burfict,6.0230892454,6.0945551999,127,OLB,-0.5631556025258204,-0.34260013774256937
2552321,Stephone Anthony,7.058342127,6.8762732964,4,MLB,-1.0853005611778626,-1.3778530193425702
2508107,Jimmy Smith,3.8558167416,4.3196711866,269,CB,1.1519500070819593,1.8246723660574302
2557965,Myles Garrett,5.7586056861,5.7586056861,1,DE,-0.1742053175873597,-0.07811657844256992
2558119,Josh Jones,7.122979008,8.4181842659,217,SS,2.793597472962837,-1.4424899003425695
2556587,Cre'von LeBlanc,3.850540194,4.1326202689,200,CB,1.1572265546819591,1.82994891365743
2560808,Quenton Meeks,3.906594472,3.762644253,21,CB,1.1011722766819592,1.77389463565743
744,Calais Campbell,5.5390276087,5.5390276087,1,DE,0.04537275981264077,0.14146149895743054
2555542,Jordan Lucas,12.060073689700001,11.0655590377,129,FS,-1.007018052837136,-6.379584582042571
2561020,Bradley Chubb,4.4518608912,4.182733936,10,DE,1.1325394773126405,1.2286282164574303
2555171,Tyler Matakevich,4.9555582807,5.1722613277,18,ILB,0.829694786552313,0.7249308269574302
2495136,Bruce Carter,5.507479031,5.9469276039,33,ILB,0.2777740362523131,0.1730100766574303
2556443,Sharrod Neasman,6.9953039908,7.8254640824,185,SS,2.9212724901628366,-1.31481488314257
2560897,Matthew Thomas,6.2699415956,6.6018824372000005,3,LB,-0.7229841921375044,-0.5894524879425695
2555394,Daryl Worley,5.5467616597000005,5.187924167699999,170,CB,-0.5389949110180412,0.13372744795742975
2532869,George Iloka,12.114628763199999,11.846372318399998,57,FS,-1.0615731263371337,-6.434139655542569
2558168,Rasul Douglas,6.1918487097,6.6007243239,263,CB,-1.184081961018041,-0.5113596020425701
2541741,LaRoy Reynolds,2.6276012726,2.0865223935,3,MLB,3.3454402932221377,3.05288783505743
2532789,Mark Barron,5.7948034002,5.8633335312,203,ILB,-0.009550332947687146,-0.11431429254256997
2559181,Justin Hardee,3.1723657626,3.8419602958,30,DB,4.4324995060705845,2.50812334505743
2533534,Olivier Vernon,5.1844405112,4.9597282727,284,DE,0.3999598573126404,0.49604859645743016
2555366,Deiondre' Hall,31.9375485154,31.8279326085,5,CB,-26.92978176671804,-26.25705940774257
2559260,Tre Sullivan,13.6369896292,14.382617285899999,123,DB,-6.032124360529416,-7.95650052154257
2541431,Kemal Ishmael,6.113345861699999,6.7629772061,22,FS,4.939709775162866,-0.43285675404256896
2556456,Andrew Adams,8.4159227138,9.3092492227,173,FS,2.6371329230628646,-2.7354336061425704
2556934,Javien Elliott,4.0691796727,4.4247770392,178,CB,0.9385870759819595,1.6113094349574304
2541696,Jordan Dangerfield,16.928331798,16.6737434476,26,S,-6.2075863408219085,-11.24784269034257
2507843,Vincent Rey,4.9113535165,5.1995812821,60,OLB,0.548580126374179,0.76913559115743
2558786,Brandon Wilson,3.5684583828,4.8468753421,32,S,7.152287074378091,2.1120307248574304
2560839,Darius Phillips,3.6580470704,4.3021486618,112,CB,1.3497196782819594,2.0224420372574303
2560719,Brandon Facyson,3.4153259464,3.5604941409,4,CB,1.5924408022819594,2.2651631612574303
2557931,Cordrea Tankersley,6.5291210258,6.1154833434,11,CB,-1.521354277118041,-0.8486319181425701
2553655,Anthony Harris,12.872365123699998,12.1665974192,193,FS,-1.819309486837133,-7.191876016042568
2543712,Terrence Brooks,15.473251042000001,14.0999023268,35,SS,-5.556674561037164,-9.792761934342572
238227,Mike Mitchell,12.3762228419,12.4463185176,105,FS,-1.3231672050371355,-6.6957337342425705
2561149,Matthew Adams,5.7948814971,5.8342715875,69,ILB,-0.009628429847686526,-0.11439238944256935
2553817,Corey Moore,11.4733431578,10.4247070561,21,SS,-1.5567666768371637,-5.79285405014257
2534846,Neiko Thorpe,2.9995750584,3.9030911371,10,CB,2.008191690281959,2.68091404925743
2560999,Shaquem Griffin,8.7208796652,8.7208796652,2,LB,-3.1739222617375047,-3.04039055754257
2506352,Thomas Davis,5.389430223300001,5.5566574895,279,OLB,0.0705034195741785,0.29105888435742955
2556550,Josh Hawkins,6.5834291274000005,6.4400160225,4,CB,-1.5756623787180413,-0.9029400197425703
2559934,Justin Lawler,4.1723956448,4.0250218488,8,DE,1.4120047237126405,1.5080934628574303
2552259,Josh Shaw,10.2010081138,9.3760642649,42,CB,-5.193241365118041,-4.52051900614257
2507948,Frank Zombo,5.1042321736,5.07776436,8,OLB,0.35570146927417934,0.5762569340574304
2532870,Melvin Ingram,8.8145465847,10.0938010396,3,DE,-3.23014621618736,-3.13405747704257
2537931,Josh Gordon,41.1131471635,40.9919818281,3,WR,-16.677737108391412,-35.43265805584257
2543739,Dontae Johnson,2.6170446775,2.9509988367,4,CB,2.3907220711819592,3.06344443015743
2543874,Andre Hal,15.231512786400002,14.4332086552,124,FS,-4.178457149537136,-9.55102367874257
2558853,Mike Tyson,14.1966110704,13.4142503151,68,CB,-9.18884432171804,-8.51612196274257
2555547,KeiVarae Russell,4.1260449931,4.6755903301,68,CB,0.8817217555819594,1.5544441145574304
2561383,Ben Niemann,7.3858835189,7.0810901962,17,LB,-1.8389261154375047,-1.7053944112425699
2561417,Charvarius Ward,5.0637859229,4.8530667947,52,CB,-0.056019174218040924,0.61670318475743
2558165,Tarell Basham,5.2569078651,4.8136481377,36,LB,0.2900495383624957,0.42358124255743057
2508007,Marcus Sherels,6.133760240599999,6.6495368312,14,CB,-1.1259934919180399,-0.45327113294256893
2555168,Kentrell Brothers,8.6658347525,8.361356329,3,MLB,-2.6927931866778625,-2.98534564484257
2543608,Dexter McDougle,3.2521376438,3.9369767407,61,CB,1.7556291048819594,2.4283514638574304
2561022,Jack Cichy,2.7876876283,2.7876876283,1,LB,2.7592697751624953,2.89280147935743
2555307,Devante Bond,5.0054751041,5.1133758918,56,OLB,0.45445853877417886,0.6750140035574299
2550767,C.J. Goodwin,5.3708245938,5.3708245938,2,CB,-0.36305784511804085,0.3096645138574301
2560764,Danny Johnson,5.2251077624,5.6218092198,36,DB,2.3797575062705842,0.4553813452574298
2560948,Trevon Young,5.3603457426,4.515540142,4,OLB,0.0995879002741793,0.32014336505743035
2558018,Solomon Thomas,5.6877219036,5.6877219036,1,DE,-0.10332153508735953,-0.0072327959425697586
2559356,Dominique Hatfield,8.469601429099999,8.469601429099999,1,CB,-3.4618346804180398,-2.789112321442569
2561001,Grant Haley,3.5937343594,4.1986560845,188,CB,1.4140323892819593,2.0867547482574302
2553719,Josh Keyes,7.1352813084000015,6.5916488942,10,OLB,-1.6753476655258224,-1.4547922007425713
2558241,Blair Brown,8.7547893828,8.7547893828,1,OLB,-3.294855739925821,-3.07430027514257
2560724,Kylie Fitts,5.436557948099999,5.281753074,32,LB,0.11039945536249629,0.24393115955743117
2559287,Isaiah Irving,4.9771718882,4.6377178429,58,LB,0.5697855152624953,0.7033172194574302
2555546,Rashard Robinson,2.9324003969,3.9335172043,37,CB,2.0753663517819594,2.7480887107574303
2540176,William Gholston,4.7537680477,4.7537680477,2,DE,0.83063232081264,0.9267210599574298
496780,Carlos Dunlap,4.3486361517,4.3486361517,1,DE,1.2357642168126404,1.3318529559574301
2556833,De'Vante Harris,4.8226218316,5.0576768195,44,CB,0.18514491708195902,0.85786727605743
2495252,K.J. Wright,5.6822454565,5.987700273200001,101,OLB,-0.22231181362582042,-0.0017563488425693663
2559293,Dymonte Thomas,16.815644584,16.1029532529,18,DB,-9.210779315329416,-11.135155476342572
2532974,Kyle Wilber,5.3276650543,4.9751541429,21,OLB,0.13226858857417945,0.3528240533574305
2560819,Nick Nelson,4.4878711171,4.6230858575,127,CB,0.5198956315819592,1.1926179905574301
2560986,Jason Cabinda,7.0498114965999985,6.684654124600001,34,LB,-1.5028540931375032,-1.3693223889425683
2556655,Tyvis Powell,7.681260819299999,8.0130543353,36,DB,-0.07639555062941472,-2.000771711642569
2559270,Robert Tonyan,1.2849030616,1.2849030616,1,TE,8.190426648051737,4.3955860460574305
2560883,Equanimeous St. Brown,2.6462502,2.6462502,1,WR,21.78915985510859,3.0342389076574303
2561207,Raven Greene,7.392460570800001,9.9688378045,21,FS,3.6605950660628643,-1.7119714631425706
2541192,Chris Banjo,11.0572718443,11.0633402274,25,SS,-1.140695363337164,-5.3767827366425704
2535867,Julian Stanford,5.6272595337,6.0882049399,30,ILB,0.15799353355231283,0.05322957395743
496961,Dekoda Watson,4.6936479725,4.6823115777,32,OLB,0.7662856703741792,0.9868411351574302
2561006,Marcell Harris,6.9049014937,8.4388815061,126,FS,4.1481541431628655,-1.2244123860425695
2531080,Ben Jacobs,3.6771271761,3.6771271761,2,OLB,1.7828064667741792,2.0033619315574303
2553499,Damiere Byrd,42.5979762626,42.5979762626,1,WR,-18.16256620749141,-36.91748715494257
2558066,Curtis Samuel,4.2824440998,4.2824440998,1,WR,20.15296595530859,1.39804500785743
2558833,Alex Armah,0.9247227454,0.9247227454,1,RB,15.563701313772182,4.755766362257431
2555270,Carl Nassib,6.9054221710000006,6.9054221710000006,1,OLB,-1.4454885281258214,-1.2249330633425703
2553736,Denzel Rice,4.1384394997000005,4.422042580299999,15,DB,3.466425768970584,1.5420496079574297
2558289,Tanner Vallejo,5.9144837088,6.4555889443,60,LB,-0.3675263053375044,-0.23399460114256954
2561278,Tavierre Thomas,4.8177417934,4.6025195093,6,CB,0.1900249552819595,0.8627473142574305
2561147,Cornell Armstrong,5.6945796464999985,5.2649956296,29,CB,-0.6868128978180392,-0.014090538842568279
2557872,Takkarist McKinley,6.9349877294,6.9349877294,1,DE,-1.35058736088736,-1.2544986217425702
2495454,Julio Jones,28.0833898053,28.0833898053,1,WR,-3.6479797501914106,-22.402900697642572
2560976,Keishawn Bierria,4.1698921822,4.364755102,4,LB,1.3770652212624954,1.5105969254574303
2555345,Su'a Cravens,5.695334178,5.6252530238,60,DB,1.9095310906705842,-0.01484507034257021
2543571,Bashaud Breeland,4.7675232356,5.1867315831,137,CB,0.24024351308195957,0.9129658720574305
2543650,Aaron Lynch,4.7502772726,4.8640876021,4,OLB,0.7096563702741792,0.9302118350574302
2533542,Josh Robinson,4.0071985934,4.3477724326,13,CB,1.0005681552819592,1.6732905142574301
2550257,Daniel Sorensen,7.174296911799999,8.6796644755,145,SS,2.7422795691628377,-1.4938078041425689
2560914,Levi Wallace,4.0817041626,4.526561228399999,136,CB,0.9260625860819589,1.5987849450574299
497320,Andre Roberts,44.0006357215,44.0006357215,1,WR,-19.565225666391406,-38.32014661384257
2540287,Rontez Miles,16.274309496300006,15.007382612999999,37,FS,-5.221253859437141,-10.593820388642577
2555477,Charone Peake,3.1609250574,3.1609250574,1,WR,21.27448499770859,2.51956405025743
2560738,Chris Herndon,0.976269845,0.976269845,1,TE,8.499059864651738,4.70421926265743
2541848,Deon Lacey,6.6747225059,7.370625815399999,5,OLB,-1.214788863025821,-0.99423339824257
2556614,Cassanova McKinzy,5.2396818668,5.0076120126,20,LB,0.3072755366624955,0.4408072408574304
2553774,Cameron Lynch,5.356790456000001,5.2804999638,3,OLB,0.10314318687417856,0.3236986516574296
2552313,Hayes Pullard,5.847841354600001,6.3484653284000006,34,MLB,0.1252002112221371,-0.16735224694257056
2560887,Chandon Sullivan,6.0514092537,5.2759993434,41,CB,-1.043642505018041,-0.37092014604256995
2558274,Shalom Luani,6.4738492659,6.7305842274000005,4,FS,4.579206370962865,-0.79336015824257
2561527,Mike Ford,5.3476003661,5.2077174433,152,CB,-0.33983361741804075,0.3328887415574302
2530474,Mario Addison,5.823924270499999,5.823924270499999,1,DE,-0.23952390198735873,-0.14343516284256896
2558923,Riley Bullough,6.4021757898,6.5504006146,27,LB,-0.8552183863375049,-0.72168668214257
2540159,Kevin Minter,7.201155389299999,6.6941682583,7,MLB,-1.2281138234778615,-1.5206662816425691
2532878,Leonard Johnson,3.7344094806,3.9918531519,43,CB,1.2733572680819591,1.94607962705743
2532790,Travis Benjamin,42.914736035,42.914736035,1,WR,-18.479325979891406,-37.23424692734257
2552654,Geremy Davis,0.9937280937,0.9937280937,1,WR,23.44168196140859,4.6867610139574305
2553877,Nick Dzubnar,1.5229602264,1.5229602264,1,ILB,4.262292840852313,4.157528881257431
2555220,Derek Watt,1.6281863672,1.6281863672,1,FB,1.7944613415635131,4.05230274045743
2558303,Jeff Richards,1.9371810711,1.9371810711,1,CB,3.0705856775819593,3.7433080365574303
2559169,Austin Ekeler,3.1521291701,3.1521291701,1,RB,13.336294889072182,2.5283599375574304
2559197,Tre'Von Johnson,1.341694941,1.341694941,1,LB,4.205262462462495,4.33879416665743
2560756,Justin Jackson,2.4904879594,2.4904879594,1,RB,13.997936099772183,3.1900011482574304
2553790,DeVante Bausby,5.9855858601,5.8677515619000005,72,CB,-0.9778191114180403,-0.3050967524425694
2561003,Shaun Dion Hamilton,5.1342094918,5.5990187111,32,LB,0.41274791166249525,0.5462796158574301
2558189,Obi Melifonwu,2.8457028765,3.5984256087,13,DB,4.759162392170585,2.8347862311574303
2540170,David Amerson,6.1803256325,6.2501705295,109,CB,-1.1725588838180405,-0.4998365248425696
2552418,Justin Hardy,38.4659456831,38.4659456831,1,WR,-14.030535627991412,-32.78545657544257
2559200,Joe Jones,6.8512130294,6.6458913722,10,LB,-1.3042556259375049,-1.17072392174257
2532928,Eddie Pleasant,6.5978176055,6.8477125167,46,SS,3.3187588754628363,-0.9173284978425702
2552273,Markus Golden,7.4151707829,7.4151707829,1,OLB,-1.9552371400258206,-1.7346816752425696
2558097,Ukeme Eligwe,5.9960548619,5.972116884299999,20,ILB,-0.21080179464768722,-0.31556575424257005
2552427,Tony Lippett,5.5337837021,4.7559238973,16,CB,-0.5260169534180408,0.14670540555743017
2560956,Marcus Allen,4.0460026575,3.8788293769,9,DB,3.5588626111705848,1.6344864501574303
2560950,Ola Adeniyi,6.2977515634,6.1456099403,3,OLB,-0.8378179205258212,-0.6172624557425701
2561644,Adonis Alexander,2.0742254814,4.1865379044,4,CB,2.933541267281959,3.60626362625743
2561042,Nick DeLuca,4.0789548977,4.2568477618000005,25,LB,1.4680025057624952,1.6015342099574301
2543717,Jeremiah Attaochu,2.7014318956,2.7014318956,1,OLB,2.7585017472741793,2.9790572120574303
2535964,Josh Bellamy,4.8980362293,4.8980362293,1,WR,19.53737382580859,0.7824528783574305
2541544,Benny Cunningham,2.5725711969,2.5725711969,1,RB,13.915852862272182,3.1079179107574304
2553900,Daniel Brown,2.137575659,2.137575659,1,TE,7.337754050651737,3.5429134486574303
2556478,Ben Braunecker,1.4776400821,1.4776400821,1,TE,7.997689627551737,4.2028490255574305
2558250,Tarik Cohen,48.121976707799995,48.121976707799995,1,RB,-31.633552648627813,-42.441487600142565
2555545,Will Redmond,2.5282546165,2.5282546165,1,S,8.19249084067809,3.1522344911574303
2561316,Jalen Davis,4.2176105237,4.3972796149,19,CB,0.7901562249819589,1.4628785839574299
2495184,Cameron Jordan,5.9205543573,5.9205543573,1,DE,-0.3361539887873599,-0.24006524964257014
2560762,Malik Jefferson,3.3996839041,3.3529401713,3,LB,2.147273499362495,2.28080520355743
2558284,Pita Taumoepenu,5.2791686303,5.2791686303,1,LB,0.2677887731624953,0.40132047735743015
2495229,Kelvin Sheppard,5.8920995577,5.8920995577,1,MLB,0.08094200812213792,-0.21161045004256973
496723,Eric Berry,13.575967070399999,12.1345539719,32,SS,-3.6593905894371623,-7.895477962742569
2560743,Jeff Holland,4.9222043443,4.8535676742,11,LB,0.6247530591624955,0.7582847633574303
2556371,Brandon Williams,6.1089553762,5.9090825285,36,CB,-1.1011886275180407,-0.42846626854256975
2561283,Zeke Turner,5.8391714418,5.8391714418,1,LB,-0.29221403833750426,-0.15868233414256938
2543503,Trent Murphy,7.97502484,7.97502484,1,DE,-2.3906244714873592,-2.2945357323425695
2561107,Corey Thompson,4.3725253646,4.8150743382,17,LB,1.174432038862495,1.3079637430574298
2558858,Joshua Holsey,5.303533461000001,5.725043983200001,8,CB,-0.2957667123180414,0.37695564665742953
2541135,Cody Davis,11.0817525026,12.2973795665,3,FS,-0.02869686573713537,-5.40126339494257
2495485,Robert Quinn,4.7387152856,4.7387152856,1,DE,0.8456850829126408,0.9417738220574305
2550365,Kenny Ladler,11.6124358806,11.8234670237,13,S,-0.8916904234219096,-5.9319467729425694
2559037,Ahmad Thomas,7.1874158438,7.850800094199999,4,ILB,-1.4021627765476872,-1.50692673614257
2552317,Mike Hull,6.060900074400001,5.8231401539,13,MLB,-0.08785850857786315,-0.3804109667425708
2558052,Kenny Golladay,32.5397247462,32.5397247462,1,WR,-8.10431469109141,-26.85923563854257
2540291,Kayvon Webster,4.1873730769,4.2589905702,5,CB,0.8203936717819591,1.49311603075743
2560779,Arden Key,8.3034270649,8.3034270649,1,DE,-2.719026696387359,-2.622937957242569
2561585,Dallin Leavitt,7.4807695618,7.4807695618,1,DB,0.1240957068705848,-1.8002804541425697
2558819,Derrick Jones,3.9184381074,4.2839426941,14,CB,1.0893286412819592,1.7620510002574301
2560875,Andre Smith,6.6715594966,7.0276851884,3,LB,-1.1246020931375043,-0.9910703889425694
2550647,Kasim Edebali,5.827321409600001,5.827321409600001,2,OLB,-0.3673877667258214,-0.14683230194257035
2561394,Jeremy Reaves,7.782400032999999,7.782400032999999,2,DB,-0.1775347643294145,-2.101910925342569
2506467,Darren Sproles,51.8253246715,51.8253246715,1,RB,-35.33690061232782,-46.14483556384257
2559141,B.J. Bello,1.3237695754,1.3237695754,1,MLB,4.649271990422138,4.35671953225743
2561469,Darious Williams,8.2947661618,8.2947661618,2,CB,-3.286999413118041,-2.61427705414257
