,id,name,med_coverage,average_coverage,position
0,79848.0,Malcolm Jenkins,6.821818725957098,6.916465577291181,SS
1,2495613.0,Corey Graham,16.49479107704063,13.867987219870589,FS
2,2534832.0,Rodney McLeod,12.830114697784088,12.905130380351991,FS
3,2552315.0,Jordan Hicks,5.6871568726767645,5.786239549514847,MLB
4,2552689.0,Ronald Darby,6.198300564939152,6.232076042381995,CB
5,2555383.0,Jalen Mills,7.576200202186871,7.1457179897138605,CB
6,2558175.0,Nate Gerry,1.8665230152525192,1.8665230152525192,LB
7,2556363.0,Kamu Grugier-Hill,0.7952743512265279,0.7952743512265279,OLB
8,2557958.0,Sidney Jones,5.415943572471079,5.059444467042066,CB
9,2539334.0,Desmond Trufant,4.7691334983037805,4.613499963738737,CB
10,2539653.0,Robert Alford,2.243664755148388,3.1381143155601787,CB
11,2543850.0,Ricardo Allen,11.74051770174973,10.644276701996624,SS
12,2552301.0,Vic Beasley,5.302837075163287,4.770677166398381,DE
13,2555162.0,Deion Jones,5.5641713286339005,5.9184526314243335,MLB
14,2555255.0,De'Vondre Campbell,5.328880397990507,5.6231663813908295,OLB
15,2555543.0,Keanu Neal,6.7303480986237965,7.05508426795745,FS
16,2556445.0,Brian Poole,3.9191630427944655,4.037689366239237,CB
17,2557967.0,Duke Riley,8.387604268362558,8.351871339328959,OLB
18,2558184.0,Damontae Kazee,15.46325556789252,15.190104249019734,SS
19,2561132.0,Foye Oluokun,7.386610857312863,6.639699220166089,LB
20,2559109.0,Deante Burton,3.3149537015505777,4.809607075157191,CB
21,2506268.0,Lorenzo Alexander,5.858079599863223,6.250000843522821,OLB
22,2539240.0,Micah Hyde,12.285096656355364,11.385502861374118,SS
23,2539290.0,Jordan Poyer,12.534252424729544,12.479260197551794,FS
24,2543851.0,Phillip Gaines,2.176502825557915,3.8203017164107527,CB
25,2557867.0,Tre'Davious White,7.373312763806701,6.764577109533534,CB
26,2557969.0,Matt Milano,5.1718749135245545,5.665803775057339,OLB
27,2560713.0,Tremaine Edmunds,6.475164515309856,6.896460106065601,LB
28,2560766.0,Taron Johnson,3.244048383247424,3.253819438233186,CB
29,4365.0,Brandon Carr,3.2416983255275715,3.984205658520144,CB
30,2495775.0,Eric Weddle,11.10642829472121,10.93406530803515,FS
31,2505660.0,Terrell Suggs,4.420018001439458,4.579904216415806,OLB
32,2540164.0,Tony Jefferson,8.362415962624706,8.66710372056387,SS
33,2543464.0,C.J. Mosley,6.281725503225213,6.591489939178129,ILB
34,2552279.0,Za'Darius Smith,5.135094654458747,4.98428356479979,OLB
35,2555378.0,Tavon Young,2.6716794783187168,2.9114102974143017,CB
36,2556642.0,Patrick Onwuasor,7.153621001525461,6.8832281041546395,ILB
37,2558067.0,Marlon Humphrey,2.491862558012163,3.8906722456557152,CB
38,2555505.0,Matt Judon,4.622907350923043,4.553758531792284,OLB
39,2558990.0,Patrick Ricard,5.217109050375637,5.308191656038099,FB
40,2508004.0,Anthony Levine,5.678407336251223,5.816269272982937,DB
41,2558248.0,Chuck Clark,3.9722018409764095,3.9722018409764095,FS
42,2507817.0,Rafael Bush,4.0404866874270615,4.564461931729684,SS
43,2557841.0,Tim Williams,5.6906527833910285,5.367209513495458,OLB
44,2560947.0,Kenny Young,6.63329205162692,6.105091737400148,LB
45,2558166.0,Tyus Bowser,5.207161287505152,5.454196379371386,OLB
46,2560963.0,Anthony Averett,4.3939976561004785,4.941406917468335,CB
47,2555178.0,Maurice Canady,5.057808896708005,4.2935059219499525,CB
48,2561301.0,Chris Board,6.100199847619213,6.517925377288238,LB
49,2543637.0,Terrance Mitchell,7.7375003705533345,7.4269716306534415,CB
50,2543720.0,Christian Kirksey,5.35942315394778,5.336244765385742,OLB
51,2552389.0,Damarious Randall,15.09363361804176,14.500082849599217,CB
52,2555166.0,Joe Schobert,6.392553871188389,6.549094656120004,MLB
53,2556475.0,Briean Boddy-Calhoun,5.224974010701566,5.9496412940212275,CB
54,2557980.0,Jabrill Peppers,4.921709638932079,6.792625058885949,FS
55,2560916.0,Denzel Ward,5.48451292552552,5.325741393063644,CB
56,496733.0,Joe Haden,4.547467856653423,4.995628979089807,CB
57,2539978.0,Jon Bostic,4.52714489521019,4.901950337005593,ILB
58,2540221.0,Vince Williams,5.795314804048713,5.8822046410783395,ILB
59,2552289.0,Bud Dupree,4.063600316487186,4.70458897546526,OLB
60,2555344.0,Artie Burns,6.062549136554887,4.549477127627429,CB
61,2555386.0,Sean Davis,15.332087749740474,13.857415391408727,SS
62,2558064.0,T.J. Watt,5.612170731803528,5.1660503209685835,OLB
63,2560712.0,Terrell Edmunds,8.461062584370291,8.742700127964532,S
64,2556559.0,Mike Hilton,2.7224253589395357,3.611763706782917,CB
65,496727.0,Morgan Burnett,6.0915045082278025,6.5072843151066815,SS
66,2539311.0,Jamie Collins,5.4932350644310395,5.626374522342721,OLB
67,2555540.0,Derrick Kindred,6.742879997395827,8.982641063675533,SS
68,2560964.0,Genard Avery,4.067035745041255,4.238930244197069,LB
69,2552266.0,Anthony Chickillo,5.781932665810274,5.387962369041307,OLB
70,2558849.0,Cameron Sutton,5.907019738354613,5.408681376234036,CB
71,2552386.0,Clayton Geathers,7.835218813519683,8.143619379103347,FS
72,2557961.0,Quincy Wilson,5.878268572133182,5.9993642672424095,CB
73,2558060.0,Malik Hooker,15.193242070977455,15.195167233430391,FS
74,2558108.0,Nate Hairston,3.818716617945384,3.818716617945384,CB
75,2558976.0,Kenny Moore,4.582548077662841,4.822499583798939,CB
76,2560789.0,Darius Leonard,5.0209592609013685,5.557174902857875,LB
77,2560816.0,Skai Moore,7.583476437377214,6.6960889574185325,ILB
78,2561155.0,Zaire Franklin,6.24496335527196,6.331474086655643,ILB
79,2533060.0,Dre Kirkpatrick,5.618130894098841,4.66643401288692,CB
80,2539233.0,Shawn Williams,11.25671703965891,11.069341499521123,SS
81,2543474.0,Darqueze Dennard,3.0437778863306812,3.481168380629541,CB
82,2543814.0,Preston Brown,5.987862103682732,5.733636310925955,MLB
83,2555528.0,Nick Vigil,5.640081709355629,5.682254472584707,OLB
84,2556367.0,William Jackson,1.6854057207111068,2.59575877353164,CB
85,2560970.0,Jessie Bates,13.54494334541551,13.224155263406011,S
86,2558801.0,Jordan Evans,4.672472908578432,4.672472908578432,OLB
87,2555355.0,Clayton Fejedelem,3.372175919780074,4.062982597934401,FS
88,2533016.0,Najee Goode,1.4814413821288266,1.4814413821288266,OLB
89,2556429.0,Matthias Farley,11.09453233349411,9.571985917669448,SS
90,2558851.0,Anthony Walker,6.7801396919627,7.123111195625464,ILB
91,2558982.0,Hardy Nickerson,6.038902537514554,6.440652009516167,MLB
92,496739.0,Reshad Jones,14.983539221647725,15.196188038082859,SS
93,2539309.0,T.J. McDonald,8.16334750784895,9.492419585715053,SS
94,2539935.0,Kiko Alonso,7.035206922443799,6.613049618910613,OLB
95,2552434.0,Bobby McCain,6.9564348565958385,6.256501146689304,CB
96,2555539.0,Xavien Howard,5.312784594404572,5.223851801093534,CB
97,2558070.0,Raekwon McMillan,6.369562024871135,5.889058239993153,LB
98,2560966.0,Jerome Baker,5.167097564369554,5.342532463336007,LB
99,2560725.0,Minkah Fitzpatrick,7.139600045355145,7.0645548768831965,S
100,2354.0,Wesley Woodyard,6.754466311383817,6.842150809270453,ILB
101,71423.0,Brian Orakpo,5.658141897163137,5.850223380770828,OLB
102,2539320.0,Kenny Vaccaro,13.653176276873394,12.969625011492589,SS
103,2540013.0,Will Compton,6.017597710740068,5.731747035707519,ILB
104,2540162.0,Logan Ryan,5.307797744112671,5.463484155908499,CB
105,2550613.0,Malcolm Butler,3.1110339071385584,4.088689855924705,CB
106,2555158.0,Kevin Byard,10.34952966018437,9.289666117624872,FS
107,2555339.0,Kamalei Correa,5.023005102344473,4.985326750787964,ILB
108,496828.0,Derrick Morgan,5.795908355643176,5.444839944662176,OLB
109,2558005.0,Jayon Brown,4.711670785486252,5.0829875334040215,ILB
110,2558065.0,Adoree' Jackson,5.218501161490488,5.358673655381148,CB
111,2561328.0,Sharif Finch,4.9815545501673615,5.333048932814835,OLB
112,2555320.0,Aaron Wallace,6.476265346517018,6.476265346517018,OLB
113,2541539.0,Daren Bates,3.677769270420818,3.677769270420818,ILB
114,2555551.0,LeShaun Sims,4.732182877272879,4.3897528860037145,CB
115,2559043.0,Chase Allen,6.6377296935625925,6.6377296935625925,OLB
116,2559053.0,Torry McTyer,5.861298221096653,5.8075508174371375,CB
117,496735.0,Kareem Jackson,5.09073309501056,5.516507869636922,CB
118,2495872.0,Johnathan Joseph,5.802480803594693,6.006100036748267,CB
119,2533049.0,Whitney Mercilus,4.785577073603379,5.161106560412457,OLB
120,2540180.0,Tyrann Mathieu,4.951372060090543,5.577019209052705,FS
121,2543501.0,Aaron Colvin,5.129220379453999,5.149753753835125,CB
122,2552261.0,Kevin Johnson,6.486716661462778,6.44196613112454,CB
123,2558094.0,Zach Cunningham,6.261587200007126,6.385064984886832,ILB
124,2560851.0,Justin Reid,9.670783340858607,10.398602316120046,SS
125,71251.0,Patrick Chung,4.236351781869637,4.362576104009029,SS
126,494287.0,Devin McCourty,6.307518863526154,6.896689308551707,FS
127,2533057.0,Dont'a Hightower,4.594046257130453,4.88959941048567,MLB
128,2533062.0,Stephon Gilmore,3.7809219084124113,4.891662557771865,CB
129,2541243.0,Duron Harmon,15.578508687966568,15.085441408526275,FS
130,2543699.0,Kyle Van Noy,5.032783826219392,5.621921489044398,OLB
131,2552255.0,Eric Rowe,2.7747391598782656,5.033939406336911,CB
132,2561143.0,Ja'Whaun Bentley,4.650012863680731,5.201475500192057,LB
133,2552490.0,Benardrick McKinney,5.662934345112501,5.876022701866144,ILB
134,2556571.0,Jonathan Jones,6.3660894231241345,7.254234150970737,CB
135,2556119.0,Elandon Roberts,8.076227768292187,8.084211913071123,MLB
136,2559152.0,Dylan Cole,7.86498578813498,7.288808063105588,ILB
137,89756.0,Jason McCourty,3.1282849227143323,3.71882378504707,CB
138,497240.0,Rob Gronkowski,47.68392018398837,47.68392018398837,TE
139,2495272.0,Chris Conte,11.528124732026178,11.014383370775269,SS
140,2532828.0,Lavonte David,4.89504727805836,5.526510996108904,OLB
141,2552592.0,Kwon Alexander,6.2467129375514565,6.464908889664253,MLB
142,2555299.0,Vernon Hargreaves,2.4418560589114424,3.0717068218878634,CB
143,2555552.0,Ryan Smith,3.2324378464583354,4.1858656331379835,CB
144,2557945.0,Justin Evans,15.535131251385506,14.910011297175414,SS
145,2561039.0,Carlton Davis,4.430588205935462,4.700826618050855,CB
146,2550565.0,Adarius Taylor,6.4484497269649115,6.5592307783921955,MLB
147,2508084.0,Patrick Robinson,3.5643903937583308,4.4341029574267665,CB
148,2533008.0,Demario Davis,5.585799664951111,5.828747244737926,ILB
149,2555530.0,Vonn Bell,6.743029627916482,7.404699291553611,FS
150,2556735.0,Ken Crawley,1.7067881542559225,2.6289974999147883,CB
151,2558061.0,Marshon Lattimore,3.2519805203820478,3.1903415059468014,CB
152,2558163.0,Alex Anzalone,4.696678529925909,4.8714777716928985,OLB
153,2558847.0,Marcus Williams,15.009708519708667,13.483260597713036,FS
154,494261.0,Kurt Coleman,4.592546130546581,5.50866553707824,SS
155,2560884.0,M.J. Stewart,14.567593803989935,14.567593803989935,CB
156,2539277.0,Manti Te'o,6.745254724979642,6.745570031390885,MLB
157,2539982.0,A.J. Klein,4.5830884658701345,4.907642070623012,OLB
158,71197.0,Connor Barwin,6.0049857241853895,5.898290577336314,OLB
159,2532875.0,Janoris Jenkins,6.219783677796313,6.040524193451356,CB
160,2539338.0,B.W. Webb,4.371853203543225,4.654101996056968,CB
161,2540143.0,Alec Ogletree,6.928560063961602,6.542825154503541,LB
162,2541792.0,Ray-Ray Armstrong,4.718550027297517,5.528956335021347,OLB
163,2543738.0,Kareem Martin,5.5216976906370965,5.293884828861012,OLB
164,2552454.0,Landon Collins,6.793813874376731,7.1308651563217,SS
165,2553822.0,Curtis Riley,12.962383631536676,13.821797597507524,FS
166,2555277.0,Eli Apple,2.0419277955248925,3.698034242362757,CB
167,2561015.0,Lorenzo Carter,5.460390512116115,5.230712247990432,OLB
168,2555522.0,B.J. Goodson,6.352935211070774,5.906475175559391,ILB
169,494259.0,Barry Church,9.559663538039695,10.591976025315024,SS
170,2532848.0,Tashaun Gipson,10.602905402272404,10.468280438531913,FS
171,2541162.0,A.J. Bouye,4.123318488018762,4.065368713197645,CB
172,2543711.0,Telvin Smith,7.461722096147611,6.9706880467471315,OLB
173,2555280.0,Jalen Ramsey,3.734394069778957,4.058433204197359,CB
174,2555329.0,Myles Jack,7.476565055552689,7.052113827760468,OLB
175,2560758.0,Leon Jacobs,2.812254577252866,3.7936016915424937,LB
176,2535687.0,Michael Thomas,6.776980302189723,7.3178325365582815,SS
177,2561008.0,Ronnie Harrison,13.744897201501155,13.196202160948934,DB
178,2539237.0,D.J. Hayden,4.280548802806463,4.699641668286332,CB
179,2539662.0,Lerentee McCray,4.133347957931248,5.094806429014612,DE
180,2556711.0,Jarrod Wilson,11.130977219422318,10.568550281911596,SS
181,2495504.0,Patrick Peterson,6.28679477390026,5.637752121629702,CB
182,2495807.0,Antoine Bethea,7.135327895472505,8.010724955425266,FS
183,2530491.0,Josh Bynes,4.955358758457297,5.1208625079560415,ILB
184,2539932.0,Jamar Taylor,8.882956557549427,8.882956557549427,CB
185,2543769.0,Deone Bucannon,5.807230717033256,6.002643839617312,ILB
186,2543830.0,Tre Boston,11.8851979767585,12.500615737443312,FS
187,2558009.0,Budda Baker,4.025641474288293,4.914717097629368,FS
188,2557887.0,Haason Reddick,6.279234616544603,5.512237395050478,ILB
189,2495201.0,Pernell McPhee,5.046737995602696,5.159074062675379,OLB
190,2495281.0,Mason Foster,5.460652125879859,5.57392458883057,ILB
191,2532804.0,Zach Brown,5.680816288589258,6.0362509474086705,ILB
192,2532920.0,Josh Norman,4.500529185368432,4.851025189499978,CB
193,2539943.0,D.J. Swearinger,9.192738440217942,9.160109709263503,FS
194,2553796.0,Quinton Dunbar,3.35622249544378,3.840325900750924,CB
195,2557853.0,Ryan Anderson,6.021469452510438,4.571865953517863,OLB
196,2558133.0,Montae Nicholson,11.494565836314884,11.494565836314884,FS
197,2558136.0,Fabian Moreau,6.887235846475762,6.071813580088481,CB
198,2495190.0,Ryan Kerrigan,5.2324844558122905,4.8153661583611935,OLB
199,2552276.0,Preston Smith,4.541556921199477,4.5235276849285215,OLB
200,2557880.0,Josh Harvey-Clemons,6.936943537272234,6.936943537272234,ILB
201,2558174.0,Rudy Ford,13.270719392481926,14.092164366198853,S
202,2543855.0,Bene' Benwikere,1.9271071004998297,3.2015272629304903,CB
203,2553687.0,Zach Vigil,5.054961454387499,5.054961454387499,MLB
204,2560886.0,Greg Stroman,5.971764796449446,5.415852469085952,DB
205,496937.0,Sean Lee,6.907341368391278,6.624006639083975,ILB
206,2541832.0,Jeff Heath,7.208208713790767,8.24436109706206,SS
207,2552568.0,Byron Jones,2.1288239476545048,2.8819846072774387,CB
208,2555310.0,Jaylon Smith,6.263119016686031,6.923991796488375,MLB
209,2555531.0,Anthony Brown,4.652505298142104,4.458887348828858,CB
210,2555536.0,Kavon Frazier,13.059834368783926,13.059834368783926,SS
211,2557840.0,Chidobe Awuzie,2.8541833412138535,3.7672678039813903,CB
212,2552686.0,Damien Wilson,5.819646106675931,6.134239413385667,OLB
213,80668.0,Captain Munnerlyn,3.1783914789688312,3.0100041592058533,CB
214,2495339.0,Da'Norris Searcy,14.074123712761562,13.620858808129961,SS
215,2505708.0,Mike Adams,9.126782655073342,9.339914790661924,FS
216,2533056.0,Luke Kuechly,5.417398012520122,5.417398012520122,MLB
217,2552447.0,Shaq Thompson,5.225804347004452,5.456700909104526,OLB
218,2555175.0,James Bradberry,6.269642644646607,5.848134896835773,CB
219,2560753.0,Donte Jackson,6.061992402894218,6.802851578768233,CB
220,2553441.0,David Mayo,5.5388545524765025,6.514238973187934,MLB
221,2560908.0,Leighton Vander Esch,7.168806457581987,6.781842014270457,LB
222,2550262.0,Joe Thomas,6.404368222355268,6.06788700935068,ILB
223,2553815.0,Justin March-Lillard,5.532174871145007,5.532174871145007,OLB
224,2499257.0,Colin Jones,5.670575260839675,6.765900473991295,FS
225,80431.0,Clay Matthews,5.066013292780612,4.642745963847825,OLB
226,2506789.0,Tramon Williams,15.783488317915376,14.984227499236093,CB
227,2533048.0,Nick Perry,5.789214054279813,5.469720468500483,OLB
228,2543470.0,Ha Ha Clinton-Dix,11.746038808350091,11.94587395804785,FS
229,2555161.0,Blake Martinez,5.712874240958017,5.998316556805048,ILB
230,2556480.0,Kentrell Brice,8.30348163773953,8.449247990551978,SS
231,2557996.0,Kevin King,6.234051392924376,5.832924891324189,CB
232,2560755.0,Josh Jackson,2.332139464888603,3.4968058151458243,CB
233,2560952.0,Jaire Alexander,5.936662657670723,5.212007447720345,CB
234,2555160.0,Antonio Morrison,8.847663513821297,8.77922160382845,ILB
235,2556537.0,Reggie Gilbert,5.248956303506149,4.719660865771507,LB
236,2495108.0,Prince Amukamara,3.1180410914173464,4.779919039654423,CB
237,2532961.0,Danny Trevathan,5.65120465043112,5.863523432003109,ILB
238,2543681.0,Kyle Fuller,6.608047488019861,6.373134858145042,CB
239,2552385.0,Adrian Amos,8.897146994184977,9.947914692087362,FS
240,2553500.0,Bryce Callahan,2.6979635018001416,3.2851430988710053,CB
241,2555285.0,Leonard Floyd,4.690200684727112,4.7905615004171995,OLB
242,2555288.0,Nick Kwiatkoski,4.938021850370104,5.105877759835277,ILB
243,2558176.0,Eddie Jackson,16.163919097615906,14.666329065412354,FS
244,2552697.0,Jermaine Whitehead,7.734212004434254,11.415442419889526,FS
245,2541202.0,Marcus Cooper,6.4840249894290105,6.128087640665207,CB
246,2555340.0,Kyler Fackrell,4.530510161778183,4.351276350337138,OLB
247,2552489.0,Eddie Goldman,3.825749559280266,3.825749559280266,NT
248,2495101.0,Sam Acho,6.3958813627269535,6.471291948070859,OLB
249,2560877.0,Roquan Smith,4.997290489723841,5.1790094723723605,LB
250,71441.0,Glover Quin,10.15197834713766,10.812001997740587,FS
251,2534830.0,Tavon Wilson,2.849319293637368,3.8112026575512616,SS
252,2540288.0,Darius Slay,5.677766615405276,5.370284429408718,CB
253,2543869.0,Devon Kennard,5.289516658426661,4.855325322900024,OLB
254,2543872.0,Nevin Lawson,3.836679538697712,4.3753842388927975,CB
255,2552262.0,Quandre Diggs,11.942761153699177,11.330328822172975,SS
256,2557855.0,Jarrad Davis,5.9179188062693395,6.419229948082623,MLB
257,2557924.0,Jalen Reeves-Maybin,6.5576256866277465,6.5576256866277465,OLB
258,2558821.0,Jamal Agnew,1.828721834936408,2.178223267417887,CB
259,2550572.0,Christian Jones,6.0786426835283525,6.3810848458695535,ILB
260,2532877.0,Trumaine Johnson,6.585554177468515,5.85540431286955,CB
261,2533059.0,Morris Claiborne,4.2390602480553845,4.453417860657191,CB
262,2543597.0,Avery Williamson,5.906722644184862,5.887381915738184,ILB
263,2555256.0,Jordan Jenkins,4.5214152294518355,4.565600710709212,OLB
264,2555322.0,Darron Lee,5.588870743779185,5.677837352093315,ILB
265,2556617.0,Doug Middleton,17.240973835115334,16.376029752009867,S
266,2557979.0,Jamal Adams,6.186149282579832,6.677811678759808,SS
267,2495343.0,Buster Skrine,3.7487542194555865,4.181362694131538,CB
268,2557955.0,Teez Tabor,4.146377169739095,4.404989791697716,CB
269,2553353.0,Darryl Roberts,14.38619931612994,14.662421248372333,CB
270,2561366.0,Frankie Luvu,3.025057723350683,3.80511354297169,LB
271,2540219.0,J.J. Wilcox,5.865556719839366,7.302092101251477,FS
272,2552486.0,Leonard Williams,5.19652617756264,5.19652617756264,DE
273,2552494.0,Eli Harold,5.084468476235261,4.5857901717383145,DE
274,2560822.0,Parry Nickerson,4.634607929271249,4.634607929271249,CB
275,2553657.0,Neville Hewitt,4.825655718164356,4.9295182258238786,OLB
276,2549896.0,Marquis Flowers,5.867385484599137,5.867385484599137,OLB
277,1302.0,Aqib Talib,9.35246950496683,8.27987618406389,CB
278,2543487.0,Dominique Easley,1.49887753389649,1.49887753389649,OLB
279,2543492.0,Lamarcus Joyner,15.608243692732186,15.185435912410831,FS
280,2552320.0,Ramik Wilson,4.357681518188538,4.7459769840341375,ILB
281,2552488.0,Marcus Peters,6.583578345406722,6.5593122062298725,CB
282,2556593.0,Cory Littleton,5.286913855638423,5.528986080695693,ILB
283,2558183.0,John Johnson,9.163130978115063,10.418997514126156,SS
284,2558830.0,Samson Ebukam,4.172959487715858,4.347799314587136,OLB
285,2540197.0,Nickell Robey-Coleman,4.6104564385566835,3.8120590092822613,CB
286,2556277.0,Marqui Christian,10.407275389092026,9.388069689125613,SS
287,2495153.0,Marcus Gilchrist,4.481314666483742,4.713150147587164,FS
288,2495617.0,Leon Hall,6.261000632307834,6.261000632307834,CB
289,2506353.0,Derrick Johnson,4.154983194062013,4.476245625080395,ILB
290,2507167.0,Reggie Nelson,12.453046545187727,12.955546198695464,FS
291,2532986.0,Tahir Whitehead,5.207261046970421,5.636950201635988,OLB
292,2541200.0,Rashaan Melvin,3.2825822812568357,4.205430792069119,CB
293,2558062.0,Gareon Conley,2.2728803854805824,3.2986736269022594,CB
294,2553722.0,Matt Longacre,5.060055040852712,4.8224524687631325,OLB
295,306.0,Dominique Rodgers-Cromartie,5.7276394738512995,5.104108296248878,CB
296,2557972.0,Marquel Lee,3.5138516716854373,3.587042016565233,MLB
297,2555294.0,Shilique Calhoun,4.820111291009631,4.967577964336164,LB
298,2555342.0,Karl Joseph,11.705601417522844,10.34252958573034,SS
299,2556817.0,Tony McRae,5.406587032171619,5.123785122354279,CB
300,2560745.0,Sam Hubbard,6.421441769287855,6.421441769287855,DE
301,2552392.0,Jordan Richards,8.424659829676,9.212313261838132,SS
302,2561009.0,Marquis Haynes,2.9117649472593667,2.9117649472593667,DE
303,2560775.0,Rashaan Gaulden,13.38637760977056,12.00618186173197,DB
304,2539219.0,Blidi Wreh-Wilson,5.000556120954535,5.2593547020878635,CB
305,2558171.0,Corn Elder,1.2418796078399352,1.2418796078399352,CB
306,2534741.0,Keith Tandy,15.175422884615054,15.175422884615054,FS
307,79901.0,Vontae Davis,6.243814400351951,6.238997916930293,CB
308,2532861.0,Casey Hayward,4.879634511544314,4.711327476446673,CB
309,2541958.0,Jahleel Addae,13.611506510761908,13.649979867959257,SS
310,2552296.0,Kyle Emanuel,7.029283017563563,6.646492343437684,OLB
311,2552310.0,Denzel Perryman,6.438593914334303,6.438593914334303,ILB
312,2556828.0,Trevor Williams,1.5391970092225782,1.5391970092225782,CB
313,2560760.0,Derwin James,6.968268158753277,7.428084875568979,SS
314,2560928.0,Kyzir White,5.782837118121918,5.454701441528551,LB
315,2507644.0,Ramon Humber,5.805021764299399,6.1421789073075725,OLB
316,2557927.0,Desmond King,3.850355621684336,4.384147437056171,CB
317,2560826.0,Uchenna Nwosu,5.208398815367348,4.851990699744388,LB
318,2550842.0,Adrian Phillips,7.581963124998845,7.614375485348218,SS
319,2556148.0,Jatavis Brown,6.305449516930508,6.896813828580294,OLB
320,2558182.0,Rayshawn Jenkins,5.745591211293059,7.0690506444291055,SS
321,2556652.0,Lafayette Pitts,6.891289863343714,6.5326875507749556,CB
322,2560818.0,Siran Neal,15.104739045506928,15.104739045506928,DB
323,2525323.0,Andrew Sendejo,13.145020947202802,13.891005540027056,SS
324,2532948.0,Harrison Smith,6.279953951234398,6.279953951234398,FS
325,2540155.0,Xavier Rhodes,2.243055748852265,3.0862506469173483,CB
326,2543459.0,Anthony Barr,5.795147381402557,5.795147381402557,OLB
327,2552312.0,Eric Kendricks,5.536086518726767,6.457021562272062,MLB
328,2552448.0,Trae Waynes,4.855985283251941,4.855985283251941,CB
329,2555177.0,Mackensie Alexander,2.7943556646984207,2.7943556646984207,CB
330,2555156.0,Jayron Kearse,3.985387626543196,4.2770992339357825,SS
331,2534567.0,Korey Toomer,6.1004583178225795,6.1004583178225795,MLB
332,2495170.0,Davon House,1.3588683067696279,1.3588683067696279,CB
333,2558033.0,Ben Gedeon,5.706189833566934,6.769520772085773,OLB
334,2560746.0,Mike Hughes,3.9740107005207386,4.016569255658585,CB
335,2550164.0,T.J. Carrie,6.797202564367139,6.013303254260206,CB
336,2556489.0,James Burgess,6.502156161252074,6.502156161252074,OLB
337,2552484.0,P.J. Williams,4.504204436399351,4.636541976942498,CB
338,2495493.0,Justin Houston,4.9390313289488015,4.872965227964714,DE
339,2530794.0,Ron Parker,11.731693541524596,12.208776450602226,FS
340,2543592.0,Anthony Hitchens,6.182575907415652,6.016309927030981,MLB
341,2552265.0,Steven Nelson,1.7435797203933667,3.4834327987405937,CB
342,2555169.0,Reggie Ragland,5.522824389084982,5.934385604644266,ILB
343,2555173.0,Eric Murray,11.699094692086206,11.520350762528198,FS
344,2556775.0,Terrance Smith,5.059695852005918,5.6554747329132375,ILB
345,2560881.0,Breeland Speaks,3.979286073770045,3.979286073770045,LB
346,2307.0,Orlando Scandrick,4.576270254404517,4.906983263308626,CB
347,2555349.0,Kendall Fuller,6.822069130311119,6.142199834584992,CB
348,2560921.0,Armani Watts,3.7691592269635863,4.93455749941391,DB
349,2532946.0,Coty Sensabaugh,6.297996289954799,5.541743326245341,CB
350,2561103.0,Tremon Smith,3.8777926984986566,4.2404800303032095,WR
351,2558185.0,Tanoh Kpassagnon,3.962553506259976,3.962553506259976,DE
352,2560827.0,Dorian O'Daniel,5.924572337759336,6.487591071126606,LB
353,2532800.0,Nigel Bradham,6.085309313038202,7.0118146893259885,OLB
354,2560930.0,Jordan Whitehead,12.943786418764372,12.098980044885893,DB
355,2550605.0,Marcus Williams,6.949398494651227,8.075502760868158,CB
356,2543468.0,Mike Evans,41.40326214920498,41.40326214920498,WR
357,1037347.0,Joe Webb,2.763238546556582,2.763238546556582,QB
358,2495251.0,Shareece Wright,6.34008759105731,5.970961371128317,CB
359,2535693.0,Johnson Bademosi,3.8007976276254447,4.595924709962697,CB
360,2543600.0,Alfred Blue,2.7156670276874832,2.7156670276874832,RB
361,2552730.0,Brian Peters,9.615465731830662,9.959472369431424,ILB
362,2555234.0,Tyler Ervin,48.69141125669159,48.69141125669159,RB
363,2560759.0,Natrell Jamerson,5.379734995734196,5.379734995734196,DB
364,2560774.0,Peter Kalambayi,4.800659342538579,4.800659342538579,LB
365,2561344.0,Buddy Howell,1.8442868480048689,1.8442868480048689,RB
366,2561538.0,A.J. Moore,4.727890890476441,4.727890890476441,DB
367,2560784.0,Harold Landry,4.980900645392223,4.898948361530295,OLB
368,2556673.0,Brennan Scarlett,5.875218486248494,6.8473154773114695,OLB
369,2560714.0,Duke Ejiofor,4.344620829191756,4.344620829191756,LB
370,2561033.0,Dane Cruikshank,25.14140060031281,25.14140060031281,DB
371,2543811.0,Pierre Desir,6.204248002778032,5.731862753264594,CB
372,2539293.0,Gerald Hodges,6.909859827907791,6.5869631957494175,ILB
373,1037374.0,Sam Shields,4.549636006879641,5.233210666376566,CB
374,2552307.0,Bryce Hager,6.305919998828998,6.166009701845108,ILB
375,2553536.0,Troy Hill,7.59282883430146,7.438142415971803,CB
376,2556374.0,Blake Countess,12.818386514314954,11.857432375400231,SS
377,2553545.0,Isaiah Johnson,6.273358050959381,5.615748864455567,DB
378,2495507.0,Richard Sherman,7.198490741137442,6.904721704240727,CB
379,2552391.0,Jaquiski Tartt,11.820276612514071,10.720703507401922,FS
380,2552684.0,Mark Nzeocha,9.053582788642943,9.053582788642943,MLB
381,2558121.0,Elijah Lee,5.386898874888762,5.615620313228984,LB
382,2558157.0,Ahkello Witherspoon,1.994143943004688,1.994143943004688,CB
383,2558857.0,Adrian Colbert,14.714106130120369,14.208596753836346,FS
384,2560917.0,Fred Warner,5.8862489438256125,5.981627335218875,LB
385,2550654.0,K'Waun Williams,4.168410506028469,3.868087861241678,CB
386,2556641.0,Romeo Okwara,5.52577525981974,5.358726538108005,DE
387,2543741.0,Jimmie Ward,14.71280304151092,14.71280304151092,FS
388,2560913.0,Tracy Walker,15.497199600702993,15.117599070532615,DB
389,2543680.0,Antone Exum,16.406058786251517,14.73717968741498,FS
390,494307.0,Darian Stewart,15.995265785710346,12.930565193244105,FS
391,2495202.0,Von Miller,4.7240956145641455,4.194145384675008,OLB
392,2506345.0,Adam Jones,8.191687661715571,8.191687661715571,CB
393,2530510.0,Chris Harris,5.112081163386835,5.513031770064443,CB
394,2532898.0,Brandon Marshall,7.098496521583782,7.008179684851159,ILB
395,2543505.0,Bradley Roby,6.00082608691968,5.647706235211022,CB
396,2550930.0,Todd Davis,4.468033603736956,4.693301005693283,ILB
397,2555550.0,Justin Simmons,7.5483748515736675,9.754280120865172,SS
398,2550541.0,Shaquil Barrett,4.61830203663805,4.287957043586082,OLB
399,2532871.0,Bruce Irvin,7.330509777160598,7.330509777160598,LB
400,2556278.0,Will Parks,5.554074856588441,6.265420367974482,FS
401,2555568.0,Erik Harris,11.013885741816637,10.67209930329992,SS
402,2536032.0,Emmanuel Lamur,2.176049310975324,2.176049310975324,OLB
403,2560763.0,Josey Jewell,6.351734560518235,5.889401701263084,LB
404,2507917.0,Tramaine Brock,6.159821675219803,5.856795349791134,CB
405,2552271.0,Geneo Grissom,6.0253844569051145,5.221885895939594,DE
406,2550659.0,Tyler Patmon,5.13007758609801,5.2493184218113536,CB
407,2555421.0,Yannick Ngakoue,7.0192260314470705,7.0192260314470705,DE
408,2556512.0,Donte' Deayon,3.733285590389836,3.733285590389836,CB
409,2552605.0,Ibraheim Campbell,16.008264916374987,13.56399145221308,FS
410,2508080.0,Earl Thomas,11.339744976284521,11.012537939755411,FS
411,2532890.0,Mychal Kendricks,5.77249363503827,5.8107675078708665,OLB
412,2539243.0,Bradley McDougald,15.070390925225055,14.237889764694971,SS
413,2540140.0,Barkevious Mingo,3.391042015306476,3.546698393577412,OLB
414,2553456.0,Akeem King,4.796274587895199,4.954350224474387,CB
415,2558259.0,Shaquill Griffin,5.8909954304524375,5.5331077745644315,CB
416,2558925.0,Austin Calitro,7.025070987327252,6.544545583601318,LB
417,2553637.0,Justin Coleman,3.5067545253296304,3.437120169227661,CB
418,2557881.0,Tedric Thompson,13.808809068995672,13.948092633745839,FS
419,2552629.0,Frank Clark,4.5866929957834115,4.5866929957834115,DE
420,494289.0,Sherrick McManis,4.302704027085168,4.508683518844649,CB
421,2560830.0,Isaiah Oliver,2.448274674221649,2.3348360668546038,CB
422,2560946.0,Isaac Yiadom,5.817036790924803,6.6387908422589454,DB
423,496814.0,Albert McClellan,7.560177692163879,7.560177692163879,OLB
424,2539937.0,Shamarko Thomas,16.956344038045533,15.314518840023329,SS
425,2561093.0,Jermaine Carter,4.244333446187984,4.596077539910947,LB
426,2495488.0,J.J. Watt,4.6792757238875815,4.6792757238875815,DE
427,2561017.0,Sean Chandler,5.545736304619943,7.278000414021768,DB
428,2543456.0,Jadeveon Clowney,3.922301646019561,3.922301646019561,DE
429,2560718.0,Rashaan Evans,5.830293270425947,5.810346056614177,LB
430,2561340.0,Tre Herndon,4.495658141065067,4.6724993563643045,CB
431,2556798.0,Kenneth Durden,8.286180797910081,8.187489116944354,CB
432,2557837.0,Reuben Foster,5.850935202104938,6.314934095348456,OLB
433,2499278.0,Malcolm Smith,7.253490355378903,7.253490355378903,OLB
434,2560850.0,D.J. Reed,3.697309244113273,3.9318223494553775,DB
435,2543494.0,Dee Ford,4.688278522864287,4.688278522864287,DE
436,2561117.0,Tarvarius Moore,4.189018001247666,4.029686291109702,DB
437,2559208.0,Ryan Lewis,1.6735601954255237,3.4257073126479303,CB
438,2559012.0,Eric Wilson,3.8974492744383578,3.8974492744383578,OLB
439,2560984.0,Oren Burks,5.033106305517286,5.033106305517286,LB
440,2553710.0,Deshazor Everett,8.780770655725325,8.923647659550145,SS
441,2559164.0,Michael Davis,5.053814236186502,5.179289230040307,CB
442,2560901.0,Kevin Toliver,5.575595323948113,5.4686007911619345,DB
443,2532966.0,Bobby Wagner,5.263323885291149,5.721564587164522,MLB
444,2560728.0,Tre Flowers,3.1779852777107447,4.217896543265895,CB
445,2558159.0,Xavier Woods,15.383287575294535,14.654951239268955,FS
446,2555380.0,Cyrus Jones,8.401599667682754,8.401599667682754,CB
447,2535609.0,DeShawn Shead,3.013572527049875,6.224345528162716,CB
448,2560754.0,J.C. Jackson,4.2960513963290925,4.347252345630772,DB
449,2561157.0,Keion Crossen,2.152629929230486,2.8788468327117185,DB
450,2506861.0,Brent Grimes,7.22372247782431,6.994761696098928,CB
451,2543643.0,Nat Berhe,1.8879956190047784,3.751667653542324,SS
452,2560741.0,Holton Hill,1.8080370089811562,1.8080370089811562,CB
453,2556567.0,Isaiah Johnson,12.25416691578196,12.727617415613327,S
454,2555155.0,Deon Bush,15.61208861503528,14.979874638184695,SS
455,2555381.0,DeAndre Houston-Carson,11.565133638559784,11.214671198971594,FS
456,2560750.0,Joel Iyiegbuniwe,5.329429746171859,5.511747648223117,LB
457,2557920.0,Jourdan Lewis,3.2669220055984582,3.2669220055984582,CB
458,2556588.0,Eric Lee,5.7682690010778925,5.622759876462423,DE
459,2560982.0,Tony Brown,5.925067288494726,5.500647022178639,CB
460,2556394.0,Chris Milton,5.2840037171983205,5.2840037171983205,CB
461,2557995.0,Marcus Maye,13.307399511185697,13.165649421541175,FS
462,2541864.0,Josh Martin,4.871790400341237,4.315152029450907,OLB
463,2543563.0,Kevin Pierre-Louis,3.641200179447233,3.899737224888825,ILB
464,2559058.0,Maurice Smith,14.414225342643311,14.040750901465426,S
465,2543724.0,Walt Aikens,2.296253991791546,2.296253991791546,CB
466,2556542.0,Nicholas Grigsby,4.844777967884496,4.310808382220118,LB
467,2560795.0,Avonte Maddox,5.868076207777888,5.767748214090178,CB
468,494277.0,Kendrick Lewis,8.649838144108994,8.649838144108994,FS
469,2558077.0,Delano Hill,7.175687717321713,9.184976252440412,SS
470,2543823.0,E.J. Gaines,6.2286793148158575,6.078057621087392,CB
471,2559054.0,Nicholas Morrow,5.650881845760846,5.9463865183878015,ILB
472,2558971.0,Greg Mabin,5.681131003271156,5.406245978993254,CB
473,2533459.0,Nate Stupar,4.581414126161889,4.581414126161889,ILB
474,2541944.0,Russell Shepard,3.690625475188369,3.690625475188369,WR
475,2557952.0,Wayne Gallman,2.545663008131901,2.545663008131901,RB
476,2560815.0,Kam Moore,12.241543119628133,12.241543119628133,DB
477,2561317.0,Jawill Davis,47.12119261631301,47.12119261631301,WR
478,2561318.0,Tae Davis,5.6425251194433175,5.860184849282355,ILB
479,2532431.0,Craig Robertson,3.6798926948968935,4.0406826676493015,OLB
480,2557862.0,Chris Wormley,7.456902546331768,7.456902546331768,DE
481,2535613.0,L.J. Fort,6.546632525769168,6.4597494005224965,ILB
482,2558988.0,Lenzy Pipkins,4.553699148725544,4.724776370839651,CB
483,2559087.0,Arthur Maulet,5.762711869415287,5.197001374797533,CB
484,2539280.0,John Simon,5.730270582890964,5.632647724105152,DE
485,2561131.0,George Odum,10.775315068550155,10.395815254814817,FS
486,2553562.0,Dean Marlowe,13.776859045709813,13.147531261344126,DB
487,2541756.0,Brynden Trawick,5.202662252576829,5.202662252576829,FS
488,2540152.0,Eric Reid,10.807199976107539,10.32628616513632,SS
489,2533058.0,Vontaze Burfict,6.462175267903872,6.441930807669857,OLB
490,2552321.0,Stephone Anthony,7.093438732578343,7.093438732578343,MLB
491,2508107.0,Jimmy Smith,2.9801396596393093,4.120771813179689,CB
492,2557965.0,Myles Garrett,5.758605686053567,5.758605686053567,DE
493,2558119.0,Josh Jones,5.742751272397159,6.882744947397593,SS
494,2556587.0,Cre'von LeBlanc,3.9508962357226265,4.272789556318644,CB
495,2560808.0,Quenton Meeks,3.355826761349125,3.7552216399713982,CB
496,744.0,Calais Campbell,5.539027608695699,5.539027608695699,DE
497,2555542.0,Jordan Lucas,14.43598718606864,12.790776455961408,FS
498,2561020.0,Bradley Chubb,2.8470223090482163,2.8470223090482163,DE
499,2555171.0,Tyler Matakevich,5.4452655052321495,6.072813609711153,ILB
500,2495136.0,Bruce Carter,4.947900849323605,5.586804159713868,ILB
501,2556443.0,Sharrod Neasman,8.801858771875366,8.87714383275125,SS
502,2560897.0,Matthew Thomas,6.269941595645302,6.601882437159754,LB
503,2555394.0,Daryl Worley,4.489275769601034,4.753339521364973,CB
504,2532869.0,George Iloka,13.080623730569124,13.943755714531145,FS
505,2558168.0,Rasul Douglas,6.901658542169657,6.7693689996473285,CB
506,2541741.0,LaRoy Reynolds,0.9456997887465164,0.9456997887465164,MLB
507,2532789.0,Mark Barron,6.037347176778764,6.056683143927736,ILB
508,2559181.0,Justin Hardee,3.505206688741159,3.801748255595984,DB
509,2533534.0,Olivier Vernon,5.3184379881562505,5.090903874872049,DE
510,2555366.0,Deiondre' Hall,26.36148616038699,26.36148616038699,CB
511,2559260.0,Tre Sullivan,12.015059043111444,12.013433285029855,DB
512,2541431.0,Kemal Ishmael,2.9086180826584886,2.9086180826584886,FS
513,2556456.0,Andrew Adams,10.24236788918402,10.797657820095749,FS
514,2556934.0,Javien Elliott,4.065248278563031,4.028056436288063,CB
515,2541696.0,Jordan Dangerfield,17.102871791946562,17.045129046063945,S
516,2507843.0,Vincent Rey,4.6384690007157925,4.228730111814572,OLB
517,2558786.0,Brandon Wilson,1.5985522993788701,4.007718333588834,S
518,2560839.0,Darius Phillips,3.4081612203765177,3.5292277098889087,CB
519,2560719.0,Brandon Facyson,3.415325946426836,3.415325946426836,CB
520,2557931.0,Cordrea Tankersley,6.529121025834466,6.1154833433781635,CB
521,2553655.0,Anthony Harris,13.264024104687829,13.264024104687829,FS
522,2543712.0,Terrence Brooks,2.734367462698716,2.734367462698716,SS
523,238227.0,Mike Mitchell,11.238509972140877,11.068526203021028,FS
524,2561149.0,Matthew Adams,5.892501482390659,5.423758327193772,ILB
525,2553817.0,Corey Moore,11.473343157786806,9.810360213205444,SS
526,2534846.0,Neiko Thorpe,2.4170712893502815,2.8352409837209835,CB
527,2560999.0,Shaquem Griffin,8.352235029218615,8.352235029218615,LB
528,2506352.0,Thomas Davis,5.414838122354915,5.38042972988326,OLB
529,2556550.0,Josh Hawkins,6.587431616555781,6.587431616555781,CB
530,2559934.0,Justin Lawler,4.611949593945822,4.572238295247074,DE
531,2552259.0,Josh Shaw,14.122385215080524,12.346234928931654,CB
532,2507948.0,Frank Zombo,4.530353789656719,4.915938831784831,OLB
533,2532870.0,Melvin Ingram,6.247902169812358,6.247902169812358,DE
534,2537931.0,Josh Gordon,41.11314716345221,40.991981828119634,WR
535,2543739.0,Dontae Johnson,2.6170446774534066,2.9509988367361726,CB
536,2543874.0,Andre Hal,15.46860200474448,14.132025543904446,FS
537,2558853.0,Mike Tyson,16.188339256049368,16.87258209021197,CB
538,2555547.0,KeiVarae Russell,3.6101908225268846,3.9173259058696592,CB
539,2561383.0,Ben Niemann,6.964228368564668,6.964228368564668,LB
540,2561417.0,Charvarius Ward,7.6521630269155905,6.165408135830593,CB
541,2558165.0,Tarell Basham,6.2356857588973895,5.077605749824158,LB
542,2508007.0,Marcus Sherels,5.685969071513728,5.636262888639448,CB
543,2555168.0,Kentrell Brothers,6.818683194953955,6.818683194953955,MLB
544,2543608.0,Dexter McDougle,3.3454208481255985,3.9817358009426416,CB
545,2561022.0,Jack Cichy,2.78768762830165,2.78768762830165,LB
546,2555307.0,Devante Bond,5.808875465211874,5.79364364147125,OLB
547,2550767.0,C.J. Goodwin,5.370824593767825,5.370824593767825,CB
548,2560764.0,Danny Johnson,4.588501507914666,4.588501507914666,DB
549,2560948.0,Trevon Young,5.360345742627494,4.515540142005653,OLB
550,2558018.0,Solomon Thomas,5.687721903610189,5.687721903610189,DE
551,2559356.0,Dominique Hatfield,8.469601429148769,8.469601429148769,CB
552,2561001.0,Grant Haley,2.8136769384143534,3.643805543416503,CB
553,2553719.0,Josh Keyes,7.135281308449116,6.591648894189388,OLB
554,2558241.0,Blair Brown,8.754789382844457,8.754789382844457,OLB
555,2560724.0,Kylie Fitts,5.56956460603325,5.277656408007228,LB
556,2559287.0,Isaiah Irving,4.934668482619533,4.933236849699551,LB
557,2555546.0,Rashard Robinson,2.555642297206946,4.0100762331491655,CB
558,2540176.0,William Gholston,5.046358488500122,5.046358488500122,DE
559,496780.0,Carlos Dunlap,4.348636151670804,4.348636151670804,DE
560,2556833.0,De'Vante Harris,4.330487510580083,4.330487510580083,CB
561,2495252.0,K.J. Wright,5.4167973651637125,6.082923565532982,OLB
562,2559293.0,Dymonte Thomas,17.476767448717684,15.634956975623936,DB
563,2532974.0,Kyle Wilber,5.862348016980282,5.16903922842416,OLB
564,2560819.0,Nick Nelson,4.7584917254521235,4.692997431236608,CB
565,2560986.0,Jason Cabinda,7.1430093347229775,7.1430093347229775,LB
566,2556655.0,Tyvis Powell,3.8691649031155912,4.381666885557172,DB
567,2559270.0,Robert Tonyan,1.2849030616225845,1.2849030616225845,TE
568,2560883.0,Equanimeous St. Brown,2.646250200049483,2.646250200049483,WR
569,2561207.0,Raven Greene,9.312796600907566,8.993904984995769,FS
570,2541192.0,Chris Banjo,14.143097980286472,14.011369277485864,SS
571,2535867.0,Julian Stanford,5.182626205919566,5.182626205919566,ILB
572,496961.0,Dekoda Watson,4.551729264792981,4.551729264792981,OLB
573,2561006.0,Marcell Harris,6.5601825854539335,8.009820164660315,FS
574,2531080.0,Ben Jacobs,6.41175166692372,6.41175166692372,OLB
575,2553499.0,Damiere Byrd,42.597976262645226,42.597976262645226,WR
576,2558066.0,Curtis Samuel,4.282444099837094,4.282444099837094,WR
577,2558833.0,Alex Armah,0.9247227453923684,0.9247227453923684,RB
578,2555270.0,Carl Nassib,6.905422170985768,6.905422170985768,OLB
579,2553736.0,Denzel Rice,4.1384394997407306,4.422042580305992,DB
580,2558289.0,Tanner Vallejo,5.592096118925621,6.10372542870093,LB
581,2561278.0,Tavierre Thomas,4.817741793383945,4.602519509315736,CB
582,2561147.0,Cornell Armstrong,5.521262194347514,5.018183849239196,CB
583,2557872.0,Takkarist McKinley,6.934987729445152,6.934987729445152,DE
584,2495454.0,Julio Jones,28.083389805320586,28.083389805320586,WR
585,2560976.0,Keishawn Bierria,4.937654756896944,4.850955276482954,LB
586,2555345.0,Su'a Cravens,4.301316288285307,4.865328044139784,DB
587,2543571.0,Bashaud Breeland,4.980758620813033,5.207253939450141,CB
588,2543650.0,Aaron Lynch,4.598195647265379,4.598195647265379,OLB
589,2533542.0,Josh Robinson,2.7334244951757336,2.7334244951757336,CB
590,2550257.0,Daniel Sorensen,12.588419585867465,11.480382529093466,SS
591,2560914.0,Levi Wallace,4.483157437453668,4.620338226666121,CB
592,497320.0,Andre Roberts,44.000635721490056,44.000635721490056,WR
593,2540287.0,Rontez Miles,16.608720454375813,15.393764447398706,FS
594,2555477.0,Charone Peake,3.160925057399242,3.160925057399242,WR
595,2560738.0,Chris Herndon,0.9762698449843776,0.9762698449843776,TE
596,2541848.0,Deon Lacey,6.674722505857061,7.3706258153737485,OLB
597,2556614.0,Cassanova McKinzy,5.782976641331409,5.782976641331409,LB
598,2553774.0,Cameron Lynch,4.761444176018356,4.761444176018356,OLB
599,2552313.0,Hayes Pullard,5.20587956919972,6.094164314802983,MLB
600,2560887.0,Chandon Sullivan,6.859918875210951,6.61370165141768,CB
601,2558274.0,Shalom Luani,5.109428370781995,5.7968896412003375,FS
602,2561527.0,Mike Ford,6.355123016317169,6.0152450172267935,CB
603,2530474.0,Mario Addison,5.82392427053284,5.82392427053284,DE
604,2558923.0,Riley Bullough,7.372939946139326,7.491757324988262,LB
605,2540159.0,Kevin Minter,7.627755573988106,7.435758041704269,MLB
606,2532878.0,Leonard Johnson,2.180286408379271,2.555473870341856,CB
607,2532790.0,Travis Benjamin,42.914736034966154,42.914736034966154,WR
608,2552654.0,Geremy Davis,0.9937280937230858,0.9937280937230858,WR
609,2553877.0,Nick Dzubnar,1.5229602264482016,1.5229602264482016,ILB
610,2555220.0,Derek Watt,1.6281863671513892,1.6281863671513892,FB
611,2558303.0,Jeff Richards,1.9371810711115491,1.9371810711115491,CB
612,2559169.0,Austin Ekeler,3.152129170103987,3.152129170103987,RB
613,2559197.0,Tre'Von Johnson,1.3416949410278458,1.3416949410278458,LB
614,2560756.0,Justin Jackson,2.4904879594373712,2.4904879594373712,RB
615,2553790.0,DeVante Bausby,5.68837492358955,5.61837773245353,CB
616,2561003.0,Shaun Dion Hamilton,4.582813342948594,5.282258233101716,LB
617,2558189.0,Obi Melifonwu,2.736858672580901,3.2253165751944928,DB
618,2540170.0,David Amerson,6.008828762783133,6.315542179959158,CB
619,2552418.0,Justin Hardy,38.46594568308458,38.46594568308458,WR
620,2559200.0,Joe Jones,6.851213029417428,6.645891372248883,LB
621,2532928.0,Eddie Pleasant,4.566093155965569,5.315124697683088,SS
622,2552273.0,Markus Golden,7.415170782925262,7.415170782925262,OLB
623,2558097.0,Ukeme Eligwe,4.733547469626786,4.733547469626786,ILB
624,2552427.0,Tony Lippett,5.554090209982863,4.95807120410959,CB
625,2560956.0,Marcus Allen,4.046002657541528,4.046002657541528,DB
626,2560950.0,Ola Adeniyi,6.297751563410338,6.145609940341876,OLB
627,2561644.0,Adonis Alexander,1.251901210897062,1.251901210897062,CB
628,2561042.0,Nick DeLuca,4.166274361754857,4.1897592878419445,LB
629,2543717.0,Jeremiah Attaochu,2.7014318956374943,2.7014318956374943,OLB
630,2535964.0,Josh Bellamy,4.898036229286404,4.898036229286404,WR
631,2541544.0,Benny Cunningham,2.572571196933352,2.572571196933352,RB
632,2553900.0,Daniel Brown,2.137575658961201,2.137575658961201,TE
633,2556478.0,Ben Braunecker,1.4776400820601727,1.4776400820601727,TE
634,2558250.0,Tarik Cohen,48.1219767078471,48.1219767078471,RB
635,2555545.0,Will Redmond,2.528254616548856,2.528254616548856,S
636,2561316.0,Jalen Davis,4.966970524191722,4.458086903581216,CB
637,2495184.0,Cameron Jordan,5.920554357279675,5.920554357279675,DE
638,2560762.0,Malik Jefferson,4.4297911533438805,4.4297911533438805,LB
639,2558284.0,Pita Taumoepenu,5.279168630317416,5.279168630317416,LB
640,2495229.0,Kelvin Sheppard,5.89209955774728,5.89209955774728,MLB
641,496723.0,Eric Berry,14.33481828698802,12.152371827890976,SS
642,2560743.0,Jeff Holland,5.2738383606435475,5.2738383606435475,LB
643,2556371.0,Brandon Williams,5.398307188429554,5.793101911050665,CB
644,2561283.0,Zeke Turner,5.839171441848083,5.839171441848083,LB
645,2543503.0,Trent Murphy,7.975024840008046,7.975024840008046,DE
646,2561107.0,Corey Thompson,4.5683447477993,5.223186329773644,LB
647,2558858.0,Joshua Holsey,5.3035334609865945,5.725043983247076,CB
648,2541135.0,Cody Davis,11.081752502585859,12.297379566513234,FS
649,2495485.0,Robert Quinn,4.738715285649122,4.738715285649122,DE
650,2550365.0,Kenny Ladler,11.612435880634802,11.786867213860042,S
651,2559037.0,Ahmad Thomas,7.187415843848952,7.850800094174898,ILB
652,2552317.0,Mike Hull,6.2150937352988835,6.353722458170247,MLB
653,2558052.0,Kenny Golladay,32.53972474623682,32.53972474623682,WR
654,2540291.0,Kayvon Webster,4.187373076930552,4.258990570230885,CB
655,2560779.0,Arden Key,8.303427064886247,8.303427064886247,DE
656,2561585.0,Dallin Leavitt,7.480769561751,7.480769561751,DB
657,2558819.0,Derrick Jones,3.918438107394661,4.283942694055034,CB
658,2560875.0,Andre Smith,6.671559496606017,7.027685188393249,LB
659,2550647.0,Kasim Edebali,5.827321409583503,5.827321409583503,OLB
660,2561394.0,Jeremy Reaves,7.782400033007027,7.782400033007027,DB
661,2506467.0,Darren Sproles,51.82532467149181,51.82532467149181,RB
662,2559141.0,B.J. Bello,1.3237695754067842,1.3237695754067842,MLB
663,2561469.0,Darious Williams,8.294766161787338,8.294766161787338,CB
