nflId,name,med_coverage,average_coverage,position,pos+/-,league+/-
79848,Malcolm Jenkins,6.821818726,6.9164655773,SS,2.8725589601,-1.1382686886
2495613,Corey Graham,16.494791077,13.8679872199,FS,-5.9014288514,-10.8112410396
2534832,Rodney McLeod,12.8301146978,12.9051303804,FS,-2.2367524722,-7.1465646604
2552315,Jordan Hicks,5.6871568727,5.7862395495,MLB,0.0627013614,-0.0036068353
2552689,Ronald Darby,6.1983005649,6.2320760424,CB,-1.1086472495,-0.5147505275
2555383,Jalen Mills,7.5762002022,7.1457179897,CB,-2.4865468868,-1.8926501648
2558175,Nate Gerry,1.8665230153,1.8665230153,LB,3.5332375451,3.8170270221
2556363,Kamu Grugier-Hill,0.7952743512,0.7952743512,OLB,4.5822866183,4.8882756862
2557958,Sidney Jones,5.4159435725,5.059444467,CB,-0.3262902571,0.2676064649
2539334,Desmond Trufant,4.7691334983,4.6134999637,CB,0.3205198171,0.9144165391
2539653,Robert Alford,2.2436647551,3.1381143156,CB,2.8459885603,3.4398852822
2543850,Ricardo Allen,11.7405177017,10.644276702,SS,-2.0461400157,-6.0569676644
2552301,Vic Beasley,5.3028370752,4.7706771664,DE,0.1049399992,0.3807129622
2555162,Deion Jones,5.5641713286,5.9184526314,MLB,0.1856869055,0.1193787088
2555255,De'Vondre Campbell,5.328880398,5.6231663814,OLB,0.0486805716,0.3546696394
2555543,Keanu Neal,6.7303480986,7.055084268,FS,3.863014127,-1.0467980612
2556445,Brian Poole,3.9191630428,4.0376893662,CB,1.1704902726,1.7643869946
2557967,Duke Riley,8.3876042684,8.3518713393,OLB,-3.0100432988,-2.704054231
2558184,Damontae Kazee,15.4632555679,15.190104249,SS,-5.7688778818,-9.7797055305
2561132,Foye Oluokun,7.3866108573,6.6396992202,LB,-1.9868502969,-1.7030608199
2559109,Deante Burton,3.3149537016,4.8096070752,CB,1.7746996139,2.3685963358
2506268,Lorenzo Alexander,5.8580795999,6.2500008435,OLB,-0.4805186303,-0.1745295625
2539240,Micah Hyde,12.2850966564,11.3855028614,SS,-2.5907189703,-6.601546619
2539290,Jordan Poyer,12.5342524247,12.4792601976,FS,-1.9408901991,-6.8507023873
2543851,Phillip Gaines,2.1765028256,3.8203017164,CB,2.9131504899,3.5070472118
2557867,Tre'Davious White,7.3733127638,6.7645771095,CB,-2.2836594484,-1.6897627264
2557969,Matt Milano,5.1718749135,5.6658037751,OLB,0.205686056,0.5116751239
2560713,Tremaine Edmunds,6.4751645153,6.8964601061,LB,-1.0754039549,-0.7916144779
2560766,Taron Johnson,3.2440483832,3.2538194382,CB,1.8456049322,2.4395016541
4365,Brandon Carr,3.2416983255,3.9842056585,CB,1.8479549899,2.4418517119
2495775,Eric Weddle,11.1064282947,10.934065308,FS,-0.5130660691,-5.4228782573
2505660,Terrell Suggs,4.4200180014,4.5799042164,OLB,0.9575429681,1.263532036
2540164,Tony Jefferson,8.3624159626,8.6671037206,SS,1.3319617235,-2.6788659252
2543464,C.J. Mosley,6.2817255032,6.5914899392,ILB,-0.4662653246,-0.5981754658
2552279,Za'Darius Smith,5.1350946545,4.9842835648,OLB,0.2424663151,0.5484553829
2555378,Tavon Young,2.6716794783,2.9114102974,CB,2.4179738371,3.0118705591
2556642,Patrick Onwuasor,7.1536210015,6.8832281042,ILB,-1.3381608229,-1.4700709641
2558067,Marlon Humphrey,2.491862558,3.8906722457,CB,2.5977907574,3.1916874794
2555505,Matt Judon,4.6229073509,4.5537585318,OLB,0.7546536186,1.0606426865
2558990,Patrick Ricard,5.2171090504,5.308191656,FB,-1.7944613416,0.466440987
2508004,Anthony Levine,5.6784073363,5.816269273,DB,2.3481858273,0.0051427011
2558248,Chuck Clark,3.972201841,3.972201841,FS,6.6211603846,1.7113481964
2507817,Rafael Bush,4.0404866874,4.5644619317,SS,5.6538909987,1.64306335
2557841,Tim Williams,5.6906527834,5.3672095135,OLB,-0.3130918138,-0.007102746
2560947,Kenny Young,6.6332920516,6.1050917374,LB,-1.2335314912,-0.9497420142
2558166,Tyus Bowser,5.2071612875,5.4541963794,OLB,0.170399682,0.4763887499
2560963,Anthony Averett,4.3939976561,4.9414069175,CB,0.6956556593,1.2895523813
2555178,Maurice Canady,5.0578088967,4.2935059219,CB,0.0318444187,0.6257411407
2561301,Chris Board,6.1001998476,6.5179253773,LB,-0.7004392872,-0.4166498102
2543637,Terrance Mitchell,7.7375003706,7.4269716307,CB,-2.6478470551,-2.0539503332
2543720,Christian Kirksey,5.3594231539,5.3362447654,OLB,0.0181378156,0.3241268834
2552389,Damarious Randall,15.093633618,14.5000828496,CB,-10.0039803026,-9.4100835806
2555166,Joe Schobert,6.3925538712,6.5490946561,MLB,-0.6426956371,-0.7090038338
2556475,Briean Boddy-Calhoun,5.2249740107,5.949641294,CB,-0.1353206953,0.4585760267
2557980,Jabrill Peppers,4.9217096389,6.7926250589,FS,5.6716525867,0.7618403985
2560916,Denzel Ward,5.4845129255,5.3257413931,CB,-0.3948596101,0.1990371119
496733,Joe Haden,4.5474678567,4.9956289791,CB,0.5421854588,1.1360821807
2539978,Jon Bostic,4.5271448952,4.901950337,ILB,1.2883152834,1.1564051422
2540221,Vince Williams,5.795314804,5.8822046411,ILB,0.0201453746,-0.1117647667
2552289,Bud Dupree,4.0636003165,4.7045889755,OLB,1.3139606531,1.6199497209
2555344,Artie Burns,6.0625491366,4.5494771276,CB,-0.9728958211,-0.3789990992
2555386,Sean Davis,15.3320877497,13.8574153914,SS,-5.6377100637,-9.6485377123
2558064,T.J. Watt,5.6121707318,5.166050321,OLB,-0.2346097623,0.0713793056
2560712,Terrell Edmunds,8.4610625844,8.742700128,S,2.3723743292,-2.777512547
2556559,Mike Hilton,2.7224253589,3.6117637068,CB,2.3672279565,2.9611246785
496727,Morgan Burnett,6.0915045082,6.5072843151,SS,3.6028731779,-0.4079544708
2539311,Jamie Collins,5.4932350644,5.6263745223,OLB,-0.1156740949,0.190314973
2555540,Derrick Kindred,6.7428799974,8.9826410637,SS,2.9514976887,-1.05932996
2560964,Genard Avery,4.067035745,4.2389302442,LB,1.3327248154,1.6165142924
2552266,Anthony Chickillo,5.7819326658,5.387962369,OLB,-0.4043716963,-0.0983826284
2558849,Cameron Sutton,5.9070197384,5.4086813762,CB,-0.8173664229,-0.223469701
2552386,Clayton Geathers,7.8352188135,8.1436193791,FS,2.7581434121,-2.1516687761
2557961,Quincy Wilson,5.8782685721,5.9993642672,CB,-0.7886152567,-0.1947185347
2558060,Malik Hooker,15.193242071,15.1951672334,FS,-4.5998798454,-9.5096920336
2558108,Nate Hairston,3.8187166179,3.8187166179,CB,1.2709366975,1.8648334194
2558976,Kenny Moore,4.5825480777,4.8224995838,CB,0.5071052378,1.1010019597
2560789,Darius Leonard,5.0209592609,5.5571749029,LB,0.3788012995,0.6625907765
2560816,Skai Moore,7.5834764374,6.6960889574,ILB,-1.7680162587,-1.8999264
2561155,Zaire Franklin,6.2449633553,6.3314740867,ILB,-0.4295031766,-0.5614133179
2533060,Dre Kirkpatrick,5.6181308941,4.6664340129,CB,-0.5284775787,0.0654191433
2539233,Shawn Williams,11.2567170397,11.0693414995,SS,-1.5623393536,-5.5731670023
2543474,Darqueze Dennard,3.0437778863,3.4811683806,CB,2.0458754291,2.6397721511
2543814,Preston Brown,5.9878621037,5.7336363109,MLB,-0.2380038696,-0.3043120663
2555528,Nick Vigil,5.6400817094,5.6822544726,OLB,-0.2625207398,0.043468328
2556367,William Jackson,1.6854057207,2.5957587735,CB,3.4042475947,3.9981443167
2560970,Jessie Bates,13.5449433454,13.2241552634,S,-2.7115064318,-7.861393308
2558801,Jordan Evans,4.6724729086,4.6724729086,OLB,0.705088061,1.0110771288
2555355,Clayton Fejedelem,3.3721759198,4.0629825979,FS,7.2211863058,2.3113741176
2533016,Najee Goode,1.4814413821,1.4814413821,OLB,3.8961195874,4.2021086553
2556429,Matthias Farley,11.0945323335,9.5719859177,SS,-1.4001546474,-5.4109822961
2558851,Anthony Walker,6.780139692,7.1231111956,ILB,-0.9646795133,-1.0965896546
2558982,Hardy Nickerson,6.0389025375,6.4406520095,MLB,-0.2890443034,-0.3553525001
496739,Reshad Jones,14.9835392216,15.1961880381,SS,-5.2891615356,-9.2999891843
2539309,T.J. McDonald,8.1633475078,9.4924195857,SS,1.5310301782,-2.4797974705
2539935,Kiko Alonso,7.0352069224,6.6130496189,OLB,-1.6576459529,-1.3516568851
2552434,Bobby McCain,6.9564348566,6.2565011467,CB,-1.8667815412,-1.2728848192
2555539,Xavien Howard,5.3127845944,5.2238518011,CB,-0.223131279,0.370765443
2558070,Raekwon McMillan,6.3695620249,5.88905824,LB,-0.9698014645,-0.6860119875
2560966,Jerome Baker,5.1670975644,5.3425324633,LB,0.232662996,0.516452473
2560725,Minkah Fitzpatrick,7.1396000454,7.0645548769,S,3.6938368683,-1.456050008
2354,Wesley Woodyard,6.7544663114,6.8421508093,ILB,-0.9390061328,-1.070916274
71423,Brian Orakpo,5.6581418972,5.8502233808,OLB,-0.2805809276,0.0254081402
2539320,Kenny Vaccaro,13.6531762769,12.9696250115,SS,-3.9587985908,-7.9696262395
2540013,Will Compton,6.0175977107,5.7317470357,ILB,-0.2021375321,-0.3340476733
2540162,Logan Ryan,5.3077977441,5.4634841559,CB,-0.2181444287,0.3757522933
2550613,Malcolm Butler,3.1110339071,4.0886898559,CB,1.9786194083,2.5725161303
2555158,Kevin Byard,10.3495296602,9.2896661176,FS,0.2438325654,-4.6659796228
2555339,Kamalei Correa,5.0230051023,4.9853267508,ILB,0.7924550763,0.660544935
496828,Derrick Morgan,5.7959083556,5.4448399447,OLB,-0.4183473861,-0.1123583183
2558005,Jayon Brown,4.7116707855,5.0829875334,ILB,1.1037893931,0.9718792519
2558065,Adoree' Jackson,5.2185011615,5.3586736554,CB,-0.1288478461,0.4650488759
2561328,Sharif Finch,4.9815545502,5.3330489328,OLB,0.3960064194,0.7019954872
2555320,Aaron Wallace,6.4762653465,6.4762653465,OLB,-1.098704377,-0.7927153091
2541539,Daren Bates,3.6777692704,3.6777692704,ILB,2.1376909082,2.005780767
2555551,LeShaun Sims,4.7321828773,4.389752886,CB,0.3574704381,0.9513671601
2559043,Chase Allen,6.6377296936,6.6377296936,OLB,-1.260168724,-0.9541796562
2559053,Torry McTyer,5.8612982211,5.8075508174,CB,-0.7716449057,-0.1777481837
496735,Kareem Jackson,5.090733095,5.5165078696,CB,-0.0010797796,0.5928169424
2495872,Johnathan Joseph,5.8024808036,6.0061000367,CB,-0.7128274882,-0.1189307662
2533049,Whitney Mercilus,4.7855770736,5.1611065604,OLB,0.5919838959,0.8979729638
2540180,Tyrann Mathieu,4.9513720601,5.5770192091,FS,5.6419901655,0.7321779773
2543501,Aaron Colvin,5.1292203795,5.1497537538,CB,-0.039567064,0.5543296579
2552261,Kevin Johnson,6.4867166615,6.4419661311,CB,-1.397063346,-0.8031666241
2558094,Zach Cunningham,6.2615872,6.3850649849,ILB,-0.4461270214,-0.5780371626
2560851,Justin Reid,9.6707833409,10.3986023161,SS,0.0235943452,-3.9872333035
71251,Patrick Chung,4.2363517819,4.362576104,SS,5.4580259042,1.4471982555
494287,Devin McCourty,6.3075188635,6.8966893086,FS,4.2858433621,-0.6239688261
2533057,Dont'a Hightower,4.5940462571,4.8895994105,MLB,1.155811977,1.0895037803
2533062,Stephon Gilmore,3.7809219084,4.8916625578,CB,1.308731407,1.902628129
2541243,Duron Harmon,15.578508688,15.0854414085,FS,-4.9851464624,-9.8949586506
2543699,Kyle Van Noy,5.0327838262,5.621921489,OLB,0.3447771433,0.6507662112
2552255,Eric Rowe,2.7747391599,5.0339394063,CB,2.3149141555,2.9088108775
2561143,Ja'Whaun Bentley,4.6500128637,5.2014755002,LB,0.7497476967,1.0335371737
2552490,Benardrick McKinney,5.6629343451,5.8760227019,ILB,0.1525258335,0.0206156923
2556571,Jonathan Jones,6.3660894231,7.254234151,CB,-1.2764361077,-0.6825393857
2556119,Elandon Roberts,8.0762277683,8.0842119131,MLB,-2.3263695342,-2.3926777309
2559152,Dylan Cole,7.8649857881,7.2888080631,ILB,-2.0495256095,-2.1814357507
89756,Jason McCourty,3.1282849227,3.718823785,CB,1.9613683927,2.5552651147
497240,Rob Gronkowski,47.683920184,47.683920184,TE,-36.9718584177,-42.0003701466
2495272,Chris Conte,11.528124732,11.0143833708,SS,-1.8337470459,-5.8445746946
2532828,Lavonte David,4.8950472781,5.5265109961,OLB,0.4825136915,0.7885027593
2552592,Kwon Alexander,6.2467129376,6.4649088897,MLB,-0.4968547035,-0.5631629002
2555299,Vernon Hargreaves,2.4418560589,3.0717068219,CB,2.6477972565,3.2416939785
2555552,Ryan Smith,3.2324378465,4.1858656331,CB,1.857215469,2.4511121909
2557945,Justin Evans,15.5351312514,14.9100112972,SS,-5.8407535653,-9.851581214
2561039,Carlton Davis,4.4305882059,4.7008266181,CB,0.6590651095,1.2529618315
2550565,Adarius Taylor,6.448449727,6.5592307784,MLB,-0.6985914929,-0.7648996896
2508084,Patrick Robinson,3.5643903938,4.4341029574,CB,1.5252629217,2.1191596436
2533008,Demario Davis,5.585799665,5.8287472447,ILB,0.2296605137,0.0977503724
2555530,Vonn Bell,6.7430296279,7.4046992916,FS,3.8503325977,-1.0594795905
2556735,Ken Crawley,1.7067881543,2.6289974999,CB,3.3828651612,3.9767618831
2558061,Marshon Lattimore,3.2519805204,3.1903415059,CB,1.837672795,2.431569517
2558163,Alex Anzalone,4.6966785299,4.8714777717,OLB,0.6808824396,0.9868715075
2558847,Marcus Williams,15.0097085197,13.4832605977,FS,-4.4163462941,-9.3261584823
494261,Kurt Coleman,4.5925461305,5.5086655371,SS,5.1018315555,1.0910039068
2560884,M.J. Stewart,14.567593804,14.567593804,CB,-9.4779404886,-8.8840437666
2539277,Manti Te'o,6.745254725,6.7455700314,MLB,-0.9953964909,-1.0617046876
2539982,A.J. Klein,4.5830884659,4.9076420706,OLB,0.7944725037,1.1004615715
71197,Connor Barwin,6.0049857242,5.8982905773,OLB,-0.6274247546,-0.3214356868
2532875,Janoris Jenkins,6.2197836778,6.0405241935,CB,-1.1301303624,-0.5362336404
2539338,B.W. Webb,4.3718532035,4.6541019961,CB,0.7178001119,1.3116968338
2540143,Alec Ogletree,6.928560064,6.5428251545,LB,-1.5287995036,-1.2450100266
2541792,Ray-Ray Armstrong,4.7185500273,5.528956335,OLB,0.6590109422,0.9650000101
2543738,Kareem Martin,5.5216976906,5.2938848289,OLB,-0.1441367211,0.1618523468
2552454,Landon Collins,6.7938138744,7.1308651563,SS,2.9005638117,-1.110263837
2553822,Curtis Riley,12.9623836315,13.8217975975,FS,-2.3690214059,-7.2788335941
2555277,Eli Apple,2.0419277955,3.6980342424,CB,3.0477255199,3.6416222419
2561015,Lorenzo Carter,5.4603905121,5.230712248,OLB,-0.0828295426,0.2231595253
2555522,B.J. Goodson,6.3529352111,5.9064751756,ILB,-0.5374750324,-0.6693851737
494259,Barry Church,9.559663538,10.5919760253,SS,0.134714148,-3.8761135006
2532848,Tashaun Gipson,10.6029054023,10.4682804385,FS,-0.0095431767,-4.9193553649
2541162,A.J. Bouye,4.123318488,4.0653687132,CB,0.9663348274,1.5602315494
2543711,Telvin Smith,7.4617220961,6.9706880467,OLB,-2.0841611266,-1.7781720588
2555280,Jalen Ramsey,3.7343940698,4.0584332042,CB,1.3552592456,1.9491559676
2555329,Myles Jack,7.4765650556,7.0521138278,OLB,-2.099004086,-1.7930150182
2560758,Leon Jacobs,2.8122545773,3.7936016915,LB,2.5875059831,2.8712954601
2535687,Michael Thomas,6.7769803022,7.3178325366,SS,2.9173973839,-1.0934302648
2561008,Ronnie Harrison,13.7448972015,13.1962021609,DB,-5.7183040379,-8.0613471641
2539237,D.J. Hayden,4.2805488028,4.6996416683,CB,0.8091045126,1.4030012346
2539662,Lerentee McCray,4.1333479579,5.094806429,DE,1.2744291164,1.5502020795
2556711,Jarrod Wilson,11.1309772194,10.5685502819,SS,-1.4365995333,-5.447427182
2495504,Patrick Peterson,6.2867947739,5.6377521216,CB,-1.1971414585,-0.6032447365
2495807,Antoine Bethea,7.1353278955,8.0107249554,FS,3.4580343301,-1.4517778581
2530491,Josh Bynes,4.9553587585,5.120862508,ILB,0.8601014202,0.7281912789
2539932,Jamar Taylor,8.8829565575,8.8829565575,CB,-3.7933032421,-3.1994065202
2543769,Deone Bucannon,5.807230717,6.0026438396,ILB,0.0082294616,-0.1236806796
2543830,Tre Boston,11.8851979768,12.5006157374,FS,-1.2918357512,-6.2016479394
2558009,Budda Baker,4.0256414743,4.9147170976,FS,6.5677207513,1.6579085631
2557887,Haason Reddick,6.2792346165,5.5122373951,ILB,-0.4637744379,-0.5956845792
2495201,Pernell McPhee,5.0467379956,5.1590740627,OLB,0.3308229739,0.6368120418
2495281,Mason Foster,5.4606521259,5.5739245888,ILB,0.3548080527,0.2228979115
2532804,Zach Brown,5.6808162886,6.0362509474,ILB,0.13464389,0.0027337488
2532920,Josh Norman,4.5005291854,4.8510251895,CB,0.58912413,1.183020852
2539943,D.J. Swearinger,9.1927384402,9.1601097093,FS,1.4006237854,-3.5091884028
2553796,Quinton Dunbar,3.3562224954,3.8403259008,CB,1.73343082,2.3273275419
2557853,Ryan Anderson,6.0214694525,4.5718659535,OLB,-0.643908483,-0.3379194151
2558133,Montae Nicholson,11.4945658363,11.4945658363,FS,-0.9012036107,-5.8110157989
2558136,Fabian Moreau,6.8872358465,6.0718135801,CB,-1.7975825311,-1.2036858091
2495190,Ryan Kerrigan,5.2324844558,4.8153661584,OLB,0.1450765137,0.4510655816
2552276,Preston Smith,4.5415569212,4.5235276849,OLB,0.8360040483,1.1419931162
2557880,Josh Harvey-Clemons,6.9369435373,6.9369435373,ILB,-1.1214833586,-1.2533934999
2558174,Rudy Ford,13.2707193925,14.0921643662,S,-2.4372824789,-7.5871693551
2543855,Bene' Benwikere,1.9271071005,3.2015272629,CB,3.1625462149,3.7564429369
2553687,Zach Vigil,5.0549614544,5.0549614544,MLB,0.6948967797,0.628588583
2560886,Greg Stroman,5.9717647964,5.4158524691,DB,2.0548283671,-0.2882147591
496937,Sean Lee,6.9073413684,6.6240066391,ILB,-1.0918811898,-1.223791331
2541832,Jeff Heath,7.2082087138,8.2443610971,SS,2.4861689723,-1.5246586764
2552568,Byron Jones,2.1288239477,2.8819846073,CB,2.9608293678,3.5547260897
2555310,Jaylon Smith,6.2631190167,6.9239917965,MLB,-0.5132607826,-0.5795689793
2555531,Anthony Brown,4.6525052981,4.4588873488,CB,0.4371480173,1.0310447393
2555536,Kavon Frazier,13.0598343688,13.0598343688,SS,-3.3654566827,-7.3762843314
2557840,Chidobe Awuzie,2.8541833412,3.767267804,CB,2.2354699742,2.8293666962
2552686,Damien Wilson,5.8196461067,6.1342394134,OLB,-0.4420851371,-0.1360960693
80668,Captain Munnerlyn,3.178391479,3.0100041592,CB,1.9112618364,2.5051585584
2495339,Da'Norris Searcy,14.0741237128,13.6208588081,SS,-4.3797460267,-8.3905736754
2505708,Mike Adams,9.1267826551,9.3399147907,FS,1.4665795705,-3.4432326177
2533056,Luke Kuechly,5.4173980125,5.4173980125,MLB,0.3324602216,0.2661520249
2552447,Shaq Thompson,5.225804347,5.4567009091,OLB,0.1517566225,0.4577456904
2555175,James Bradberry,6.2696426446,5.8481348968,CB,-1.1799893292,-0.5860926073
2560753,Donte Jackson,6.0619924029,6.8028515788,CB,-0.9723390875,-0.3784423655
2553441,David Mayo,5.5388545525,6.5142389732,MLB,0.2110036816,0.1446954849
2560908,Leighton Vander Esch,7.1688064576,6.7818420143,LB,-1.7690458972,-1.4852564202
2550262,Joe Thomas,6.4043682224,6.0678870094,ILB,-0.5889080437,-0.720818185
2553815,Justin March-Lillard,5.5321748711,5.5321748711,OLB,-0.1546139016,0.1513751662
2499257,Colin Jones,5.6705752608,6.765900474,FS,4.9227869648,0.0129747766
80431,Clay Matthews,5.0660132928,4.6427459638,OLB,0.3115476768,0.6175367446
2506789,Tramon Williams,15.7834883179,14.9842274992,CB,-10.6938350025,-10.0999382805
2533048,Nick Perry,5.7892140543,5.4697204685,OLB,-0.4116530847,-0.1056640169
2543470,Ha Ha Clinton-Dix,11.7460388084,11.945873958,FS,-1.1526765828,-6.062488771
2555161,Blake Martinez,5.712874241,5.9983165568,ILB,0.1025859377,-0.0293242036
2556480,Kentrell Brice,8.3034816377,8.4492479906,SS,1.3908960483,-2.6199316003
2557996,Kevin King,6.2340513929,5.8329248913,CB,-1.1443980775,-0.5505013555
2560755,Josh Jackson,2.3321394649,3.4968058151,CB,2.7575138505,3.3514105725
2560952,Jaire Alexander,5.9366626577,5.2120074477,CB,-0.8470093423,-0.2531126203
2555160,Antonio Morrison,8.8476635138,8.7792216038,ILB,-3.0322033352,-3.1641134764
2556537,Reggie Gilbert,5.2489563035,4.7196608658,LB,0.1508042569,0.4345937339
2495108,Prince Amukamara,3.1180410914,4.7799190397,CB,1.971612224,2.565508946
2532961,Danny Trevathan,5.6512046504,5.863523432,ILB,0.1642555282,0.032345387
2543681,Kyle Fuller,6.608047488,6.3731348581,CB,-1.5183941726,-0.9244974506
2552385,Adrian Amos,8.8971469942,9.9479146921,FS,1.6962152314,-3.2135969568
2553500,Bryce Callahan,2.6979635018,3.2851430989,CB,2.3916898136,2.9855865356
2555285,Leonard Floyd,4.6902006847,4.7905615004,OLB,0.6873602848,0.9933493527
2555288,Nick Kwiatkoski,4.9380218504,5.1058777598,ILB,0.8774383283,0.745528187
2558176,Eddie Jackson,16.1639190976,14.6663290654,FS,-5.570556872,-10.4803690602
2552697,Jermaine Whitehead,7.7342120044,11.4154424199,FS,2.8591502212,-2.050661967
2541202,Marcus Cooper,6.4840249894,6.1280876407,CB,-1.394371674,-0.800474952
2555340,Kyler Fackrell,4.5305101618,4.3512763503,OLB,0.8470508078,1.1530398756
2552489,Eddie Goldman,3.8257495593,3.8257495593,NT,0,1.8578004781
2495101,Sam Acho,6.3958813627,6.4712919481,OLB,-1.0183203932,-0.7123313253
2560877,Roquan Smith,4.9972904897,5.1790094724,LB,0.4024700707,0.6862595477
71441,Glover Quin,10.1519783471,10.8120019977,FS,0.4413838785,-4.4684283097
2534830,Tavon Wilson,2.8493192936,3.8112026576,SS,6.8450583924,2.8342307438
2540288,Darius Slay,5.6777666154,5.3702844294,CB,-0.5881133,0.005783422
2543869,Devon Kennard,5.2895166584,4.8553253229,OLB,0.0880443111,0.394033379
2543872,Nevin Lawson,3.8366795387,4.3753842389,CB,1.2529737767,1.8468704987
2552262,Quandre Diggs,11.9427611537,11.3303288222,SS,-2.2483834676,-6.2592111163
2557855,Jarrad Davis,5.9179188063,6.4192299481,MLB,-0.1680605722,-0.2343687689
2557924,Jalen Reeves-Maybin,6.5576256866,6.5576256866,OLB,-1.1800647171,-0.8740756492
2558821,Jamal Agnew,1.8287218349,2.1782232674,CB,3.2609314805,3.8548282025
2550572,Christian Jones,6.0786426835,6.3810848459,ILB,-0.2631825049,-0.3950926461
2532877,Trumaine Johnson,6.5855541775,5.8554043129,CB,-1.4959008621,-0.9020041401
2533059,Morris Claiborne,4.2390602481,4.4534178607,CB,0.8505930674,1.4444897893
2543597,Avery Williamson,5.9067226442,5.8873819157,ILB,-0.0912624656,-0.2231726068
2555256,Jordan Jenkins,4.5214152295,4.5656007107,OLB,0.8561457401,1.1621348079
2555322,Darron Lee,5.5888707438,5.6778373521,ILB,0.2265894348,0.0946792936
2556617,Doug Middleton,17.2409738351,16.376029752,S,-6.4075369215,-11.5574237977
2557979,Jamal Adams,6.1861492826,6.6778116788,SS,3.5082284035,-0.5025992452
2495343,Buster Skrine,3.7487542195,4.1813626941,CB,1.340899096,1.9347958179
2557955,Teez Tabor,4.1463771697,4.4049897917,CB,0.9432761457,1.5371728677
2553353,Darryl Roberts,14.3861993161,14.6624212484,CB,-9.2965460007,-8.7026492787
2561366,Frankie Luvu,3.0250577234,3.805113543,LB,2.374702837,2.658492314
2540219,J.J. Wilcox,5.8655567198,7.3020921013,FS,4.7278055058,-0.1820066824
2552486,Leonard Williams,5.1965261776,5.1965261776,DE,0.2112508968,0.4870238598
2552494,Eli Harold,5.0844684762,4.5857901717,DE,0.3233085981,0.5990815612
2560822,Parry Nickerson,4.6346079293,4.6346079293,CB,0.4550453861,1.0489421081
2553657,Neville Hewitt,4.8256557182,4.9295182258,OLB,0.5519052514,0.8578943192
2549896,Marquis Flowers,5.8673854846,5.8673854846,OLB,-0.4898245151,-0.1838354472
1302,Aqib Talib,9.352469505,8.2798761841,CB,-4.2628161895,-3.6689194676
2543487,Dominique Easley,1.4988775339,1.4988775339,OLB,3.8786834356,4.1846725035
2543492,Lamarcus Joyner,15.6082436927,15.1854359124,FS,-5.0148814671,-9.9246936553
2552320,Ramik Wilson,4.3576815182,4.745976984,ILB,1.4577786604,1.3258685192
2552488,Marcus Peters,6.5835783454,6.5593122062,CB,-1.49392503,-0.900028308
2556593,Cory Littleton,5.2869138556,5.5289860807,ILB,0.528546323,0.3966361818
2558183,John Johnson,9.1631309781,10.4189975141,SS,0.531246708,-3.4795809407
2558830,Samson Ebukam,4.1729594877,4.3477993146,OLB,1.2046014818,1.5105905497
2540197,Nickell Robey-Coleman,4.6104564386,3.8120590093,CB,0.4791968769,1.0730935988
2556277,Marqui Christian,10.4072753891,9.3880696891,SS,-0.712897703,-4.7237253517
2495153,Marcus Gilchrist,4.4813146665,4.7131501476,FS,6.1120475591,1.2022353709
2495617,Leon Hall,6.2610006323,6.2610006323,CB,-1.1713473169,-0.5774505949
2506353,Derrick Johnson,4.1549831941,4.4762456251,ILB,1.6604769846,1.5285668433
2507167,Reggie Nelson,12.4530465452,12.9555461987,FS,-1.8596843196,-6.7694965078
2532986,Tahir Whitehead,5.207261047,5.6369502016,OLB,0.1702999226,0.4762889904
2541200,Rashaan Melvin,3.2825822813,4.2054307921,CB,1.8070710342,2.4009677561
2558062,Gareon Conley,2.2728803855,3.2986736269,CB,2.8167729299,3.4106696519
2553722,Matt Longacre,5.0600550409,4.8224524688,OLB,0.3175059287,0.6234949965
306,Dominique Rodgers-Cromartie,5.7276394739,5.1041082962,CB,-0.6379861584,-0.0440894365
2557972,Marquel Lee,3.5138516717,3.5870420166,MLB,2.2360065624,2.1696983657
2555294,Shilique Calhoun,4.820111291,4.9675779643,LB,0.5796492694,0.8634387464
2555342,Karl Joseph,11.7056014175,10.3425295857,SS,-2.0112237314,-6.0220513801
2556817,Tony McRae,5.4065870322,5.1237851224,CB,-0.3169337168,0.2769630052
2560745,Sam Hubbard,6.4214417693,6.4214417693,DE,-1.013664695,-0.7378917319
2552392,Jordan Richards,8.4246598297,9.2123132618,SS,1.2697178564,-2.7411097923
2561009,Marquis Haynes,2.9117649473,2.9117649473,DE,2.4960121271,2.7717850901
2560775,Rashaan Gaulden,13.3863776098,12.0061818617,DB,-5.3597844462,-7.7028275724
2539219,Blidi Wreh-Wilson,5.000556121,5.2593547021,CB,0.0890971945,0.6829939164
2558171,Corn Elder,1.2418796078,1.2418796078,CB,3.8477737076,4.4416704296
2534741,Keith Tandy,15.1754228846,15.1754228846,FS,-4.582060659,-9.4918728472
79901,Vontae Davis,6.2438144004,6.2389979169,CB,-1.1541610849,-0.560264363
2532861,Casey Hayward,4.8796345115,4.7113274764,CB,0.2100188039,0.8039155258
2541958,Jahleel Addae,13.6115065108,13.649979868,SS,-3.9171288247,-7.9279564734
2552296,Kyle Emanuel,7.0292830176,6.6464923434,OLB,-1.651722048,-1.3457329802
2552310,Denzel Perryman,6.4385939143,6.4385939143,ILB,-0.6231337357,-0.7550438769
2556828,Trevor Williams,1.5391970092,1.5391970092,CB,3.5504563062,4.1443530282
2560760,Derwin James,6.9682681588,7.4280848756,SS,2.7261095273,-1.2847181214
2560928,Kyzir White,5.7828371181,5.4547014415,LB,-0.3830765577,-0.0992870807
2507644,Ramon Humber,5.8050217643,6.1421789073,OLB,-0.4274607948,-0.1214717269
2557927,Desmond King,3.8503556217,4.3841474371,CB,1.2392976937,1.8331944157
2560826,Uchenna Nwosu,5.2083988154,4.8519906997,LB,0.191361745,0.475151222
2550842,Adrian Phillips,7.581963125,7.6143754853,SS,2.1124145611,-1.8984130876
2556148,Jatavis Brown,6.3054495169,6.8968138286,OLB,-0.9278885474,-0.6218994795
2558182,Rayshawn Jenkins,5.7455912113,7.0690506444,SS,3.9487864748,-0.0620411739
2556652,Lafayette Pitts,6.8912898633,6.5326875508,CB,-1.8016365479,-1.207739826
2560818,Siran Neal,15.1047390455,15.1047390455,DB,-7.078145882,-9.4211890081
2525323,Andrew Sendejo,13.1450209472,13.89100554,SS,-3.4506432611,-7.4614709098
2532948,Harrison Smith,6.2799539512,6.2799539512,FS,4.3134082744,-0.5964039138
2540155,Xavier Rhodes,2.2430557489,3.0862506469,CB,2.8465975666,3.4404942885
2543459,Anthony Barr,5.7951473814,5.7951473814,OLB,-0.4175864119,-0.111597344
2552312,Eric Kendricks,5.5360865187,6.4570215623,MLB,0.2137717154,0.1474635187
2552448,Trae Waynes,4.8559852833,4.8559852833,CB,0.2336680322,0.8275647541
2555177,Mackensie Alexander,2.7943556647,2.7943556647,CB,2.2952976507,2.8891943727
2555156,Jayron Kearse,3.9853876265,4.2770992339,SS,5.7089900595,1.6981624108
2534567,Korey Toomer,6.1004583178,6.1004583178,MLB,-0.3506000837,-0.4169082804
2495170,Davon House,1.3588683068,1.3588683068,CB,3.7307850086,4.3246817306
2558033,Ben Gedeon,5.7061898336,6.7695207721,OLB,-0.328628864,-0.0226397962
2560746,Mike Hughes,3.9740107005,4.0165692557,CB,1.1156426149,1.7095393369
2550164,T.J. Carrie,6.7972025644,6.0133032543,CB,-1.7075492489,-1.113652527
2556489,James Burgess,6.5021561613,6.5021561613,OLB,-1.1245951917,-0.8186061239
2552484,P.J. Williams,4.5042044364,4.6365419769,CB,0.585448879,1.179345601
2495493,Justin Houston,4.9390313289,4.872965228,DE,0.4687457454,0.7445187084
2530794,Ron Parker,11.7316935415,12.2087764506,FS,-1.1383313159,-6.0481435041
2543592,Anthony Hitchens,6.1825759074,6.016309927,MLB,-0.4327176733,-0.49902587
2552265,Steven Nelson,1.7435797204,3.4834327987,CB,3.346073595,3.939970317
2555169,Reggie Ragland,5.5228243891,5.9343856046,ILB,0.2926357895,0.1607256483
2555173,Eric Murray,11.6990946921,11.5203507625,FS,-1.1057324665,-6.0155446547
2556775,Terrance Smith,5.059695852,5.6554747329,ILB,0.7557643266,0.6238541854
2560881,Breeland Speaks,3.9792860738,3.9792860738,LB,1.4204744866,1.7042639636
2307,Orlando Scandrick,4.5762702544,4.9069832633,CB,0.513383061,1.107279783
2555349,Kendall Fuller,6.8220691303,6.1421998346,CB,-1.7324158149,-1.1385190929
2560921,Armani Watts,3.769159227,4.9345574994,DB,4.2574339366,1.9143908104
2532946,Coty Sensabaugh,6.29799629,5.5417433262,CB,-1.2083429745,-0.6144462526
2561103,Tremon Smith,3.8777926985,4.2404800303,WR,19.9840705538,1.8057573389
2558185,Tanoh Kpassagnon,3.9625535063,3.9625535063,DE,1.4452235681,1.7209965311
2560827,Dorian O'Daniel,5.9245723378,6.4875910711,LB,-0.5248117774,-0.2410223004
2532800,Nigel Bradham,6.085309313,7.0118146893,OLB,-0.7077483435,-0.4017592756
2560930,Jordan Whitehead,12.9437864188,12.0989800449,DB,-4.9171932552,-7.2602363814
2550605,Marcus Williams,6.9493984947,8.0755027609,CB,-1.8597451792,-1.2658484573
2543468,Mike Evans,41.4032621492,41.4032621492,WR,-17.5413988969,-35.7197121118
1037347,Joe Webb,2.7632385466,2.7632385466,QB,0,2.9203114908
2495251,Shareece Wright,6.3400875911,5.9709613711,CB,-1.2504342756,-0.6565375537
2535693,Johnson Bademosi,3.8007976276,4.59592471,CB,1.2888556878,1.8827524098
2543600,Alfred Blue,2.7156670277,2.7156670277,RB,13.7727570315,2.9678830097
2552730,Brian Peters,9.6154657318,9.9594723694,ILB,-3.8000055532,-3.9319156944
2555234,Tyler Ervin,48.6914112567,48.6914112567,RB,-32.2029871975,-43.0078612193
2560759,Natrell Jamerson,5.3797349957,5.3797349957,DB,2.6468581678,0.3038150417
2560774,Peter Kalambayi,4.8006593425,4.8006593425,LB,0.5991012179,0.8828906949
2561344,Buddy Howell,1.844286848,1.844286848,RB,14.6441372112,3.8392631894
2561538,A.J. Moore,4.7278908905,4.7278908905,DB,3.2987022731,0.9556591469
2560784,Harold Landry,4.9809006454,4.8989483615,OLB,0.3966603242,0.702649392
2556673,Brennan Scarlett,5.8752184862,6.8473154773,OLB,-0.4976575167,-0.1916684489
2560714,Duke Ejiofor,4.3446208292,4.3446208292,LB,1.0551397312,1.3389292082
2561033,Dane Cruikshank,25.1414006003,25.1414006003,DB,-17.1148074368,-19.4578505629
2543811,Pierre Desir,6.2042480028,5.7318627533,CB,-1.1145946874,-0.5206979654
2539293,Gerald Hodges,6.9098598279,6.5869631957,ILB,-1.0943996493,-1.2263097905
1037374,Sam Shields,4.5496360069,5.2332106664,CB,0.5400173085,1.1339140305
2552307,Bryce Hager,6.3059199988,6.1660097018,ILB,-0.4904598202,-0.6223699614
2553536,Troy Hill,7.5928288343,7.438142416,CB,-2.5031755189,-1.9092787969
2556374,Blake Countess,12.8183865143,11.8574323754,SS,-3.1240088282,-7.1348364769
2553545,Isaiah Johnson,6.273358051,5.6157488645,DB,1.7532351126,-0.5898080136
2495507,Richard Sherman,7.1984907411,6.9047217042,CB,-2.1088374257,-1.5149407037
2552391,Jaquiski Tartt,11.8202766125,10.7207035074,FS,-1.2269143869,-6.1367265751
2552684,Mark Nzeocha,9.0535827886,9.0535827886,MLB,-3.3037245546,-3.3700327513
2558121,Elijah Lee,5.3868988749,5.6156203132,LB,0.0128616855,0.2966511625
2558157,Ahkello Witherspoon,1.994143943,1.994143943,CB,3.0955093724,3.6894060944
2558857,Adrian Colbert,14.7141061301,14.2085967538,FS,-4.1207439045,-9.0305560927
2560917,Fred Warner,5.8862489438,5.9816273352,LB,-0.4864883834,-0.2026989064
2550654,K'Waun Williams,4.168410506,3.8680878612,CB,0.9212428094,1.5151395314
2556641,Romeo Okwara,5.5257752598,5.3587265381,DE,-0.1179981855,0.1577747776
2543741,Jimmie Ward,14.7128030415,14.7128030415,FS,-4.1194408159,-9.0292530041
2560913,Tracy Walker,15.4971996007,15.1175990705,DB,-7.4706064372,-9.8136495633
2543680,Antone Exum,16.4060587863,14.7371796874,FS,-5.8126965607,-10.7225087489
494307,Darian Stewart,15.9952657857,12.9305651932,FS,-5.4019035601,-10.3117157483
2495202,Von Miller,4.7240956146,4.1941453847,OLB,0.653465355,0.9594544228
2506345,Adam Jones,8.1916876617,8.1916876617,CB,-3.1020343463,-2.5081376243
2530510,Chris Harris,5.1120811634,5.5130317701,CB,-0.022427848,0.571468874
2532898,Brandon Marshall,7.0984965216,7.0081796849,ILB,-1.283036343,-1.4149464842
2543505,Bradley Roby,6.0008260869,5.6477062352,CB,-0.9111727715,-0.3172760495
2550930,Todd Davis,4.4680336037,4.6933010057,ILB,1.3474265749,1.2155164337
2555550,Justin Simmons,7.5483748516,9.7542801209,SS,2.1460028345,-1.8648248142
2550541,Shaquil Barrett,4.6183020366,4.2879570436,OLB,0.7592589329,1.0652480008
2532871,Bruce Irvin,7.3305097772,7.3305097772,LB,-1.9307492168,-1.6469597398
2556278,Will Parks,5.5540748566,6.265420368,FS,5.039287369,0.1294751808
2555568,Erik Harris,11.0138857418,10.6720993033,SS,-1.3195080557,-5.3303357044
2536032,Emmanuel Lamur,2.176049311,2.176049311,OLB,3.2015116586,3.5075007264
2560763,Josey Jewell,6.3517345605,5.8894017013,LB,-0.9519740001,-0.6681845231
2507917,Tramaine Brock,6.1598216752,5.8567953498,CB,-1.0701683598,-0.4762716378
2552271,Geneo Grissom,6.0253844569,5.2218858959,DE,-0.6176073826,-0.3418344195
2550659,Tyler Patmon,5.1300775861,5.2493184218,CB,-0.0404242707,0.5534724513
2555421,Yannick Ngakoue,7.0192260314,7.0192260314,DE,-1.6114489571,-1.3356759941
2556512,Donte' Deayon,3.7332855904,3.7332855904,CB,1.356367725,1.950264447
2552605,Ibraheim Campbell,16.0082649164,13.5639914522,FS,-5.4149026908,-10.324714879
2508080,Earl Thomas,11.3397449763,11.0125379398,FS,-0.7463827507,-5.6561949389
2532890,Mychal Kendricks,5.772493635,5.8107675079,OLB,-0.3949326655,-0.0889435976
2539243,Bradley McDougald,15.0703909252,14.2378897647,SS,-5.3760132391,-9.3868408878
2540140,Barkevious Mingo,3.3910420153,3.5466983936,OLB,1.9865189542,2.2925080221
2553456,Akeem King,4.7962745879,4.9543502245,CB,0.2933787275,0.8872754495
2558259,Shaquill Griffin,5.8909954305,5.5331077746,CB,-0.801342115,-0.2074453931
2558925,Austin Calitro,7.0250709873,6.5445455836,LB,-1.6253104269,-1.3415209499
2553637,Justin Coleman,3.5067545253,3.4371201692,CB,1.5828987901,2.1767955121
2557881,Tedric Thompson,13.808809069,13.9480926337,FS,-3.2154468434,-8.1252590316
2552629,Frank Clark,4.5866929958,4.5866929958,DE,0.8210840785,1.0968570416
494289,Sherrick McManis,4.3027040271,4.5086835188,CB,0.7869492883,1.3808460103
2560830,Isaiah Oliver,2.4482746742,2.3348360669,CB,2.6413786412,3.2352753632
2560946,Isaac Yiadom,5.8170367909,6.6387908423,DB,2.2095563726,-0.1334867535
496814,Albert McClellan,7.5601776922,7.5601776922,OLB,-2.1826167226,-1.8766276548
2539937,Shamarko Thomas,16.956344038,15.31451884,SS,-7.261966352,-11.2727940007
2561093,Jermaine Carter,4.2443334462,4.5960775399,LB,1.1554271142,1.4392165912
2495488,J.J. Watt,4.6792757239,4.6792757239,DE,0.7285013504,1.0042743135
2561017,Sean Chandler,5.5457363046,7.278000414,DB,2.4808568589,0.1378137328
2543456,Jadeveon Clowney,3.922301646,3.922301646,DE,1.4854754283,1.7612483914
2560718,Rashaan Evans,5.8302932704,5.8103460566,LB,-0.43053271,-0.146743233
2561340,Tre Herndon,4.4956581411,4.6724993564,CB,0.5939951744,1.1878918963
2556798,Kenneth Durden,8.2861807979,8.1874891169,CB,-3.1965274825,-2.6026307605
2557837,Reuben Foster,5.8509352021,6.3149340953,OLB,-0.4733742326,-0.1673851647
2499278,Malcolm Smith,7.2534903554,7.2534903554,OLB,-1.8759293858,-1.569940318
2560850,D.J. Reed,3.6973092441,3.9318223495,DB,4.3292839194,1.9862407933
2543494,Dee Ford,4.6882785229,4.6882785229,DE,0.7194985515,0.9952715145
2561117,Tarvarius Moore,4.1890180012,4.0296862911,DB,3.8375751623,1.4945320361
2559208,Ryan Lewis,1.6735601954,3.4257073126,CB,3.41609312,4.009989842
2559012,Eric Wilson,3.8974492744,3.8974492744,OLB,1.4801116951,1.786100763
2560984,Oren Burks,5.0331063055,5.0331063055,LB,0.3666542549,0.6504437319
2553710,Deshazor Everett,8.7807706557,8.9236476596,SS,0.9136070304,-3.0972206183
2559164,Michael Davis,5.0538142362,5.17928923,CB,0.0358390792,0.6297358012
2560901,Kevin Toliver,5.5755953239,5.4686007912,DB,2.4509978396,0.1079547134
2532966,Bobby Wagner,5.2633238853,5.7215645872,MLB,0.4865343488,0.4202261521
2560728,Tre Flowers,3.1779852777,4.2178965433,CB,1.9116680377,2.5055647597
2558159,Xavier Woods,15.3832875753,14.6549512393,FS,-4.7899253497,-9.6997375379
2555380,Cyrus Jones,8.4015996677,8.4015996677,CB,-3.3119463523,-2.7180496303
2535609,DeShawn Shead,3.013572527,6.2243455282,CB,2.0760807884,2.6699775103
2560754,J.C. Jackson,4.2960513963,4.3472523456,DB,3.7305417672,1.3874986411
2561157,Keion Crossen,2.1526299292,2.8788468327,DB,5.8739632343,3.5309201082
2506861,Brent Grimes,7.2237224778,6.9947616961,CB,-2.1340691624,-1.5401724404
2543643,Nat Berhe,1.887995619,3.7516676535,SS,7.8063820671,3.7955544184
2560741,Holton Hill,1.808037009,1.808037009,CB,3.2816163064,3.8755130284
2556567,Isaiah Johnson,12.2541669158,12.7276174156,S,-1.4207300022,-6.5706168784
2555155,Deon Bush,15.612088615,14.9798746382,SS,-5.917710929,-9.9285385776
2555381,DeAndre Houston-Carson,11.5651336386,11.214671199,FS,-0.971771413,-5.8815836012
2560750,Joel Iyiegbuniwe,5.3294297462,5.5117476482,LB,0.0703308142,0.3541202912
2557920,Jourdan Lewis,3.2669220056,3.2669220056,CB,1.8227313098,2.4166280318
2556588,Eric Lee,5.7682690011,5.6227598765,DE,-0.3604919267,-0.0847189637
2560982,Tony Brown,5.9250672885,5.5006470222,CB,-0.8354139731,-0.2415172511
2556394,Chris Milton,5.2840037172,5.2840037172,CB,-0.1943504018,0.3995463202
2557995,Marcus Maye,13.3073995112,13.1656494215,FS,-2.7140372856,-7.6238494738
2541864,Josh Martin,4.8717904003,4.3151520295,OLB,0.5057705692,0.8117596371
2543563,Kevin Pierre-Louis,3.6412001794,3.8997372249,ILB,2.1742599992,2.0423498579
2559058,Maurice Smith,14.4142253426,14.0407509015,S,-3.580788429,-8.7306753053
2543724,Walt Aikens,2.2962539918,2.2962539918,CB,2.7933993236,3.3872960456
2556542,Nicholas Grigsby,4.8447779679,4.3108083822,LB,0.5549825925,0.8387720695
2560795,Avonte Maddox,5.8680762078,5.7677482141,CB,-0.7784228924,-0.1845261704
494277,Kendrick Lewis,8.6498381441,8.6498381441,FS,1.9435240815,-2.9662881067
2558077,Delano Hill,7.1756877173,9.1849762524,SS,2.5186899688,-1.4921376799
2543823,E.J. Gaines,6.2286793148,6.0780576211,CB,-1.1390259994,-0.5451292774
2559054,Nicholas Morrow,5.6508818458,5.9463865184,ILB,0.1645783329,0.0326681916
2558971,Greg Mabin,5.6811310033,5.406245979,CB,-0.5914776879,0.0024190341
2533459,Nate Stupar,4.5814141262,4.5814141262,ILB,1.2340460525,1.1021359112
2541944,Russell Shepard,3.6906254752,3.6906254752,WR,20.1712377771,1.9929245622
2557952,Wayne Gallman,2.5456630081,2.5456630081,RB,13.942761051,3.1378870293
2560815,Kam Moore,12.2415431196,12.2415431196,DB,-4.2149499561,-6.5579930822
2561317,Jawill Davis,47.1211926163,47.1211926163,WR,-23.259329364,-41.4376425789
2561318,Tae Davis,5.6425251194,5.8601848493,ILB,0.1729350592,0.0410249179
2532431,Craig Robertson,3.6798926949,4.0406826676,OLB,1.6976682746,2.0036573425
2557862,Chris Wormley,7.4569025463,7.4569025463,DE,-2.049125472,-1.7733525089
2535613,L.J. Fort,6.5466325258,6.4597494005,ILB,-0.7311723471,-0.8630824884
2558988,Lenzy Pipkins,4.5536991487,4.7247763708,CB,0.5359541667,1.1298508887
2559087,Arthur Maulet,5.7627118694,5.1970013748,CB,-0.673058554,-0.079161832
2539280,John Simon,5.7302705829,5.6326477241,DE,-0.3224935086,-0.0467205455
2561131,George Odum,10.7753150686,10.3958152548,FS,-0.181952843,-5.0917650312
2553562,Dean Marlowe,13.7768590457,13.1475312613,DB,-5.7502658822,-8.0933090083
2541756,Brynden Trawick,5.2026622526,5.2026622526,FS,5.390699973,0.4808877848
2540152,Eric Reid,10.8071999761,10.3262861651,SS,-1.11282229,-5.1236499387
2533058,Vontaze Burfict,6.4621752679,6.4419308077,OLB,-1.0846142984,-0.7786252305
2552321,Stephone Anthony,7.0934387326,7.0934387326,MLB,-1.3435804985,-1.4098886952
2508107,Jimmy Smith,2.9801396596,4.1207718132,CB,2.1095136558,2.7034103778
2557965,Myles Garrett,5.7586056861,5.7586056861,DE,-0.3508286117,-0.0750556487
2558119,Josh Jones,5.7427512724,6.8827449474,SS,3.9516264137,-0.059201235
2556587,Cre'von LeBlanc,3.9508962357,4.2727895563,CB,1.1387570797,1.7326538017
2560808,Quenton Meeks,3.3558267613,3.75522164,CB,1.7338265541,2.327723276
744,Calais Campbell,5.5390276087,5.5390276087,DE,-0.1312505344,0.1445224287
2555542,Jordan Lucas,14.4359871861,12.790776456,FS,-3.8426249605,-8.7524371487
2561020,Bradley Chubb,2.847022309,2.847022309,DE,2.5607547653,2.8365277283
2555171,Tyler Matakevich,5.4452655052,6.0728136097,ILB,0.3701946734,0.2382845322
2495136,Bruce Carter,4.9479008493,5.5868041597,ILB,0.8675593293,0.7356491881
2556443,Sharrod Neasman,8.8018587719,8.8771438328,SS,0.8925189142,-3.1183087345
2560897,Matthew Thomas,6.2699415956,6.6018824372,LB,-0.8701810352,-0.5863915583
2555394,Daryl Worley,4.4892757696,4.7533395214,CB,0.6003775458,1.1942742678
2532869,George Iloka,13.0806237306,13.9437557145,FS,-2.487261505,-7.3970736932
2558168,Rasul Douglas,6.9016585422,6.7693689996,CB,-1.8120052268,-1.2181085048
2541741,LaRoy Reynolds,0.9456997887,0.9456997887,MLB,4.8041584453,4.7378502486
2532789,Mark Barron,6.0373471768,6.0566831439,ILB,-0.2218869981,-0.3537971394
2559181,Justin Hardee,3.5052066887,3.8017482556,DB,4.5213864748,2.1783433487
2533534,Olivier Vernon,5.3184379882,5.0909038749,DE,0.0893390862,0.3651120492
2555366,Deiondre' Hall,26.3614861604,26.3614861604,CB,-21.271832845,-20.677936123
2559260,Tre Sullivan,12.0150590431,12.013433285,DB,-3.9884658796,-6.3315090057
2541431,Kemal Ishmael,2.9086180827,2.9086180827,FS,7.6847441429,2.7749319547
2556456,Andrew Adams,10.2423678892,10.7976578201,FS,0.3509943364,-4.5588178518
2556934,Javien Elliott,4.0652482786,4.0280564363,CB,1.0244050369,1.6183017588
2541696,Jordan Dangerfield,17.1028717919,17.0451290461,S,-6.2694348783,-11.4193217546
2507843,Vincent Rey,4.6384690007,4.2287301118,OLB,0.7390919688,1.0450810367
2558786,Brandon Wilson,1.5985522994,4.0077183336,S,9.2348846142,4.084997738
2560839,Darius Phillips,3.4081612204,3.5292277099,CB,1.681492095,2.275388817
2560719,Brandon Facyson,3.4153259464,3.4153259464,CB,1.674327369,2.268224091
2557931,Cordrea Tankersley,6.5291210258,6.1154833434,CB,-1.4394677104,-0.8455709884
2553655,Anthony Harris,13.2640241047,13.2640241047,FS,-2.6706618791,-7.5804740673
2543712,Terrence Brooks,2.7343674627,2.7343674627,SS,6.9600102234,2.9491825747
238227,Mike Mitchell,11.2385099721,11.068526203,FS,-0.6451477465,-5.5549599347
2561149,Matthew Adams,5.8925014824,5.4237583272,ILB,-0.0770413038,-0.208951445
2553817,Corey Moore,11.4733431578,9.8103602132,SS,-1.7789654717,-5.7897931204
2534846,Neiko Thorpe,2.4170712894,2.8352409837,CB,2.6725820261,3.266478748
2560999,Shaquem Griffin,8.3522350292,8.3522350292,LB,-2.9524744688,-2.6686849918
2506352,Thomas Davis,5.4148381224,5.3804297299,OLB,-0.0372771528,0.268711915
2556550,Josh Hawkins,6.5874316166,6.5874316166,CB,-1.4977783011,-0.9038815792
2559934,Justin Lawler,4.6119495939,4.5722382952,DE,0.7958274804,1.0716004434
2552259,Josh Shaw,14.1223852151,12.3462349289,CB,-9.0327318997,-8.4388351777
2507948,Frank Zombo,4.5303537897,4.9159388318,OLB,0.8472071799,1.1531962477
2532870,Melvin Ingram,6.2479021698,6.2479021698,DE,-0.8401250955,-0.5643521324
2537931,Josh Gordon,41.1131471635,40.9919818281,WR,-17.2512839112,-35.4295971261
2543739,Dontae Johnson,2.6170446775,2.9509988367,CB,2.472608638,3.0665053599
2543874,Andre Hal,15.4686020047,14.1320255439,FS,-4.8752397792,-9.7850519674
2558853,Mike Tyson,16.188339256,16.8725820902,CB,-11.0986859406,-10.5047892187
2555547,KeiVarae Russell,3.6101908225,3.9173259059,CB,1.4794624929,2.0733592149
2561383,Ben Niemann,6.9642283686,6.9642283686,LB,-1.5644678082,-1.2806783312
2561417,Charvarius Ward,7.6521630269,6.1654081358,CB,-2.5625097115,-1.9686129895
2558165,Tarell Basham,6.2356857589,5.0776057498,LB,-0.8359251985,-0.5521357215
2508007,Marcus Sherels,5.6859690715,5.6362628886,CB,-0.5963157561,-0.0024190341
2555168,Kentrell Brothers,6.818683195,6.818683195,MLB,-1.0688249609,-1.1351331576
2543608,Dexter McDougle,3.3454208481,3.9817358009,CB,1.7442324673,2.3381291893
2561022,Jack Cichy,2.7876876283,2.7876876283,LB,2.6120729321,2.8958624091
2555307,Devante Bond,5.8088754652,5.7936436415,OLB,-0.4313144957,-0.1253254278
2550767,C.J. Goodwin,5.3708245938,5.3708245938,CB,-0.2811712783,0.3127254436
2560764,Danny Johnson,4.5885015079,4.5885015079,DB,3.4380916556,1.0950485295
2560948,Trevon Young,5.3603457426,4.515540142,OLB,0.0172152269,0.3232042948
2558018,Solomon Thomas,5.6877219036,5.6877219036,DE,-0.2799448293,-0.0041718662
2559356,Dominique Hatfield,8.4696014291,8.4696014291,CB,-3.3799481137,-2.7860513918
2561001,Grant Haley,2.8136769384,3.6438055434,CB,2.275976377,2.869873099
2553719,Josh Keyes,7.1352813084,6.5916488942,OLB,-1.7577203389,-1.4517312711
2558241,Blair Brown,8.7547893828,8.7547893828,OLB,-3.3772284133,-3.0712393455
2560724,Kylie Fitts,5.569564606,5.277656408,LB,-0.1698040456,0.1139854314
2559287,Isaiah Irving,4.9346684826,4.9332368497,LB,0.4650920778,0.7488815548
2555546,Rashard Robinson,2.5556422972,4.0100762331,CB,2.5340110182,3.1279077402
2540176,William Gholston,5.0463584885,5.0463584885,DE,0.3614185858,0.6371915489
496780,Carlos Dunlap,4.3486361517,4.3486361517,DE,1.0591409227,1.3349138857
2556833,De'Vante Harris,4.3304875106,4.3304875106,CB,0.7591658048,1.3530625268
2495252,K.J. Wright,5.4167973652,6.0829235655,OLB,-0.0392363956,0.2667526722
2559293,Dymonte Thomas,17.4767674487,15.6349569756,DB,-9.4501742852,-11.7932174113
2532974,Kyle Wilber,5.862348017,5.1690392284,OLB,-0.4847870474,-0.1787979796
2560819,Nick Nelson,4.7584917255,4.6929974312,CB,0.33116159,0.9250583119
2560986,Jason Cabinda,7.1430093347,7.1430093347,LB,-1.7432487743,-1.4594592973
2556655,Tyvis Powell,3.8691649031,4.3816668856,DB,4.1574282604,1.8143851343
2559270,Robert Tonyan,1.2849030616,1.2849030616,TE,9.4271587047,4.3986469758
2560883,Equanimeous St. Brown,2.6462502,2.6462502,WR,21.2156130522,3.0372998373
2561207,Raven Greene,9.3127966009,8.993904985,FS,1.2805656247,-3.6292465635
2541192,Chris Banjo,14.1430979803,14.0113692775,SS,-4.4487202942,-8.4595479429
2535867,Julian Stanford,5.1826262059,5.1826262059,ILB,0.6328339727,0.5009238315
496961,Dekoda Watson,4.5517292648,4.5517292648,OLB,0.8258317048,1.1318207726
2561006,Marcell Harris,6.5601825855,8.0098201647,FS,4.0331796401,-0.8766325481
2531080,Ben Jacobs,6.4117516669,6.4117516669,OLB,-1.0341906974,-0.7282016295
2553499,Damiere Byrd,42.5979762626,42.5979762626,WR,-18.7361130104,-36.9144262253
2558066,Curtis Samuel,4.2824440998,4.2824440998,WR,19.5794191525,1.4011059376
2558833,Alex Armah,0.9247227454,0.9247227454,RB,15.5637013138,4.758827292
2555270,Carl Nassib,6.905422171,6.905422171,OLB,-1.5278612014,-1.2218721336
2553736,Denzel Rice,4.1384394997,4.4220425803,DB,3.8881536638,1.5451105377
2558289,Tanner Vallejo,5.5920961189,6.1037254287,LB,-0.1923355585,0.0914539185
2561278,Tavierre Thomas,4.8177417934,4.6025195093,CB,0.271911522,0.865808244
2561147,Cornell Armstrong,5.5212621943,5.0181838492,CB,-0.4316088789,0.162287843
2557872,Takkarist McKinley,6.9349877294,6.9349877294,DE,-1.5272106551,-1.2514376921
2495454,Julio Jones,28.0833898053,28.0833898053,WR,-4.221526553,-22.3998397679
2560976,Keishawn Bierria,4.9376547569,4.8509552765,LB,0.4621058035,0.7458952805
2555345,Su'a Cravens,4.3013162883,4.8653280441,DB,3.7252768753,1.3822337491
2543571,Bashaud Breeland,4.9807586208,5.2072539395,CB,0.1088946946,0.7027914166
2543650,Aaron Lynch,4.5981956473,4.5981956473,OLB,0.7793653223,1.0853543901
2533542,Josh Robinson,2.7334244952,2.7334244952,CB,2.3562288202,2.9501255422
2550257,Daniel Sorensen,12.5884195859,11.4803825291,SS,-2.8940418998,-6.9048695485
2560914,Levi Wallace,4.4831574375,4.6203382267,CB,0.606495878,1.2003925999
497320,Andre Roberts,44.0006357215,44.0006357215,WR,-20.1387724692,-38.3170856841
2540287,Rontez Miles,16.6087204544,15.3937644474,FS,-6.0153582288,-10.925170417
2555477,Charone Peake,3.1609250574,3.1609250574,WR,20.7009381949,2.52262498
2560738,Chris Herndon,0.976269845,0.976269845,TE,9.7357919213,4.7072801924
2541848,Deon Lacey,6.6747225059,7.3706258154,OLB,-1.2971615363,-0.9911724685
2556614,Cassanova McKinzy,5.7829766413,5.7829766413,LB,-0.3832160809,-0.0994266039
2553774,Cameron Lynch,4.761444176,4.761444176,OLB,0.6161167935,0.9221058614
2552313,Hayes Pullard,5.2058795692,6.0941643148,MLB,0.5439786649,0.4776704682
2560887,Chandon Sullivan,6.8599188752,6.6137016514,CB,-1.7702655598,-1.1763688378
2558274,Shalom Luani,5.1094283708,5.7968896412,FS,5.4839338548,0.5741216666
2561527,Mike Ford,6.3551230163,6.0152450172,CB,-1.2654697009,-0.6715729789
2530474,Mario Addison,5.8239242705,5.8239242705,DE,-0.4161471962,-0.1403742331
2558923,Riley Bullough,7.3729399461,7.491757325,LB,-1.9731793857,-1.6893899087
2540159,Kevin Minter,7.627755574,7.4357580417,MLB,-1.8778973399,-1.9442055366
2532878,Leonard Johnson,2.1802864084,2.5554738703,CB,2.909366907,3.503263629
2532790,Travis Benjamin,42.914736035,42.914736035,WR,-19.0528727827,-37.2311859976
2552654,Geremy Davis,0.9937280937,0.9937280937,WR,22.8681351586,4.6898219437
2553877,Nick Dzubnar,1.5229602264,1.5229602264,ILB,4.2924999522,4.1605898109
2555220,Derek Watt,1.6281863672,1.6281863672,FB,1.7944613416,4.0553636702
2558303,Jeff Richards,1.9371810711,1.9371810711,CB,3.1524722443,3.7463689663
2559169,Austin Ekeler,3.1521291701,3.1521291701,RB,13.3362948891,2.5314208673
2559197,Tre'Von Johnson,1.341694941,1.341694941,LB,4.0580656194,4.3418550964
2560756,Justin Jackson,2.4904879594,2.4904879594,RB,13.9979360997,3.193062078
2553790,DeVante Bausby,5.6883749236,5.6183777325,CB,-0.5987216082,-0.0048248862
2561003,Shaun Dion Hamilton,4.5828133429,5.2822582331,LB,0.8169472175,1.1007366944
2558189,Obi Melifonwu,2.7368586726,3.2253165752,DB,5.289734491,2.9466913648
2540170,David Amerson,6.0088287628,6.31554218,CB,-0.9191754474,-0.3252787254
2552418,Justin Hardy,38.4659456831,38.4659456831,WR,-14.6040824308,-32.7823956457
2559200,Joe Jones,6.8512130294,6.6458913722,LB,-1.451452469,-1.167662992
2532928,Eddie Pleasant,4.566093156,5.3151246977,SS,5.1282845301,1.1174568814
2552273,Markus Golden,7.4151707829,7.4151707829,OLB,-2.0376098134,-1.7316207455
2558097,Ukeme Eligwe,4.7335474696,4.7335474696,ILB,1.081912709,0.9500025678
2552427,Tony Lippett,5.55409021,4.9580712041,CB,-0.4644368946,0.1294598274
2560956,Marcus Allen,4.0460026575,4.0460026575,DB,3.980590506,1.6375473799
2560950,Ola Adeniyi,6.2977515634,6.1456099403,OLB,-0.9201905939,-0.614201526
2561644,Adonis Alexander,1.2519012109,1.2519012109,CB,3.8377521045,4.4316488265
2561042,Nick DeLuca,4.1662743618,4.1897592878,LB,1.2334861986,1.5172756756
2543717,Jeremiah Attaochu,2.7014318956,2.7014318956,OLB,2.6761290739,2.9821181418
2535964,Josh Bellamy,4.8980362293,4.8980362293,WR,18.963827023,0.7855138081
2541544,Benny Cunningham,2.5725711969,2.5725711969,RB,13.9158528622,3.1109788405
2553900,Daniel Brown,2.137575659,2.137575659,TE,8.5744861074,3.5459743784
2556478,Ben Braunecker,1.4776400821,1.4776400821,TE,9.2344216843,4.2059099553
2558250,Tarik Cohen,48.1219767078,48.1219767078,RB,-31.6335526487,-42.4384266705
2555545,Will Redmond,2.5282546165,2.5282546165,S,8.3051822971,3.1552954208
2561316,Jalen Davis,4.9669705242,4.4580869036,CB,0.1226827912,0.7165795132
2495184,Cameron Jordan,5.9205543573,5.9205543573,DE,-0.5127772829,-0.2370043199
2560762,Malik Jefferson,4.4297911533,4.4297911533,LB,0.9699694071,1.253758884
2558284,Pita Taumoepenu,5.2791686303,5.2791686303,LB,0.1205919301,0.4043814071
2495229,Kelvin Sheppard,5.8920995577,5.8920995577,MLB,-0.1422413237,-0.2085495204
496723,Eric Berry,14.334818287,12.1523718279,SS,-4.6404406009,-8.6512682496
2560743,Jeff Holland,5.2738383606,5.2738383606,LB,0.1259221998,0.4097116767
2556371,Brandon Williams,5.3983071884,5.7931019111,CB,-0.308653873,0.285242849
2561283,Zeke Turner,5.8391714418,5.8391714418,LB,-0.4394108814,-0.1556214045
2543503,Trent Murphy,7.97502484,7.97502484,DE,-2.5672477657,-2.2914748026
2561107,Corey Thompson,4.5683447478,5.2231863298,LB,0.8314158126,1.1152052896
2558858,Joshua Holsey,5.303533461,5.7250439832,CB,-0.2138801456,0.3800165764
2541135,Cody Davis,11.0817525026,12.2973795665,FS,-0.488390277,-5.3982024652
2495485,Robert Quinn,4.7387152856,4.7387152856,DE,0.6690617887,0.9448347517
2550365,Kenny Ladler,11.6124358806,11.7868672139,S,-0.778998967,-5.9288858432
2559037,Ahmad Thomas,7.1874158438,7.8508000942,ILB,-1.3719556652,-1.5038658065
2552317,Mike Hull,6.2150937353,6.3537224582,MLB,-0.4652355012,-0.5315436979
2558052,Kenny Golladay,32.5397247462,32.5397247462,WR,-8.6778614939,-26.8561747088
2540291,Kayvon Webster,4.1873730769,4.2589905702,CB,0.9022802385,1.4961769605
2560779,Arden Key,8.3034270649,8.3034270649,DE,-2.8956499906,-2.6198770275
2561585,Dallin Leavitt,7.4807695618,7.4807695618,DB,0.5458236018,-1.7972195244
2558819,Derrick Jones,3.9184381074,4.2839426941,CB,1.171215208,1.76511193
2560875,Andre Smith,6.6715594966,7.0276851884,LB,-1.2717989362,-0.9880094592
2550647,Kasim Edebali,5.8273214096,5.8273214096,OLB,-0.44976044,-0.1437713722
2561394,Jeremy Reaves,7.782400033,7.782400033,DB,0.2441931305,-2.0988499956
2506467,Darren Sproles,51.8253246715,51.8253246715,RB,-35.3369006123,-46.1417746341
2559141,B.J. Bello,1.3237695754,1.3237695754,MLB,4.4260886587,4.359780462
2561469,Darious Williams,8.2947661618,8.2947661618,CB,-3.2051128464,-2.6112161244
